Verifying alignment of nga_phone_base_3.0/build/outputs/apk/debug/nga_phone_base_3.0-debug.apk (4)...
      87 META-INF/com/android/build/gradle/app-metadata.properties (OK - compressed)
     180 classes.dex (OK)
17190952 classes10.dex (OK)
17296188 classes11.dex (OK)
17309296 classes12.dex (OK)
17319276 classes13.dex (OK)
17319820 classes14.dex (OK)
17353548 classes15.dex (OK)
17416284 classes16.dex (OK)
17419368 classes17.dex (OK)
18236048 classes18.dex (OK)
18287900 classes19.dex (OK)
18400972 classes2.dex (OK)
18425108 classes20.dex (OK)
18637864 classes21.dex (OK)
18698540 classes22.dex (OK)
18781520 classes23.dex (OK)
19026780 classes24.dex (OK)
19104772 classes25.dex (OK)
19205280 classes26.dex (OK)
19314336 classes27.dex (OK)
19382388 classes28.dex (OK)
19549044 classes29.dex (OK)
19835772 classes3.dex (OK)
19836852 classes30.dex (OK)
19948500 classes31.dex (OK)
19992580 classes32.dex (OK)
20014024 classes33.dex (OK)
31740456 classes34.dex (OK)
42492576 classes4.dex (OK)
42744128 classes5.dex (OK)
42792064 classes6.dex (OK)
42900532 classes7.dex (OK)
42906284 classes8.dex (OK)
42925520 classes9.dex (OK)
42942464 lib/arm64-v8a/libBugly_Native.so (OK)
43139072 lib/arm64-v8a/libandroidx.graphics.path.so (OK)
43155456 lib/arm64-v8a/libumeng-spy.so (OK)
43553976 assets/LICENSE.TXT (OK - compressed)
43561730 assets/OSLICENSE.TXT (OK - compressed)
43562652 assets/a2/a2_01.png (OK)
43570004 assets/a2/a2_02.png (OK)
43576820 assets/a2/a2_03.png (OK)
43583548 assets/a2/a2_04.png (OK)
43590280 assets/a2/a2_05.png (OK)
43597504 assets/a2/a2_07.png (OK)
43604268 assets/a2/a2_08.png (OK)
43611932 assets/a2/a2_09.png (OK)
43618924 assets/a2/a2_10.png (OK)
43626616 assets/a2/a2_11.png (OK)
43633844 assets/a2/a2_12.png (OK)
43641248 assets/a2/a2_13.png (OK)
43648708 assets/a2/a2_14.png (OK)
43655628 assets/a2/a2_15.png (OK)
43663624 assets/a2/a2_16.png (OK)
43670492 assets/a2/a2_17.png (OK)
43677476 assets/a2/a2_18.png (OK)
43685148 assets/a2/a2_19.png (OK)
43692120 assets/a2/a2_20.png (OK)
43698904 assets/a2/a2_21.png (OK)
43704716 assets/a2/a2_22.png (OK)
43711552 assets/a2/a2_23.png (OK)
43718400 assets/a2/a2_24.png (OK)
43725244 assets/a2/a2_25.png (OK)
43732172 assets/a2/a2_26.png (OK)
43740080 assets/a2/a2_27.png (OK)
43747312 assets/a2/a2_28.png (OK)
43754104 assets/a2/a2_30.png (OK)
43760676 assets/a2/a2_31.png (OK)
43767240 assets/a2/a2_32.png (OK)
43774368 assets/a2/a2_33.png (OK)
43781260 assets/a2/a2_36.png (OK)
43788560 assets/a2/a2_37.png (OK)
43796892 assets/a2/a2_38.png (OK)
43804812 assets/a2/a2_39.png (OK)
43812524 assets/a2/a2_40.png (OK)
43820256 assets/a2/a2_41.png (OK)
43826936 assets/a2/a2_42.png (OK)
43834176 assets/a2/a2_45.png (OK)
43841732 assets/a2/a2_47.png (OK)
43848600 assets/a2/a2_48.png (OK)
43854784 assets/a2/a2_49.png (OK)
43861992 assets/a2/a2_51.png (OK)
43869152 assets/a2/a2_52.png (OK)
43875520 assets/a2/a2_53.png (OK)
43882232 assets/a2/a2_54.png (OK)
43889676 assets/a2/a2_55.png (OK)
43896928 assets/ac/ac0.png (OK)
43915240 assets/ac/ac1.png (OK)
43932640 assets/ac/ac10.png (OK)
43945248 assets/ac/ac11.png (OK)
43964032 assets/ac/ac12.png (OK)
43973864 assets/ac/ac13.png (OK)
43983480 assets/ac/ac14.png (OK)
43994020 assets/ac/ac15.png (OK)
44010768 assets/ac/ac16.png (OK)
44020312 assets/ac/ac17.png (OK)
44027972 assets/ac/ac18.png (OK)
44040628 assets/ac/ac19.png (OK)
44050364 assets/ac/ac2.png (OK)
44057392 assets/ac/ac20.png (OK)
44066624 assets/ac/ac21.png (OK)
44077828 assets/ac/ac22.png (OK)
44085808 assets/ac/ac23.png (OK)
44095588 assets/ac/ac24.png (OK)
44107188 assets/ac/ac25.png (OK)
44124620 assets/ac/ac26.png (OK)
44134624 assets/ac/ac27.png (OK)
44145236 assets/ac/ac28.png (OK)
44158120 assets/ac/ac29.png (OK)
44167904 assets/ac/ac3.png (OK)
44185000 assets/ac/ac30.png (OK)
44194484 assets/ac/ac31.png (OK)
44210636 assets/ac/ac32.png (OK)
44219728 assets/ac/ac33.png (OK)
44234348 assets/ac/ac34.png (OK)
44249400 assets/ac/ac35.png (OK)
44259544 assets/ac/ac36.png (OK)
44269528 assets/ac/ac37.png (OK)
44284960 assets/ac/ac38.png (OK)
44297180 assets/ac/ac39.png (OK)
44317684 assets/ac/ac4.png (OK)
44329932 assets/ac/ac40.png (OK)
44340656 assets/ac/ac41.png (OK)
44360136 assets/ac/ac42.png (OK)
44371008 assets/ac/ac43.png (OK)
44379496 assets/ac/ac44.png (OK)
44386732 assets/ac/ac5.png (OK)
44398120 assets/ac/ac6.png (OK)
44408988 assets/ac/ac7.png (OK)
44418504 assets/ac/ac8.png (OK)
44440148 assets/ac/ac9.png (OK)
44449545 assets/board_list.json (OK - compressed)
44456564 assets/default_avatar.png (OK)
44491728 assets/dt/dt01.png (OK)
44496420 assets/dt/dt02.png (OK)
44504952 assets/dt/dt03.png (OK)
44509144 assets/dt/dt04.png (OK)
44513720 assets/dt/dt05.png (OK)
44518184 assets/dt/dt06.png (OK)
44522748 assets/dt/dt07.png (OK)
44527108 assets/dt/dt08.png (OK)
44531528 assets/dt/dt09.png (OK)
44535820 assets/dt/dt10.png (OK)
44540468 assets/dt/dt11.png (OK)
44544948 assets/dt/dt12.png (OK)
44549244 assets/dt/dt13.png (OK)
44553656 assets/dt/dt14.png (OK)
44558116 assets/dt/dt15.png (OK)
44562516 assets/dt/dt16.png (OK)
44566936 assets/dt/dt17.png (OK)
44571116 assets/dt/dt18.png (OK)
44575432 assets/dt/dt19.png (OK)
44579792 assets/dt/dt20.png (OK)
44584336 assets/dt/dt21.png (OK)
44588804 assets/dt/dt22.png (OK)
44593136 assets/dt/dt23.png (OK)
44597448 assets/dt/dt24.png (OK)
44602068 assets/dt/dt25.png (OK)
44606460 assets/dt/dt26.png (OK)
44610712 assets/dt/dt27.png (OK)
44614800 assets/dt/dt28.png (OK)
44620196 assets/dt/dt29.png (OK)
44624592 assets/dt/dt30.png (OK)
44628808 assets/dt/dt31.png (OK)
44633112 assets/dt/dt32.png (OK)
44637292 assets/dt/dt33.png (OK)
44642649 assets/easygo.json (OK - compressed)
44643056 assets/flash.png (OK)
44650818 assets/html/adjust_size.html (OK - compressed)
44651102 assets/html/html_comment_template.html (OK - compressed)
44651355 assets/html/html_template.html (OK - compressed)
44651612 assets/html/script.js (OK - compressed)
44652013 assets/html/style.css (OK - compressed)
44652370 assets/html/style_dark.css (OK - compressed)
44652519 assets/html/style_light.css (OK - compressed)
44652632 assets/ic_offline_image.png (OK)
44656008 assets/ng/ng_1.png (OK)
44657888 assets/ng/ng_10.png (OK)
44659848 assets/ng/ng_11.png (OK)
44662368 assets/ng/ng_12.png (OK)
44664560 assets/ng/ng_13.png (OK)
44667240 assets/ng/ng_14.png (OK)
44669684 assets/ng/ng_15.png (OK)
44672000 assets/ng/ng_16.png (OK)
44674340 assets/ng/ng_17.png (OK)
44677148 assets/ng/ng_18.png (OK)
44679908 assets/ng/ng_19.png (OK)
44682580 assets/ng/ng_2.png (OK)
44684444 assets/ng/ng_20.png (OK)
44687024 assets/ng/ng_21.png (OK)
44689808 assets/ng/ng_22.png (OK)
44692580 assets/ng/ng_23.png (OK)
44694836 assets/ng/ng_24.png (OK)
44697412 assets/ng/ng_25.png (OK)
44700424 assets/ng/ng_26.png (OK)
44703136 assets/ng/ng_27.png (OK)
44704656 assets/ng/ng_28.png (OK)
44707204 assets/ng/ng_29.png (OK)
44709920 assets/ng/ng_3.png (OK)
44711800 assets/ng/ng_30.png (OK)
44714720 assets/ng/ng_31.png (OK)
44717212 assets/ng/ng_32.png (OK)
44719828 assets/ng/ng_33.png (OK)
44722348 assets/ng/ng_34.png (OK)
44724680 assets/ng/ng_35.png (OK)
44727284 assets/ng/ng_36.png (OK)
44729808 assets/ng/ng_37.png (OK)
44732244 assets/ng/ng_38.png (OK)
44733544 assets/ng/ng_4.png (OK)
44735572 assets/ng/ng_5.png (OK)
44737572 assets/ng/ng_6.png (OK)
44739368 assets/ng/ng_7.png (OK)
44741380 assets/ng/ng_8.png (OK)
44743668 assets/ng/ng_9.png (OK)
44745888 assets/pg/pg01.png (OK)
44757468 assets/pg/pg02.png (OK)
44767488 assets/pg/pg03.png (OK)
44784044 assets/pg/pg04.png (OK)
44797560 assets/pg/pg05.png (OK)
44808828 assets/pg/pg06.png (OK)
44820568 assets/pg/pg07.png (OK)
44831516 assets/pg/pg08.png (OK)
44841580 assets/pg/pg09.png (OK)
44852968 assets/pg/pg10.png (OK)
44864688 assets/pg/pg11.png (OK)
44877192 assets/pg/pg12.png (OK)
44889960 assets/pg/pg13.png (OK)
44901292 assets/pg/pg14.png (OK)
44913768 assets/pg/pg15.png (OK)
44923992 assets/pst/pt00.png (OK)
44925872 assets/pst/pt01.png (OK)
44927672 assets/pst/pt02.png (OK)
44929588 assets/pst/pt03.png (OK)
44931612 assets/pst/pt04.png (OK)
44933440 assets/pst/pt05.png (OK)
44935432 assets/pst/pt06.png (OK)
44937304 assets/pst/pt07.png (OK)
44939292 assets/pst/pt08.png (OK)
44941152 assets/pst/pt09.png (OK)
44942932 assets/pst/pt10.png (OK)
44944780 assets/pst/pt11.png (OK)
44946560 assets/pst/pt12.png (OK)
44948520 assets/pst/pt13.png (OK)
44950528 assets/pst/pt14.png (OK)
44952364 assets/pst/pt15.png (OK)
44954320 assets/pst/pt16.png (OK)
44955888 assets/pst/pt17.png (OK)
44957712 assets/pst/pt18.png (OK)
44959776 assets/pst/pt19.png (OK)
44961804 assets/pst/pt20.png (OK)
44963784 assets/pst/pt21.png (OK)
44965712 assets/pst/pt22.png (OK)
44967584 assets/pst/pt23.png (OK)
44969324 assets/pst/pt24.png (OK)
44971076 assets/pst/pt25.png (OK)
44972888 assets/pst/pt26.png (OK)
44974360 assets/pst/pt27.png (OK)
44976212 assets/pst/pt28.png (OK)
44978384 assets/pst/pt29.png (OK)
44980404 assets/pst/pt30.png (OK)
44982232 assets/pst/pt31.png (OK)
44984004 assets/pst/pt32.png (OK)
44985952 assets/pst/pt33.png (OK)
44987844 assets/pst/pt34.png (OK)
44989804 assets/pst/pt35.png (OK)
44991548 assets/pst/pt36.png (OK)
44993592 assets/pst/pt37.png (OK)
44995124 assets/pst/pt38.png (OK)
44997032 assets/pst/pt39.png (OK)
44998920 assets/pst/pt40.png (OK)
45000668 assets/pst/pt41.png (OK)
45002416 assets/pst/pt42.png (OK)
45004172 assets/pst/pt43.png (OK)
45006272 assets/pst/pt44.png (OK)
45008264 assets/pst/pt45.png (OK)
45010244 assets/pst/pt46.png (OK)
45012304 assets/pst/pt47.png (OK)
45014168 assets/pst/pt48.png (OK)
45015984 assets/pst/pt49.png (OK)
45017856 assets/pst/pt50.png (OK)
45019644 assets/pst/pt51.png (OK)
45021624 assets/pst/pt52.png (OK)
45023472 assets/pst/pt53.png (OK)
45024880 assets/pst/pt54.png (OK)
45027056 assets/pst/pt55.png (OK)
45029092 assets/pst/pt56.png (OK)
45031088 assets/pst/pt57.png (OK)
45033216 assets/pst/pt58.png (OK)
45035032 assets/pst/pt59.png (OK)
45036888 assets/pst/pt60.png (OK)
45038748 assets/pst/pt61.png (OK)
45040632 assets/pst/pt62.png (OK)
45042532 assets/pst/pt63.png (OK)
45044256 assets/pst/pt64.png (OK)
45046015 assets/vote/vote.css (OK - compressed)
45046263 assets/vote/vote.js (OK - compressed)
45048564 assets/xiongmao/-1324875_50d8593397258.jpg (OK)
45058220 assets/xiongmao/-447601_4f2d1e80ab343.jpg (OK)
45068380 assets/xiongmao/-47218_5045aeafd7372.jpg (OK)
45079140 assets/xiongmao/-47218_505017a342b27.jpg (OK)
45088064 assets/xiongmao/-47218_505017a6ec30d.jpg (OK)
45097756 assets/xiongmao/-47218_505017ad66045.jpg (OK)
45108468 assets/xiongmao/-47218_505017b09a8c3.jpg (OK)
45116496 assets/xiongmao/-47218_505017b484549.jpg (OK)
45126428 assets/xiongmao/-47218_505017ef537ea.jpg (OK)
45135840 assets/xiongmao/-47218_505017f2f26a0.jpg (OK)
45143928 assets/xiongmao/-47218_505017f5b84d6.jpg (OK)
45153604 assets/xiongmao/-47218_505017f85b1b1.jpg (OK)
45167256 assets/xiongmao/-47218_505017fb0e250.jpg (OK)
45177756 assets/xiongmao/-47218_50515376c354c.jpg (OK)
45191340 assets/xiongmao/-47218_50515379d93e2.jpg (OK)
45200160 assets/xiongmao/-47218_5051537c6f0a7.jpg (OK)
45210088 assets/xiongmao/-47218_5053040c1ff51.gif (OK)
45232424 assets/xiongmao/-7_501659f095f86.jpg (OK)
45242592 assets/xiongmao/-7_501659f46c92c.jpg (OK)
45251432 assets/xiongmao/-7_501659f74f065.jpg (OK)
45261664 assets/xiongmao/-7_501659fb92e28.jpg (OK)
45275048 assets/xiongmao/-7_501659fef2d35.jpg (OK)
45284148 assets/xiongmao/-7_50165a095609b.jpg (OK)
45295288 assets/xiongmao/-7_50165a0c8f964.jpg (OK)
45304416 assets/xiongmao/-7_5016817445bdb.jpg (OK)
45313696 assets/xiongmao/-7_5016817c3f714.jpg (OK)
45322980 assets/xiongmao/-7_501681825a85d.jpg (OK)
45333568 assets/xiongmao/-7_501681873b6a9.jpg (OK)
45342468 assets/xiongmao/-7_5016818c54525.jpg (OK)
45352300 assets/xiongmao/-7_50168192b5000.jpg (OK)
45363284 assets/xiongmao/-7_5016819980fbc.jpg (OK)
45373004 assets/xiongmao/-7_5016819dcc612.jpg (OK)
45383428 assets/xiongmao/-7_501681a579a75.jpg (OK)
45394560 assets/xiongmao/-7_501681aa5d92a.jpg (OK)
45405540 assets/xiongmao/-7_501686cde01cb.jpg (OK)
45414896 assets/xiongmao/-7_5016ae12ae284.jpg (OK)
45426404 assets/xiongmao/-7_5016ae1989baf.jpg (OK)
45437152 assets/xiongmao/-7_505097122174c.png (OK)
45456000 assets/xiongmao/-7_5050972e61c94.jpg (OK)
45465960 assets/xiongmao/-7_50509738ceb3c.jpg (OK)
45475668 assets/xiongmao/-7_50509743b31a9.png (OK)
45494344 assets/xiongmao/-7_5050974c1df08.jpg (OK)
45502636 assets/xiongmao/-7_5118d1cacbf75.jpg (OK)
45513228 assets/xiongmao/1205c1a4d4d2b19cc145c129cc97e126.jpg (OK)
45522392 assets/xiongmao/159086d6643b2dd47809ae5311321e48.jpg (OK)
45531844 assets/xiongmao/1b82eab2748c69a301d176be0ab1d6d7.jpg (OK)
45540860 assets/xiongmao/2acb155e2a5b9422a94186316b1aef60.jpg (OK)
45550328 assets/xiongmao/3eecc7a0783180ad493869564f7dbcff.jpg (OK)
45559804 assets/xiongmao/64e25c177c3a3761f715a3893588a093.jpg (OK)
45568700 assets/xiongmao/6531e88e4f1209a5b404cc0f4507fc37.jpg (OK)
45577328 assets/xiongmao/837b686eee1d1338fb9a1012e00cab80.jpg (OK)
45590568 assets/xiongmao/9f097ebcdede8616e69b8966328cf52a.jpg (OK)
45600096 assets/xiongmao/f0bc17b405346eb419e15d9a4078cc1a.jpg (OK)
45609572 assets/xiongmao/f523d833d988bd687d9205c8462cd69a.jpg (OK)
45618683 AndroidManifest.xml (OK - compressed)
45622438 res/anim-v21/design_bottom_sheet_slide_in.xml (OK - compressed)
45622813 res/anim-v21/design_bottom_sheet_slide_out.xml (OK - compressed)
45623189 res/anim-v21/fragment_fast_out_extra_slow_in.xml (OK - compressed)
45623478 res/anim-v21/m3_bottom_sheet_slide_in.xml (OK - compressed)
45623850 res/anim-v21/m3_bottom_sheet_slide_out.xml (OK - compressed)
45624233 res/anim-v21/m3_side_sheet_enter_from_left.xml (OK - compressed)
45624556 res/anim-v21/m3_side_sheet_enter_from_right.xml (OK - compressed)
45624875 res/anim-v21/m3_side_sheet_exit_to_left.xml (OK - compressed)
45625194 res/anim-v21/m3_side_sheet_exit_to_right.xml (OK - compressed)
45625512 res/anim-v21/mtrl_bottom_sheet_slide_in.xml (OK - compressed)
45625885 res/anim-v21/mtrl_bottom_sheet_slide_out.xml (OK - compressed)
45626235 res/anim/abc_fade_in.xml (OK - compressed)
45626506 res/anim/abc_fade_out.xml (OK - compressed)
45626795 res/anim/abc_grow_fade_in_from_bottom.xml (OK - compressed)
45627229 res/anim/abc_popup_enter.xml (OK - compressed)
45627544 res/anim/abc_popup_exit.xml (OK - compressed)
45627877 res/anim/abc_shrink_fade_out_from_bottom.xml (OK - compressed)
45628316 res/anim/abc_slide_in_bottom.xml (OK - compressed)
45628603 res/anim/abc_slide_in_top.xml (OK - compressed)
45628895 res/anim/abc_slide_out_bottom.xml (OK - compressed)
45629182 res/anim/abc_slide_out_top.xml (OK - compressed)
45629470 res/anim/abc_tooltip_enter.xml (OK - compressed)
45629747 res/anim/abc_tooltip_exit.xml (OK - compressed)
45630057 res/anim/btn_checkbox_to_checked_box_inner_merged_animation.xml (OK - compressed)
45630791 res/anim/btn_checkbox_to_checked_box_outer_merged_animation.xml (OK - compressed)
45631619 res/anim/btn_checkbox_to_checked_icon_null_animation.xml (OK - compressed)
45632111 res/anim/btn_checkbox_to_unchecked_box_inner_merged_animation.xml (OK - compressed)
45632867 res/anim/btn_checkbox_to_unchecked_check_path_merged_animation.xml (OK - compressed)
45633686 res/anim/btn_checkbox_to_unchecked_icon_null_animation.xml (OK - compressed)
45634167 res/anim/btn_radio_to_off_mtrl_dot_group_animation.xml (OK - compressed)
45634682 res/anim/btn_radio_to_off_mtrl_ring_outer_animation.xml (OK - compressed)
45635205 res/anim/btn_radio_to_off_mtrl_ring_outer_path_animation.xml (OK - compressed)
45635661 res/anim/btn_radio_to_on_mtrl_dot_group_animation.xml (OK - compressed)
45636166 res/anim/btn_radio_to_on_mtrl_ring_outer_animation.xml (OK - compressed)
45636683 res/anim/btn_radio_to_on_mtrl_ring_outer_path_animation.xml (OK - compressed)
45637124 res/anim/design_snackbar_in.xml (OK - compressed)
45637366 res/anim/design_snackbar_out.xml (OK - compressed)
45637631 res/anim/linear_indeterminate_line1_head_interpolator.xml (OK - compressed)
45637932 res/anim/linear_indeterminate_line1_tail_interpolator.xml (OK - compressed)
45638230 res/anim/linear_indeterminate_line2_head_interpolator.xml (OK - compressed)
45638524 res/anim/linear_indeterminate_line2_tail_interpolator.xml (OK - compressed)
45638803 res/anim/m3_motion_fade_enter.xml (OK - compressed)
45639239 res/anim/m3_motion_fade_exit.xml (OK - compressed)
45639573 res/anim/mtrl_card_lowers_interpolator.xml (OK - compressed)
45639840 res/anim/right_in.xml (OK - compressed)
45640169 res/anim/right_out.xml (OK - compressed)
45640528 res/animator-v21/design_appbar_state_list_animator.xml (OK - compressed)
45641052 res/animator-v21/m3_appbar_state_list_animator.xml (OK - compressed)
45641563 res/animator/design_fab_hide_motion_spec.xml (OK - compressed)
45641967 res/animator/design_fab_show_motion_spec.xml (OK - compressed)
45642361 res/animator/fragment_close_enter.xml (OK - compressed)
45642822 res/animator/fragment_close_exit.xml (OK - compressed)
45643283 res/animator/fragment_fade_enter.xml (OK - compressed)
45643613 res/animator/fragment_fade_exit.xml (OK - compressed)
45643944 res/animator/fragment_open_enter.xml (OK - compressed)
45644398 res/animator/fragment_open_exit.xml (OK - compressed)
45644872 res/animator/m3_btn_elevated_btn_state_list_anim.xml (OK - compressed)
45645461 res/animator/m3_btn_state_list_anim.xml (OK - compressed)
45646060 res/animator/m3_card_elevated_state_list_anim.xml (OK - compressed)
45646666 res/animator/m3_card_state_list_anim.xml (OK - compressed)
45647264 res/animator/m3_chip_state_list_anim.xml (OK - compressed)
45647761 res/animator/m3_elevated_chip_state_list_anim.xml (OK - compressed)
45648252 res/animator/m3_extended_fab_change_size_collapse_motion_spec.xml (OK - compressed)
45648727 res/animator/m3_extended_fab_change_size_expand_motion_spec.xml (OK - compressed)
45649188 res/animator/m3_extended_fab_hide_motion_spec.xml (OK - compressed)
45649629 res/animator/m3_extended_fab_show_motion_spec.xml (OK - compressed)
45650067 res/animator/m3_extended_fab_state_list_animator.xml (OK - compressed)
45650757 res/animator/mtrl_btn_state_list_anim.xml (OK - compressed)
45651446 res/animator/mtrl_btn_unelevated_state_list_anim.xml (OK - compressed)
45651584 res/animator/mtrl_card_state_list_anim.xml (OK - compressed)
45652142 res/animator/mtrl_chip_state_list_anim.xml (OK - compressed)
45652631 res/animator/mtrl_extended_fab_change_size_collapse_motion_spec.xml (OK - compressed)
45653105 res/animator/mtrl_extended_fab_change_size_expand_motion_spec.xml (OK - compressed)
45653565 res/animator/mtrl_extended_fab_hide_motion_spec.xml (OK - compressed)
45653968 res/animator/mtrl_extended_fab_show_motion_spec.xml (OK - compressed)
45654413 res/animator/mtrl_extended_fab_state_list_animator.xml (OK - compressed)
45655100 res/animator/mtrl_fab_hide_motion_spec.xml (OK - compressed)
45655505 res/animator/mtrl_fab_show_motion_spec.xml (OK - compressed)
45655933 res/animator/mtrl_fab_transformation_sheet_collapse_spec.xml (OK - compressed)
45656533 res/animator/mtrl_fab_transformation_sheet_expand_spec.xml (OK - compressed)
45657129 res/color-night-v8/material_timepicker_button_stroke.xml (OK - compressed)
45657421 res/color-night-v8/material_timepicker_clockface.xml (OK - compressed)
45657718 res/color-night-v8/material_timepicker_modebutton_tint.xml (OK - compressed)
45657986 res/color-v23/abc_btn_colored_borderless_text_material.xml (OK - compressed)
45658306 res/color-v23/abc_btn_colored_text_material.xml (OK - compressed)
45658624 res/color-v23/abc_color_highlight_material.xml (OK - compressed)
45658951 res/color-v23/abc_tint_btn_checkable.xml (OK - compressed)
45659290 res/color-v23/abc_tint_default.xml (OK - compressed)
45659726 res/color-v23/abc_tint_edittext.xml (OK - compressed)
45660078 res/color-v23/abc_tint_seek_thumb.xml (OK - compressed)
45660384 res/color-v23/abc_tint_spinner.xml (OK - compressed)
45660738 res/color-v23/abc_tint_switch_track.xml (OK - compressed)
45661111 res/color-v31/m3_dynamic_dark_default_color_primary_text.xml (OK - compressed)
45661445 res/color-v31/m3_dynamic_dark_default_color_secondary_text.xml (OK - compressed)
45661770 res/color-v31/m3_dynamic_dark_highlighted_text.xml (OK - compressed)
45662053 res/color-v31/m3_dynamic_dark_hint_foreground.xml (OK - compressed)
45662403 res/color-v31/m3_dynamic_dark_primary_text_disable_only.xml (OK - compressed)
45662730 res/color-v31/m3_dynamic_default_color_primary_text.xml (OK - compressed)
45663059 res/color-v31/m3_dynamic_default_color_secondary_text.xml (OK - compressed)
45663379 res/color-v31/m3_dynamic_highlighted_text.xml (OK - compressed)
45663657 res/color-v31/m3_dynamic_hint_foreground.xml (OK - compressed)
45664003 res/color-v31/m3_dynamic_primary_text_disable_only.xml (OK - compressed)
45664326 res/color-v31/m3_ref_palette_dynamic_neutral12.xml (OK - compressed)
45664607 res/color-v31/m3_ref_palette_dynamic_neutral17.xml (OK - compressed)
45664888 res/color-v31/m3_ref_palette_dynamic_neutral22.xml (OK - compressed)
45665170 res/color-v31/m3_ref_palette_dynamic_neutral24.xml (OK - compressed)
45665451 res/color-v31/m3_ref_palette_dynamic_neutral4.xml (OK - compressed)
45665730 res/color-v31/m3_ref_palette_dynamic_neutral6.xml (OK - compressed)
45666012 res/color-v31/m3_ref_palette_dynamic_neutral87.xml (OK - compressed)
45666294 res/color-v31/m3_ref_palette_dynamic_neutral92.xml (OK - compressed)
45666576 res/color-v31/m3_ref_palette_dynamic_neutral94.xml (OK - compressed)
45666858 res/color-v31/m3_ref_palette_dynamic_neutral96.xml (OK - compressed)
45667140 res/color-v31/m3_ref_palette_dynamic_neutral98.xml (OK - compressed)
45667430 res/color-v31/m3_ref_palette_dynamic_neutral_variant12.xml (OK - compressed)
45667719 res/color-v31/m3_ref_palette_dynamic_neutral_variant17.xml (OK - compressed)
45668008 res/color-v31/m3_ref_palette_dynamic_neutral_variant22.xml (OK - compressed)
45668297 res/color-v31/m3_ref_palette_dynamic_neutral_variant24.xml (OK - compressed)
45668586 res/color-v31/m3_ref_palette_dynamic_neutral_variant4.xml (OK - compressed)
45668873 res/color-v31/m3_ref_palette_dynamic_neutral_variant6.xml (OK - compressed)
45669163 res/color-v31/m3_ref_palette_dynamic_neutral_variant87.xml (OK - compressed)
45669452 res/color-v31/m3_ref_palette_dynamic_neutral_variant92.xml (OK - compressed)
45669742 res/color-v31/m3_ref_palette_dynamic_neutral_variant94.xml (OK - compressed)
45670032 res/color-v31/m3_ref_palette_dynamic_neutral_variant96.xml (OK - compressed)
45670322 res/color-v31/m3_ref_palette_dynamic_neutral_variant98.xml (OK - compressed)
45670616 res/color/abc_background_cache_hint_selector_material_dark.xml (OK - compressed)
45670940 res/color/abc_background_cache_hint_selector_material_light.xml (OK - compressed)
45671247 res/color/abc_hint_foreground_material_dark.xml (OK - compressed)
45671584 res/color/abc_hint_foreground_material_light.xml (OK - compressed)
45671931 res/color/abc_primary_text_disable_only_material_dark.xml (OK - compressed)
45672247 res/color/abc_primary_text_disable_only_material_light.xml (OK - compressed)
45672550 res/color/abc_primary_text_material_dark.xml (OK - compressed)
45672853 res/color/abc_primary_text_material_light.xml (OK - compressed)
45673144 res/color/abc_search_url_text.xml (OK - compressed)
45673470 res/color/abc_secondary_text_material_dark.xml (OK - compressed)
45673776 res/color/abc_secondary_text_material_light.xml (OK - compressed)
45674072 res/color/design_box_stroke_color.xml (OK - compressed)
45674411 res/color/design_error.xml (OK - compressed)
45674702 res/color/design_icon_tint.xml (OK - compressed)
45674973 res/color/drawer_text_selector.xml (OK - compressed)
45675272 res/color/m3_appbar_overlay_color.xml (OK - compressed)
45675551 res/color/m3_assist_chip_icon_tint_color.xml (OK - compressed)
45675865 res/color/m3_assist_chip_stroke_color.xml (OK - compressed)
45676273 res/color/m3_bottom_sheet_drag_handle_color.xml (OK - compressed)
45676530 res/color/m3_button_background_color_selector.xml (OK - compressed)
45676852 res/color/m3_button_foreground_color_selector.xml (OK - compressed)
45677171 res/color/m3_button_outline_color_selector.xml (OK - compressed)
45677486 res/color/m3_button_ripple_color.xml (OK - compressed)
45677866 res/color/m3_button_ripple_color_selector.xml (OK - compressed)
45678245 res/color/m3_calendar_item_disabled_text.xml (OK - compressed)
45678527 res/color/m3_calendar_item_stroke_color.xml (OK - compressed)
45678876 res/color/m3_card_foreground_color.xml (OK - compressed)
45679255 res/color/m3_card_ripple_color.xml (OK - compressed)
45679724 res/color/m3_card_stroke_color.xml (OK - compressed)
45680207 res/color/m3_checkbox_button_icon_tint.xml (OK - compressed)
45680620 res/color/m3_checkbox_button_tint.xml (OK - compressed)
45681057 res/color/m3_chip_assist_text_color.xml (OK - compressed)
45681365 res/color/m3_chip_background_color.xml (OK - compressed)
45681707 res/color/m3_chip_ripple_color.xml (OK - compressed)
45682183 res/color/m3_chip_stroke_color.xml (OK - compressed)
45682577 res/color/m3_chip_text_color.xml (OK - compressed)
45682930 res/color/m3_dark_default_color_primary_text.xml (OK - compressed)
45683252 res/color/m3_dark_default_color_secondary_text.xml (OK - compressed)
45683565 res/color/m3_dark_highlighted_text.xml (OK - compressed)
45683835 res/color/m3_dark_hint_foreground.xml (OK - compressed)
45684173 res/color/m3_dark_primary_text_disable_only.xml (OK - compressed)
45684488 res/color/m3_default_color_primary_text.xml (OK - compressed)
45684803 res/color/m3_default_color_secondary_text.xml (OK - compressed)
45685118 res/color/m3_efab_ripple_color_selector.xml (OK - compressed)
45685499 res/color/m3_elevated_chip_background_color.xml (OK - compressed)
45685882 res/color/m3_fab_efab_background_color_selector.xml (OK - compressed)
45686206 res/color/m3_fab_efab_foreground_color_selector.xml (OK - compressed)
45686521 res/color/m3_fab_ripple_color_selector.xml (OK - compressed)
45686915 res/color/m3_filled_icon_button_container_color_selector.xml (OK - compressed)
45687271 res/color/m3_highlighted_text.xml (OK - compressed)
45687534 res/color/m3_hint_foreground.xml (OK - compressed)
45687874 res/color/m3_icon_button_icon_color_selector.xml (OK - compressed)
45688258 res/color/m3_navigation_bar_item_with_indicator_icon_tint.xml (OK - compressed)
45688692 res/color/m3_navigation_bar_item_with_indicator_label_tint.xml (OK - compressed)
45689111 res/color/m3_navigation_bar_ripple_color_selector.xml (OK - compressed)
45689551 res/color/m3_navigation_item_background_color.xml (OK - compressed)
45689877 res/color/m3_navigation_item_icon_tint.xml (OK - compressed)
45690338 res/color/m3_navigation_item_ripple_color.xml (OK - compressed)
45690790 res/color/m3_navigation_item_text_color.xml (OK - compressed)
45691268 res/color/m3_navigation_rail_item_with_indicator_icon_tint.xml (OK - compressed)
45691590 res/color/m3_navigation_rail_item_with_indicator_label_tint.xml (OK - compressed)
45691902 res/color/m3_navigation_rail_ripple_color_selector.xml (OK - compressed)
45692333 res/color/m3_popupmenu_overlay_color.xml (OK - compressed)
45692610 res/color/m3_primary_text_disable_only.xml (OK - compressed)
45692922 res/color/m3_radiobutton_button_tint.xml (OK - compressed)
45693395 res/color/m3_radiobutton_ripple_tint.xml (OK - compressed)
45693858 res/color/m3_selection_control_ripple_color_selector.xml (OK - compressed)
45694306 res/color/m3_simple_item_ripple_color.xml (OK - compressed)
45694677 res/color/m3_slider_active_track_color.xml (OK - compressed)
45694999 res/color/m3_slider_active_track_color_legacy.xml (OK - compressed)
45695318 res/color/m3_slider_halo_color_legacy.xml (OK - compressed)
45695642 res/color/m3_slider_inactive_track_color.xml (OK - compressed)
45695966 res/color/m3_slider_inactive_track_color_legacy.xml (OK - compressed)
45696279 res/color/m3_slider_thumb_color.xml (OK - compressed)
45696594 res/color/m3_slider_thumb_color_legacy.xml (OK - compressed)
45696907 res/color/m3_switch_thumb_tint.xml (OK - compressed)
45697226 res/color/m3_switch_track_tint.xml (OK - compressed)
45697561 res/color/m3_tabs_icon_color.xml (OK - compressed)
45697907 res/color/m3_tabs_icon_color_secondary.xml (OK - compressed)
45698244 res/color/m3_tabs_ripple_color.xml (OK - compressed)
45698695 res/color/m3_tabs_ripple_color_secondary.xml (OK - compressed)
45699130 res/color/m3_tabs_text_color.xml (OK - compressed)
45699476 res/color/m3_tabs_text_color_secondary.xml (OK - compressed)
45699833 res/color/m3_text_button_background_color_selector.xml (OK - compressed)
45700159 res/color/m3_text_button_foreground_color_selector.xml (OK - compressed)
45700546 res/color/m3_text_button_ripple_color_selector.xml (OK - compressed)
45701075 res/color/m3_textfield_filled_background_color.xml (OK - compressed)
45701395 res/color/m3_textfield_indicator_text_color.xml (OK - compressed)
45701806 res/color/m3_textfield_input_text_color.xml (OK - compressed)
45702177 res/color/m3_textfield_label_color.xml (OK - compressed)
45702522 res/color/m3_textfield_stroke_color.xml (OK - compressed)
45702910 res/color/m3_timepicker_button_background_color.xml (OK - compressed)
45703231 res/color/m3_timepicker_button_ripple_color.xml (OK - compressed)
45703704 res/color/m3_timepicker_button_text_color.xml (OK - compressed)
45704080 res/color/m3_timepicker_clock_text_color.xml (OK - compressed)
45704391 res/color/m3_timepicker_display_background_color.xml (OK - compressed)
45704696 res/color/m3_timepicker_display_ripple_color.xml (OK - compressed)
45705147 res/color/m3_timepicker_display_text_color.xml (OK - compressed)
45705515 res/color/m3_timepicker_secondary_text_button_ripple_color.xml (OK - compressed)
45705909 res/color/m3_timepicker_secondary_text_button_text_color.xml (OK - compressed)
45706239 res/color/m3_timepicker_time_input_stroke_color.xml (OK - compressed)
45706550 res/color/m3_tonal_button_ripple_color_selector.xml (OK - compressed)
45706920 res/color/material_cursor_color.xml (OK - compressed)
45707165 res/color/material_divider_color.xml (OK - compressed)
45707449 res/color/material_on_background_disabled.xml (OK - compressed)
45707741 res/color/material_on_background_emphasis_high_type.xml (OK - compressed)
45708030 res/color/material_on_background_emphasis_medium.xml (OK - compressed)
45708309 res/color/material_on_primary_disabled.xml (OK - compressed)
45708597 res/color/material_on_primary_emphasis_high_type.xml (OK - compressed)
45708882 res/color/material_on_primary_emphasis_medium.xml (OK - compressed)
45709160 res/color/material_on_surface_disabled.xml (OK - compressed)
45709447 res/color/material_on_surface_emphasis_high_type.xml (OK - compressed)
45709731 res/color/material_on_surface_emphasis_medium.xml (OK - compressed)
45710007 res/color/material_on_surface_stroke.xml (OK - compressed)
45710299 res/color/material_personalized__highlighted_text.xml (OK - compressed)
45710593 res/color/material_personalized__highlighted_text_inverse.xml (OK - compressed)
45710880 res/color/material_personalized_color_primary_text.xml (OK - compressed)
45711214 res/color/material_personalized_color_primary_text_inverse.xml (OK - compressed)
45711542 res/color/material_personalized_color_secondary_text.xml (OK - compressed)
45711882 res/color/material_personalized_color_secondary_text_inverse.xml (OK - compressed)
45712209 res/color/material_personalized_hint_foreground.xml (OK - compressed)
45712559 res/color/material_personalized_hint_foreground_inverse.xml (OK - compressed)
45712920 res/color/material_personalized_primary_inverse_text_disable_only.xml (OK - compressed)
45713254 res/color/material_personalized_primary_text_disable_only.xml (OK - compressed)
45713580 res/color/material_slider_active_tick_marks_color.xml (OK - compressed)
45713911 res/color/material_slider_active_track_color.xml (OK - compressed)
45714227 res/color/material_slider_halo_color.xml (OK - compressed)
45714562 res/color/material_slider_inactive_tick_marks_color.xml (OK - compressed)
45714898 res/color/material_slider_inactive_track_color.xml (OK - compressed)
45715223 res/color/material_slider_thumb_color.xml (OK - compressed)
45715552 res/color/material_timepicker_button_background.xml (OK - compressed)
45715878 res/color/material_timepicker_button_stroke.xml (OK - compressed)
45716168 res/color/material_timepicker_clock_text_color.xml (OK - compressed)
45716469 res/color/material_timepicker_clockface.xml (OK - compressed)
45716757 res/color/material_timepicker_modebutton_tint.xml (OK - compressed)
45717033 res/color/mtrl_btn_bg_color_selector.xml (OK - compressed)
45717346 res/color/mtrl_btn_ripple_color.xml (OK - compressed)
45717744 res/color/mtrl_btn_stroke_color_selector.xml (OK - compressed)
45718075 res/color/mtrl_btn_text_btn_bg_color_selector.xml (OK - compressed)
45718398 res/color/mtrl_btn_text_btn_ripple_color.xml (OK - compressed)
45718792 res/color/mtrl_btn_text_color_selector.xml (OK - compressed)
45719115 res/color/mtrl_calendar_item_stroke_color.xml (OK - compressed)
45719503 res/color/mtrl_calendar_selected_range.xml (OK - compressed)
45719777 res/color/mtrl_card_view_foreground.xml (OK - compressed)
45720153 res/color/mtrl_card_view_ripple.xml (OK - compressed)
45720538 res/color/mtrl_chip_background_color.xml (OK - compressed)
45720923 res/color/mtrl_chip_close_icon_tint.xml (OK - compressed)
45721340 res/color/mtrl_chip_surface_color.xml (OK - compressed)
45721583 res/color/mtrl_chip_text_color.xml (OK - compressed)
45721916 res/color/mtrl_choice_chip_background_color.xml (OK - compressed)
45722306 res/color/mtrl_choice_chip_ripple_color.xml (OK - compressed)
45722704 res/color/mtrl_choice_chip_text_color.xml (OK - compressed)
45723068 res/color/mtrl_error.xml (OK - compressed)
45723368 res/color/mtrl_fab_bg_color_selector.xml (OK - compressed)
45723693 res/color/mtrl_fab_icon_text_color_selector.xml (OK - compressed)
45724007 res/color/mtrl_fab_ripple_color.xml (OK - compressed)
45724403 res/color/mtrl_filled_background_color.xml (OK - compressed)
45724779 res/color/mtrl_filled_icon_tint.xml (OK - compressed)
45725134 res/color/mtrl_filled_stroke_color.xml (OK - compressed)
45725525 res/color/mtrl_indicator_text_color.xml (OK - compressed)
45725858 res/color/mtrl_navigation_bar_colored_item_tint.xml (OK - compressed)
45726190 res/color/mtrl_navigation_bar_colored_ripple_color.xml (OK - compressed)
45726597 res/color/mtrl_navigation_bar_item_tint.xml (OK - compressed)
45726923 res/color/mtrl_navigation_bar_ripple_color.xml (OK - compressed)
45727423 res/color/mtrl_navigation_item_background_color.xml (OK - compressed)
45727774 res/color/mtrl_navigation_item_icon_tint.xml (OK - compressed)
45728130 res/color/mtrl_navigation_item_text_color.xml (OK - compressed)
45728499 res/color/mtrl_on_primary_text_btn_text_color_selector.xml (OK - compressed)
45728815 res/color/mtrl_on_surface_ripple_color.xml (OK - compressed)
45729185 res/color/mtrl_outlined_icon_tint.xml (OK - compressed)
45729542 res/color/mtrl_outlined_stroke_color.xml (OK - compressed)
45729936 res/color/mtrl_popupmenu_overlay_color.xml (OK - compressed)
45730212 res/color/mtrl_switch_thumb_icon_tint.xml (OK - compressed)
45730653 res/color/mtrl_switch_thumb_tint.xml (OK - compressed)
45731068 res/color/mtrl_switch_track_decoration_tint.xml (OK - compressed)
45731412 res/color/mtrl_switch_track_tint.xml (OK - compressed)
45731856 res/color/mtrl_tabs_colored_ripple_color.xml (OK - compressed)
45732263 res/color/mtrl_tabs_icon_color_selector.xml (OK - compressed)
45732588 res/color/mtrl_tabs_icon_color_selector_colored.xml (OK - compressed)
45732910 res/color/mtrl_tabs_legacy_text_color_selector.xml (OK - compressed)
45733204 res/color/mtrl_tabs_ripple_color.xml (OK - compressed)
45733700 res/color/mtrl_text_btn_text_color_selector.xml (OK - compressed)
45734086 res/color/switch_bg_selector.xml (OK - compressed)
45734381 res/color/switch_thumb_material_dark.xml (OK - compressed)
45734681 res/color/switch_thumb_material_light.xml (OK - compressed)
45734973 res/color/text_color_selector.xml (OK - compressed)
45735259 res/color/vector_tint_color.xml (OK - compressed)
45735506 res/color/vector_tint_theme_color.xml (OK - compressed)
45735760 res/drawable-anydpi-v21/ic_call_answer.xml (OK - compressed)
45736499 res/drawable-anydpi-v21/ic_call_answer_low.xml (OK - compressed)
45737221 res/drawable-anydpi-v21/ic_call_answer_video.xml (OK - compressed)
45737724 res/drawable-anydpi-v21/ic_call_answer_video_low.xml (OK - compressed)
45738198 res/drawable-anydpi-v21/ic_call_decline.xml (OK - compressed)
45739009 res/drawable-anydpi-v21/ic_call_decline_low.xml (OK - compressed)
45739798 res/drawable-anydpi-v21/ic_check_white_24dp.xml (OK - compressed)
45740215 res/drawable-anydpi-v21/ic_clear_white_24dp.xml (OK - compressed)
45740661 res/drawable-anydpi-v21/ic_error_outline_white_24dp.xml (OK - compressed)
45741156 res/drawable-anydpi-v21/ic_info_outline_white_24dp.xml (OK - compressed)
45741656 res/drawable-hdpi-v4/abc_ab_share_pack_mtrl_alpha.9.png (OK)
45742012 res/drawable-hdpi-v4/abc_btn_check_to_on_mtrl_000.png (OK)
45742324 res/drawable-hdpi-v4/abc_btn_check_to_on_mtrl_015.png (OK)
45742812 res/drawable-hdpi-v4/abc_btn_radio_to_on_mtrl_000.png (OK)
45743360 res/drawable-hdpi-v4/abc_btn_radio_to_on_mtrl_015.png (OK)
45744012 res/drawable-hdpi-v4/abc_btn_switch_to_on_mtrl_00001.9.png (OK)
45745196 res/drawable-hdpi-v4/abc_btn_switch_to_on_mtrl_00012.9.png (OK)
45746532 res/drawable-hdpi-v4/abc_cab_background_top_mtrl_alpha.9.png (OK)
45746848 res/drawable-hdpi-v4/abc_ic_commit_search_api_mtrl_alpha.png (OK)
45747104 res/drawable-hdpi-v4/abc_list_divider_mtrl_alpha.9.png (OK)
45747352 res/drawable-hdpi-v4/abc_list_focused_holo.9.png (OK)
45747680 res/drawable-hdpi-v4/abc_list_longpressed_holo.9.png (OK)
45747976 res/drawable-hdpi-v4/abc_list_pressed_holo_dark.9.png (OK)
45748268 res/drawable-hdpi-v4/abc_list_pressed_holo_light.9.png (OK)
45748572 res/drawable-hdpi-v4/abc_list_selector_disabled_holo_dark.9.png (OK)
45748896 res/drawable-hdpi-v4/abc_list_selector_disabled_holo_light.9.png (OK)
45749216 res/drawable-hdpi-v4/abc_menu_hardkey_panel_mtrl_mult.9.png (OK)
45750044 res/drawable-hdpi-v4/abc_popup_background_mtrl_mult.9.png (OK)
45751232 res/drawable-hdpi-v4/abc_scrubber_control_off_mtrl_alpha.png (OK)
45751528 res/drawable-hdpi-v4/abc_scrubber_control_to_pressed_mtrl_000.png (OK)
45751820 res/drawable-hdpi-v4/abc_scrubber_control_to_pressed_mtrl_005.png (OK)
45752180 res/drawable-hdpi-v4/abc_scrubber_primary_mtrl_alpha.9.png (OK)
45752472 res/drawable-hdpi-v4/abc_scrubber_track_mtrl_alpha.9.png (OK)
45752752 res/drawable-hdpi-v4/abc_spinner_mtrl_am_alpha.9.png (OK)
45753184 res/drawable-hdpi-v4/abc_switch_track_mtrl_alpha.9.png (OK)
45753756 res/drawable-hdpi-v4/abc_tab_indicator_mtrl_alpha.9.png (OK)
45754036 res/drawable-hdpi-v4/abc_text_select_handle_left_mtrl.png (OK)
45754404 res/drawable-hdpi-v4/abc_text_select_handle_middle_mtrl.png (OK)
45754888 res/drawable-hdpi-v4/abc_text_select_handle_right_mtrl.png (OK)
45755244 res/drawable-hdpi-v4/abc_textfield_activated_mtrl_alpha.9.png (OK)
45755520 res/drawable-hdpi-v4/abc_textfield_default_mtrl_alpha.9.png (OK)
45755812 res/drawable-hdpi-v4/abc_textfield_search_activated_mtrl_alpha.9.png (OK)
45756088 res/drawable-hdpi-v4/abc_textfield_search_default_mtrl_alpha.9.png (OK)
45756336 res/drawable-hdpi-v4/ic_call_answer.png (OK)
45756884 res/drawable-hdpi-v4/ic_call_answer_low.png (OK)
45757432 res/drawable-hdpi-v4/ic_call_answer_video.png (OK)
45757768 res/drawable-hdpi-v4/ic_call_answer_video_low.png (OK)
45758092 res/drawable-hdpi-v4/ic_call_decline.png (OK)
45758544 res/drawable-hdpi-v4/ic_call_decline_low.png (OK)
45758996 res/drawable-hdpi-v4/ic_check_white_24dp.png (OK)
45759240 res/drawable-hdpi-v4/ic_clear_white_24dp.png (OK)
45759528 res/drawable-hdpi-v4/ic_error.png (OK)
45759744 res/drawable-hdpi-v4/ic_error_outline_white_24dp.png (OK)
45760392 res/drawable-hdpi-v4/ic_info_outline_white_24dp.png (OK)
45761024 res/drawable-hdpi-v4/ic_navigation_check.png (OK)
45761316 res/drawable-hdpi-v4/notification_bg_low_normal.9.png (OK)
45761612 res/drawable-hdpi-v4/notification_bg_low_pressed.9.png (OK)
45761916 res/drawable-hdpi-v4/notification_bg_normal.9.png (OK)
45762216 res/drawable-hdpi-v4/notification_bg_normal_pressed.9.png (OK)
45762532 res/drawable-hdpi-v4/notification_oversize_large_icon_bg.png (OK)
45763532 res/drawable-hdpi-v4/notify_panel_notification_icon_bg.png (OK)
45763708 res/drawable-hdpi-v4/toast_frame.9.png (OK)
45765036 res/drawable-ldpi-v4/ic_call_answer.png (OK)
45765380 res/drawable-ldpi-v4/ic_call_answer_low.png (OK)
45765728 res/drawable-ldpi-v4/ic_call_answer_video.png (OK)
45766008 res/drawable-ldpi-v4/ic_call_answer_video_low.png (OK)
45766280 res/drawable-ldpi-v4/ic_call_decline.png (OK)
45766556 res/drawable-ldpi-v4/ic_call_decline_low.png (OK)
45766832 res/drawable-ldpi-v4/ic_check_white_24dp.png (OK)
45767044 res/drawable-ldpi-v4/ic_clear_white_24dp.png (OK)
45767296 res/drawable-ldpi-v4/ic_error_outline_white_24dp.png (OK)
45767704 res/drawable-ldpi-v4/ic_info_outline_white_24dp.png (OK)
45768096 res/drawable-ldpi-v4/toast_frame.9.png (OK)
45768744 res/drawable-ldrtl-hdpi-v17/abc_spinner_mtrl_am_alpha.9.png (OK)
45769180 res/drawable-ldrtl-mdpi-v17/abc_spinner_mtrl_am_alpha.9.png (OK)
45769588 res/drawable-ldrtl-xhdpi-v17/abc_spinner_mtrl_am_alpha.9.png (OK)
45770096 res/drawable-ldrtl-xxhdpi-v17/abc_spinner_mtrl_am_alpha.9.png (OK)
45770716 res/drawable-ldrtl-xxxhdpi-v17/abc_spinner_mtrl_am_alpha.9.png (OK)
45771240 res/drawable-mdpi-v4/abc_ab_share_pack_mtrl_alpha.9.png (OK)
45771592 res/drawable-mdpi-v4/abc_btn_check_to_on_mtrl_000.png (OK)
45771892 res/drawable-mdpi-v4/abc_btn_check_to_on_mtrl_015.png (OK)
45772296 res/drawable-mdpi-v4/abc_btn_radio_to_on_mtrl_000.png (OK)
45772704 res/drawable-mdpi-v4/abc_btn_radio_to_on_mtrl_015.png (OK)
45773148 res/drawable-mdpi-v4/abc_btn_switch_to_on_mtrl_00001.9.png (OK)
45773992 res/drawable-mdpi-v4/abc_btn_switch_to_on_mtrl_00012.9.png (OK)
45774908 res/drawable-mdpi-v4/abc_cab_background_top_mtrl_alpha.9.png (OK)
45775216 res/drawable-mdpi-v4/abc_ic_commit_search_api_mtrl_alpha.png (OK)
45775476 res/drawable-mdpi-v4/abc_list_divider_mtrl_alpha.9.png (OK)
45775724 res/drawable-mdpi-v4/abc_list_focused_holo.9.png (OK)
45776028 res/drawable-mdpi-v4/abc_list_longpressed_holo.9.png (OK)
45776324 res/drawable-mdpi-v4/abc_list_pressed_holo_dark.9.png (OK)
45776616 res/drawable-mdpi-v4/abc_list_pressed_holo_light.9.png (OK)
45776916 res/drawable-mdpi-v4/abc_list_selector_disabled_holo_dark.9.png (OK)
45777228 res/drawable-mdpi-v4/abc_list_selector_disabled_holo_light.9.png (OK)
45777536 res/drawable-mdpi-v4/abc_menu_hardkey_panel_mtrl_mult.9.png (OK)
45778164 res/drawable-mdpi-v4/abc_popup_background_mtrl_mult.9.png (OK)
45779032 res/drawable-mdpi-v4/abc_scrubber_control_off_mtrl_alpha.png (OK)
45779288 res/drawable-mdpi-v4/abc_scrubber_control_to_pressed_mtrl_000.png (OK)
45779528 res/drawable-mdpi-v4/abc_scrubber_control_to_pressed_mtrl_005.png (OK)
45779816 res/drawable-mdpi-v4/abc_scrubber_primary_mtrl_alpha.9.png (OK)
45780108 res/drawable-mdpi-v4/abc_scrubber_track_mtrl_alpha.9.png (OK)
45780384 res/drawable-mdpi-v4/abc_spinner_mtrl_am_alpha.9.png (OK)
45780796 res/drawable-mdpi-v4/abc_switch_track_mtrl_alpha.9.png (OK)
45781276 res/drawable-mdpi-v4/abc_tab_indicator_mtrl_alpha.9.png (OK)
45781552 res/drawable-mdpi-v4/abc_text_select_handle_left_mtrl.png (OK)
45781844 res/drawable-mdpi-v4/abc_text_select_handle_middle_mtrl.png (OK)
45782244 res/drawable-mdpi-v4/abc_text_select_handle_right_mtrl.png (OK)
45782524 res/drawable-mdpi-v4/abc_textfield_activated_mtrl_alpha.9.png (OK)
45782796 res/drawable-mdpi-v4/abc_textfield_default_mtrl_alpha.9.png (OK)
45783072 res/drawable-mdpi-v4/abc_textfield_search_activated_mtrl_alpha.9.png (OK)
45783348 res/drawable-mdpi-v4/abc_textfield_search_default_mtrl_alpha.9.png (OK)
45783588 res/drawable-mdpi-v4/acniang.png (OK)
45787408 res/drawable-mdpi-v4/ali.png (OK)
45789972 res/drawable-mdpi-v4/baozou.png (OK)
45793732 res/drawable-mdpi-v4/bierde.png (OK)
45796304 res/drawable-mdpi-v4/dayanmao.png (OK)
45797964 res/drawable-mdpi-v4/default_avatar.png (OK)
45841008 res/drawable-mdpi-v4/dt.png (OK)
45846184 res/drawable-mdpi-v4/ic_call_answer.png (OK)
45846576 res/drawable-mdpi-v4/ic_call_answer_low.png (OK)
45846968 res/drawable-mdpi-v4/ic_call_answer_video.png (OK)
45847256 res/drawable-mdpi-v4/ic_call_answer_video_low.png (OK)
45847532 res/drawable-mdpi-v4/ic_call_decline.png (OK)
45847872 res/drawable-mdpi-v4/ic_call_decline_low.png (OK)
45848212 res/drawable-mdpi-v4/ic_check_white_24dp.png (OK)
45848424 res/drawable-mdpi-v4/ic_clear_white_24dp.png (OK)
45848676 res/drawable-mdpi-v4/ic_error.png (OK)
45848864 res/drawable-mdpi-v4/ic_error_outline_white_24dp.png (OK)
45849312 res/drawable-mdpi-v4/ic_info_outline_white_24dp.png (OK)
45849748 res/drawable-mdpi-v4/ic_navigation_check.png (OK)
45849976 res/drawable-mdpi-v4/icon_pg.png (OK)
45851468 res/drawable-mdpi-v4/lindabi.png (OK)
45855656 res/drawable-mdpi-v4/luoxiaohei.png (OK)
45857964 res/drawable-mdpi-v4/majianglian.png (OK)
45861924 res/drawable-mdpi-v4/new_acniang.png (OK)
45878224 res/drawable-mdpi-v4/niweihezhemediao.jpg (OK)
45883076 res/drawable-mdpi-v4/notification_bg_low_normal.9.png (OK)
45883376 res/drawable-mdpi-v4/notification_bg_low_pressed.9.png (OK)
45883680 res/drawable-mdpi-v4/notification_bg_normal.9.png (OK)
45883984 res/drawable-mdpi-v4/notification_bg_normal_pressed.9.png (OK)
45884296 res/drawable-mdpi-v4/notify_panel_notification_icon_bg.png (OK)
45884456 res/drawable-mdpi-v4/open.png (OK)
45884768 res/drawable-mdpi-v4/p0.png (OK)
45885964 res/drawable-mdpi-v4/pst.png (OK)
45890484 res/drawable-mdpi-v4/quniang.png (OK)
45893680 res/drawable-mdpi-v4/taijun.png (OK)
45898552 res/drawable-mdpi-v4/toast_frame.9.png (OK)
45899416 res/drawable-mdpi-v4/xiongmao.jpg (OK)
45913028 res/drawable-mdpi-v4/yangcongtou.png (OK)
45917132 res/drawable-mdpi-v4/zhaiyin.png (OK)
45921132 res/drawable-nodpi-v4/bg_drawer_item_selected.9.png (OK)
45921688 res/drawable-nodpi-v4/bg_listitem_shot.9.png (OK)
45922320 res/drawable-nodpi-v4/copper.png (OK)
45926080 res/drawable-nodpi-v4/default_board_icon.png (OK)
45933056 res/drawable-nodpi-v4/drawerdefaulticon.png (OK)
45938028 res/drawable-nodpi-v4/gold.png (OK)
45941792 res/drawable-nodpi-v4/ic_action_next_item.png (OK)
45944956 res/drawable-nodpi-v4/listreply3.png (OK)
45949964 res/drawable-nodpi-v4/loading.png (OK)
45957820 res/drawable-nodpi-v4/p124.png (OK)
46000976 res/drawable-nodpi-v4/p181.png (OK)
46012152 res/drawable-nodpi-v4/p182.png (OK)
46023332 res/drawable-nodpi-v4/p183.png (OK)
46034556 res/drawable-nodpi-v4/p184.png (OK)
46045740 res/drawable-nodpi-v4/p185.png (OK)
46067188 res/drawable-nodpi-v4/p186.png (OK)
46078880 res/drawable-nodpi-v4/p187.png (OK)
46088812 res/drawable-nodpi-v4/p188.png (OK)
46100980 res/drawable-nodpi-v4/p189.png (OK)
46112676 res/drawable-nodpi-v4/p318.png (OK)
46121404 res/drawable-nodpi-v4/p320.png (OK)
46133268 res/drawable-nodpi-v4/p321.png (OK)
46139076 res/drawable-nodpi-v4/p334.png (OK)
46155224 res/drawable-nodpi-v4/p390.png (OK)
46167368 res/drawable-nodpi-v4/p406.png (OK)
46179692 res/drawable-nodpi-v4/p414.png (OK)
46188704 res/drawable-nodpi-v4/p420.png (OK)
46200412 res/drawable-nodpi-v4/p422.png (OK)
46210904 res/drawable-nodpi-v4/p426.png (OK)
46266720 res/drawable-nodpi-v4/p428.png (OK)
46295900 res/drawable-nodpi-v4/p431.png (OK)
46309968 res/drawable-nodpi-v4/p436.png (OK)
46318080 res/drawable-nodpi-v4/p441.png (OK)
46356808 res/drawable-nodpi-v4/p443.png (OK)
46361952 res/drawable-nodpi-v4/p452.png (OK)
46387436 res/drawable-nodpi-v4/p453.png (OK)
46415676 res/drawable-nodpi-v4/p459.png (OK)
46421952 res/drawable-nodpi-v4/p465.png (OK)
46450584 res/drawable-nodpi-v4/p477.png (OK)
46462484 res/drawable-nodpi-v4/p481.png (OK)
46484040 res/drawable-nodpi-v4/p482.png (OK)
46491580 res/drawable-nodpi-v4/p485.png (OK)
46502212 res/drawable-nodpi-v4/p486.png (OK)
46541372 res/drawable-nodpi-v4/p489.png (OK)
46549356 res/drawable-nodpi-v4/p490.png (OK)
46589588 res/drawable-nodpi-v4/p492.png (OK)
46599848 res/drawable-nodpi-v4/p494.png (OK)
46637984 res/drawable-nodpi-v4/p495.png (OK)
46665776 res/drawable-nodpi-v4/p513.png (OK)
46711260 res/drawable-nodpi-v4/p514.png (OK)
46746968 res/drawable-nodpi-v4/p515.png (OK)
46791692 res/drawable-nodpi-v4/p516.png (OK)
46826748 res/drawable-nodpi-v4/p538.png (OK)
46887864 res/drawable-nodpi-v4/p540.png (OK)
46938176 res/drawable-nodpi-v4/p549.png (OK)
46978316 res/drawable-nodpi-v4/p551.png (OK)
47039160 res/drawable-nodpi-v4/p555.png (OK)
47067064 res/drawable-nodpi-v4/p559.png (OK)
47105704 res/drawable-nodpi-v4/p560.png (OK)
47155764 res/drawable-nodpi-v4/p563.png (OK)
47166772 res/drawable-nodpi-v4/p564.png (OK)
47217392 res/drawable-nodpi-v4/p568.png (OK)
47262456 res/drawable-nodpi-v4/p593.png (OK)
47271456 res/drawable-nodpi-v4/p598.png (OK)
47311264 res/drawable-nodpi-v4/p611.png (OK)
47320360 res/drawable-nodpi-v4/p614.png (OK)
47323476 res/drawable-nodpi-v4/p615.png (OK)
47326612 res/drawable-nodpi-v4/p616.png (OK)
47330780 res/drawable-nodpi-v4/p617.png (OK)
47346944 res/drawable-nodpi-v4/p7.png (OK)
47354396 res/drawable-nodpi-v4/p_10308342.png (OK)
47369096 res/drawable-nodpi-v4/p_103330.png (OK)
47379088 res/drawable-nodpi-v4/p_149110.png (OK)
47427576 res/drawable-nodpi-v4/p_15219445.png (OK)
47477444 res/drawable-nodpi-v4/p_152678.png (OK)
47488388 res/drawable-nodpi-v4/p_1534666.png (OK)
47502812 res/drawable-nodpi-v4/p_235147.png (OK)
47516216 res/drawable-nodpi-v4/p_2371813.png (OK)
47522052 res/drawable-nodpi-v4/p_343809.png (OK)
47555996 res/drawable-nodpi-v4/p_353371.png (OK)
47606676 res/drawable-nodpi-v4/p_362960.png (OK)
47640820 res/drawable-nodpi-v4/p_373173.png (OK)
47652596 res/drawable-nodpi-v4/p_447601.png (OK)
47686440 res/drawable-nodpi-v4/p_4567100.png (OK)
47736928 res/drawable-nodpi-v4/p_46468.png (OK)
47775020 res/drawable-nodpi-v4/p_47218.png (OK)
47809808 res/drawable-nodpi-v4/p_5080470.png (OK)
47856812 res/drawable-nodpi-v4/p_547859.png (OK)
47902292 res/drawable-nodpi-v4/p_576177.png (OK)
47933388 res/drawable-nodpi-v4/p_608808.png (OK)
47976356 res/drawable-nodpi-v4/p_6194253.png (OK)
47984352 res/drawable-nodpi-v4/p_65653.png (OK)
48006540 res/drawable-nodpi-v4/p_7.png (OK)
48037240 res/drawable-nodpi-v4/p_7202235.png (OK)
48075608 res/drawable-nodpi-v4/p_7861121.png (OK)
48118912 res/drawable-nodpi-v4/p_8180483.png (OK)
48173072 res/drawable-nodpi-v4/p_81981.png (OK)
48220416 res/drawable-nodpi-v4/p_8725919.png (OK)
48241808 res/drawable-nodpi-v4/poster.png (OK)
48245032 res/drawable-nodpi-v4/q_vcode.png (OK)
48263708 res/drawable-nodpi-v4/q_vcode_retry.png (OK)
48282380 res/drawable-nodpi-v4/replies_icon.png (OK)
48282812 res/drawable-nodpi-v4/silver.png (OK)
48286590 res/drawable-v21/abc_action_bar_item_background_material.xml (OK - compressed)
48286817 res/drawable-v21/abc_btn_colored_material.xml (OK - compressed)
48287449 res/drawable-v21/abc_dialog_material_background.xml (OK - compressed)
48287845 res/drawable-v21/abc_edit_text_material.xml (OK - compressed)
48288385 res/drawable-v21/abc_list_divider_material.xml (OK - compressed)
48288695 res/drawable-v21/btn_accent_bg.xml (OK - compressed)
48288995 res/drawable-v21/ic_arrow_down_24dp.xml (OK - compressed)
48289420 res/drawable-v21/material_cursor_drawable.xml (OK - compressed)
48289776 res/drawable-v21/mtrl_navigation_bar_item_background.xml (OK - compressed)
48290011 res/drawable-v21/notification_action_background.xml (OK - compressed)
48290563 res/drawable-v21/preference_list_divider_material.xml (OK - compressed)
48290891 res/drawable-v23/abc_control_background_material.xml (OK - compressed)
48291137 res/drawable-v23/m3_radiobutton_ripple.xml (OK - compressed)
48291392 res/drawable-v23/m3_selection_control_ripple.xml (OK - compressed)
48291637 res/drawable-v23/m3_tabs_background.xml (OK - compressed)
48292037 res/drawable-v23/m3_tabs_transparent_background.xml (OK - compressed)
48292397 res/drawable-v23/mtrl_popupmenu_background_overlay.xml (OK - compressed)
48292895 res/drawable-watch-v20/abc_dialog_material_background.xml (OK - compressed)
48293168 res/drawable-xhdpi-v4/abc_ab_share_pack_mtrl_alpha.9.png (OK)
48293532 res/drawable-xhdpi-v4/abc_btn_check_to_on_mtrl_000.png (OK)
48293900 res/drawable-xhdpi-v4/abc_btn_check_to_on_mtrl_015.png (OK)
48294416 res/drawable-xhdpi-v4/abc_btn_radio_to_on_mtrl_000.png (OK)
48295152 res/drawable-xhdpi-v4/abc_btn_radio_to_on_mtrl_015.png (OK)
48296028 res/drawable-xhdpi-v4/abc_btn_switch_to_on_mtrl_00001.9.png (OK)
48297644 res/drawable-xhdpi-v4/abc_btn_switch_to_on_mtrl_00012.9.png (OK)
48299468 res/drawable-xhdpi-v4/abc_cab_background_top_mtrl_alpha.9.png (OK)
48299788 res/drawable-xhdpi-v4/abc_ic_commit_search_api_mtrl_alpha.png (OK)
48300104 res/drawable-xhdpi-v4/abc_list_divider_mtrl_alpha.9.png (OK)
48300352 res/drawable-xhdpi-v4/abc_list_focused_holo.9.png (OK)
48300680 res/drawable-xhdpi-v4/abc_list_longpressed_holo.9.png (OK)
48300980 res/drawable-xhdpi-v4/abc_list_pressed_holo_dark.9.png (OK)
48301276 res/drawable-xhdpi-v4/abc_list_pressed_holo_light.9.png (OK)
48301580 res/drawable-xhdpi-v4/abc_list_selector_disabled_holo_dark.9.png (OK)
48301912 res/drawable-xhdpi-v4/abc_list_selector_disabled_holo_light.9.png (OK)
48302240 res/drawable-xhdpi-v4/abc_menu_hardkey_panel_mtrl_mult.9.png (OK)
48303296 res/drawable-xhdpi-v4/abc_popup_background_mtrl_mult.9.png (OK)
48304932 res/drawable-xhdpi-v4/abc_scrubber_control_off_mtrl_alpha.png (OK)
48305296 res/drawable-xhdpi-v4/abc_scrubber_control_to_pressed_mtrl_000.png (OK)
48305660 res/drawable-xhdpi-v4/abc_scrubber_control_to_pressed_mtrl_005.png (OK)
48306140 res/drawable-xhdpi-v4/abc_scrubber_primary_mtrl_alpha.9.png (OK)
48306436 res/drawable-xhdpi-v4/abc_scrubber_track_mtrl_alpha.9.png (OK)
48306720 res/drawable-xhdpi-v4/abc_spinner_mtrl_am_alpha.9.png (OK)
48307256 res/drawable-xhdpi-v4/abc_switch_track_mtrl_alpha.9.png (OK)
48307960 res/drawable-xhdpi-v4/abc_tab_indicator_mtrl_alpha.9.png (OK)
48308244 res/drawable-xhdpi-v4/abc_text_select_handle_left_mtrl.png (OK)
48308672 res/drawable-xhdpi-v4/abc_text_select_handle_middle_mtrl.png (OK)
48309348 res/drawable-xhdpi-v4/abc_text_select_handle_right_mtrl.png (OK)
48309760 res/drawable-xhdpi-v4/abc_textfield_activated_mtrl_alpha.9.png (OK)
48310040 res/drawable-xhdpi-v4/abc_textfield_default_mtrl_alpha.9.png (OK)
48310328 res/drawable-xhdpi-v4/abc_textfield_search_activated_mtrl_alpha.9.png (OK)
48310612 res/drawable-xhdpi-v4/abc_textfield_search_default_mtrl_alpha.9.png (OK)
48310864 res/drawable-xhdpi-v4/anzong_foot.png (OK)
48370528 res/drawable-xhdpi-v4/ic_action_about.png (OK)
48375100 res/drawable-xhdpi-v4/ic_action_add_to_queue.png (OK)
48378764 res/drawable-xhdpi-v4/ic_action_authcode.png (OK)
48394652 res/drawable-xhdpi-v4/ic_action_delete.png (OK)
48397916 res/drawable-xhdpi-v4/ic_action_forward.png (OK)
48401492 res/drawable-xhdpi-v4/ic_action_gun.png (OK)
48405512 res/drawable-xhdpi-v4/ic_action_new_emotion.png (OK)
48409856 res/drawable-xhdpi-v4/ic_action_person.png (OK)
48413668 res/drawable-xhdpi-v4/ic_action_secure.png (OK)
48417500 res/drawable-xhdpi-v4/ic_action_storage.png (OK)
48420924 res/drawable-xhdpi-v4/ic_action_supertext.png (OK)
48424568 res/drawable-xhdpi-v4/ic_action_warning.png (OK)
48428392 res/drawable-xhdpi-v4/ic_bookmark.png (OK)
48431784 res/drawable-xhdpi-v4/ic_call_answer.png (OK)
48432484 res/drawable-xhdpi-v4/ic_call_answer_low.png (OK)
48433184 res/drawable-xhdpi-v4/ic_call_answer_video.png (OK)
48433556 res/drawable-xhdpi-v4/ic_call_answer_video_low.png (OK)
48433920 res/drawable-xhdpi-v4/ic_call_decline.png (OK)
48434448 res/drawable-xhdpi-v4/ic_call_decline_low.png (OK)
48434976 res/drawable-xhdpi-v4/ic_check_white_24dp.png (OK)
48435264 res/drawable-xhdpi-v4/ic_clear_white_24dp.png (OK)
48435604 res/drawable-xhdpi-v4/ic_error.png (OK)
48435832 res/drawable-xhdpi-v4/ic_error_outline_white_24dp.png (OK)
48436584 res/drawable-xhdpi-v4/ic_exit.png (OK)
48440436 res/drawable-xhdpi-v4/ic_info_outline_white_24dp.png (OK)
48441188 res/drawable-xhdpi-v4/ic_lock_screen.png (OK)
48445692 res/drawable-xhdpi-v4/ic_login.png (OK)
48449556 res/drawable-xhdpi-v4/ic_menu_moreoverflow_normal_holo_light.png (OK)
48453128 res/drawable-xhdpi-v4/ic_menu_send.png (OK)
48456892 res/drawable-xhdpi-v4/ic_menu_upload.png (OK)
48460252 res/drawable-xhdpi-v4/ic_navigation_check.png (OK)
48460556 res/drawable-xhdpi-v4/nga_bg.png (OK)
48472996 res/drawable-xhdpi-v4/notification_bg_low_normal.9.png (OK)
48473304 res/drawable-xhdpi-v4/notification_bg_low_pressed.9.png (OK)
48473636 res/drawable-xhdpi-v4/notification_bg_normal.9.png (OK)
48473948 res/drawable-xhdpi-v4/notification_bg_normal_pressed.9.png (OK)
48474284 res/drawable-xhdpi-v4/notify_panel_notification_icon_bg.png (OK)
48474492 res/drawable-xhdpi-v4/shadow_bottom.png (OK)
48474688 res/drawable-xhdpi-v4/shadow_left.png (OK)
48474876 res/drawable-xhdpi-v4/shadow_right.png (OK)
48475068 res/drawable-xhdpi-v4/toast_frame.9.png (OK)
48476732 res/drawable-xxhdpi-v4/abc_ab_share_pack_mtrl_alpha.9.png (OK)
48477104 res/drawable-xxhdpi-v4/abc_btn_check_to_on_mtrl_000.png (OK)
48477496 res/drawable-xxhdpi-v4/abc_btn_check_to_on_mtrl_015.png (OK)
48478176 res/drawable-xxhdpi-v4/abc_btn_radio_to_on_mtrl_000.png (OK)
48479248 res/drawable-xxhdpi-v4/abc_btn_radio_to_on_mtrl_015.png (OK)
48480548 res/drawable-xxhdpi-v4/abc_btn_switch_to_on_mtrl_00001.9.png (OK)
48483104 res/drawable-xxhdpi-v4/abc_btn_switch_to_on_mtrl_00012.9.png (OK)
48486032 res/drawable-xxhdpi-v4/abc_cab_background_top_mtrl_alpha.9.png (OK)
48486364 res/drawable-xxhdpi-v4/abc_ic_commit_search_api_mtrl_alpha.png (OK)
48486676 res/drawable-xxhdpi-v4/abc_list_divider_mtrl_alpha.9.png (OK)
48486928 res/drawable-xxhdpi-v4/abc_list_focused_holo.9.png (OK)
48487260 res/drawable-xxhdpi-v4/abc_list_longpressed_holo.9.png (OK)
48487568 res/drawable-xxhdpi-v4/abc_list_pressed_holo_dark.9.png (OK)
48487868 res/drawable-xxhdpi-v4/abc_list_pressed_holo_light.9.png (OK)
48488176 res/drawable-xxhdpi-v4/abc_list_selector_disabled_holo_dark.9.png (OK)
48488532 res/drawable-xxhdpi-v4/abc_list_selector_disabled_holo_light.9.png (OK)
48488884 res/drawable-xxhdpi-v4/abc_menu_hardkey_panel_mtrl_mult.9.png (OK)
48490752 res/drawable-xxhdpi-v4/abc_popup_background_mtrl_mult.9.png (OK)
48493152 res/drawable-xxhdpi-v4/abc_scrubber_control_off_mtrl_alpha.png (OK)
48493572 res/drawable-xxhdpi-v4/abc_scrubber_control_to_pressed_mtrl_000.png (OK)
48494072 res/drawable-xxhdpi-v4/abc_scrubber_control_to_pressed_mtrl_005.png (OK)
48494760 res/drawable-xxhdpi-v4/abc_scrubber_primary_mtrl_alpha.9.png (OK)
48495060 res/drawable-xxhdpi-v4/abc_scrubber_track_mtrl_alpha.9.png (OK)
48495352 res/drawable-xxhdpi-v4/abc_spinner_mtrl_am_alpha.9.png (OK)
48495964 res/drawable-xxhdpi-v4/abc_switch_track_mtrl_alpha.9.png (OK)
48496904 res/drawable-xxhdpi-v4/abc_tab_indicator_mtrl_alpha.9.png (OK)
48497200 res/drawable-xxhdpi-v4/abc_text_select_handle_left_mtrl.png (OK)
48497712 res/drawable-xxhdpi-v4/abc_text_select_handle_middle_mtrl.png (OK)
48498556 res/drawable-xxhdpi-v4/abc_text_select_handle_right_mtrl.png (OK)
48499072 res/drawable-xxhdpi-v4/abc_textfield_activated_mtrl_alpha.9.png (OK)
48499364 res/drawable-xxhdpi-v4/abc_textfield_default_mtrl_alpha.9.png (OK)
48499664 res/drawable-xxhdpi-v4/abc_textfield_search_activated_mtrl_alpha.9.png (OK)
48499952 res/drawable-xxhdpi-v4/abc_textfield_search_default_mtrl_alpha.9.png (OK)
48500208 res/drawable-xxhdpi-v4/anzong_foot.png (OK)
48559872 res/drawable-xxhdpi-v4/content_edit.png (OK)
48563712 res/drawable-xxhdpi-v4/ic_action_about.png (OK)
48568256 res/drawable-xxhdpi-v4/ic_action_add_to_queue.png (OK)
48571664 res/drawable-xxhdpi-v4/ic_action_authcode.png (OK)
48587952 res/drawable-xxhdpi-v4/ic_action_delete.png (OK)
48591212 res/drawable-xxhdpi-v4/ic_action_forward.png (OK)
48594632 res/drawable-xxhdpi-v4/ic_action_gun.png (OK)
48598636 res/drawable-xxhdpi-v4/ic_action_new_emotion.png (OK)
48602960 res/drawable-xxhdpi-v4/ic_action_person.png (OK)
48606804 res/drawable-xxhdpi-v4/ic_action_secure.png (OK)
48610612 res/drawable-xxhdpi-v4/ic_action_storage.png (OK)
48613792 res/drawable-xxhdpi-v4/ic_action_supertext.png (OK)
48617292 res/drawable-xxhdpi-v4/ic_action_warning.png (OK)
48620940 res/drawable-xxhdpi-v4/ic_bookmark.png (OK)
48624308 res/drawable-xxhdpi-v4/ic_call_answer.png (OK)
48625268 res/drawable-xxhdpi-v4/ic_call_answer_low.png (OK)
48626232 res/drawable-xxhdpi-v4/ic_call_answer_video.png (OK)
48626700 res/drawable-xxhdpi-v4/ic_call_answer_video_low.png (OK)
48627156 res/drawable-xxhdpi-v4/ic_call_decline.png (OK)
48627860 res/drawable-xxhdpi-v4/ic_call_decline_low.png (OK)
48628564 res/drawable-xxhdpi-v4/ic_check_white_24dp.png (OK)
48628904 res/drawable-xxhdpi-v4/ic_clear_white_24dp.png (OK)
48629328 res/drawable-xxhdpi-v4/ic_error.png (OK)
48629532 res/drawable-xxhdpi-v4/ic_error_outline_white_24dp.png (OK)
48630588 res/drawable-xxhdpi-v4/ic_exit.png (OK)
48634216 res/drawable-xxhdpi-v4/ic_info_outline_white_24dp.png (OK)
48635296 res/drawable-xxhdpi-v4/ic_lock_screen.png (OK)
48639772 res/drawable-xxhdpi-v4/ic_login.png (OK)
48643516 res/drawable-xxhdpi-v4/ic_menu_moreoverflow_normal_holo_light.png (OK)
48647180 res/drawable-xxhdpi-v4/ic_menu_send.png (OK)
48650680 res/drawable-xxhdpi-v4/ic_menu_thumbs_down.png (OK)
48654988 res/drawable-xxhdpi-v4/ic_menu_thumbs_up.png (OK)
48672784 res/drawable-xxhdpi-v4/ic_menu_upload.png (OK)
48676036 res/drawable-xxhdpi-v4/ic_navigation_check.png (OK)
48676472 res/drawable-xxhdpi-v4/nga_bg.png (OK)
48688896 res/drawable-xxhdpi-v4/toast_frame.9.png (OK)
48690944 res/drawable-xxxhdpi-v4/abc_btn_check_to_on_mtrl_000.png (OK)
48691308 res/drawable-xxxhdpi-v4/abc_btn_check_to_on_mtrl_015.png (OK)
48691872 res/drawable-xxxhdpi-v4/abc_btn_radio_to_on_mtrl_000.png (OK)
48692744 res/drawable-xxxhdpi-v4/abc_btn_radio_to_on_mtrl_015.png (OK)
48693784 res/drawable-xxxhdpi-v4/abc_btn_switch_to_on_mtrl_00001.9.png (OK)
48696380 res/drawable-xxxhdpi-v4/abc_btn_switch_to_on_mtrl_00012.9.png (OK)
48699296 res/drawable-xxxhdpi-v4/abc_scrubber_control_to_pressed_mtrl_000.png (OK)
48699812 res/drawable-xxxhdpi-v4/abc_scrubber_control_to_pressed_mtrl_005.png (OK)
48700528 res/drawable-xxxhdpi-v4/abc_spinner_mtrl_am_alpha.9.png (OK)
48701048 res/drawable-xxxhdpi-v4/abc_switch_track_mtrl_alpha.9.png (OK)
48701952 res/drawable-xxxhdpi-v4/abc_tab_indicator_mtrl_alpha.9.png (OK)
48702244 res/drawable-xxxhdpi-v4/abc_text_select_handle_left_mtrl.png (OK)
48702848 res/drawable-xxxhdpi-v4/abc_text_select_handle_right_mtrl.png (OK)
48703432 res/drawable-xxxhdpi-v4/acniang_large.png (OK)
48719208 res/drawable-xxxhdpi-v4/anzong_foot.png (OK)
48821256 res/drawable-xxxhdpi-v4/ic_call_answer.png (OK)
48822504 res/drawable-xxxhdpi-v4/ic_call_answer_low.png (OK)
48823756 res/drawable-xxxhdpi-v4/ic_call_answer_video.png (OK)
48824304 res/drawable-xxxhdpi-v4/ic_call_answer_video_low.png (OK)
48824844 res/drawable-xxxhdpi-v4/ic_call_decline.png (OK)
48825744 res/drawable-xxxhdpi-v4/ic_call_decline_low.png (OK)
48826644 res/drawable-xxxhdpi-v4/ic_check_white_24dp.png (OK)
48827036 res/drawable-xxxhdpi-v4/ic_clear_white_24dp.png (OK)
48827588 res/drawable-xxxhdpi-v4/ic_error_outline_white_24dp.png (OK)
48828980 res/drawable-xxxhdpi-v4/ic_info_outline_white_24dp.png (OK)
48830324 res/drawable-xxxhdpi-v4/nga_bg.png (OK)
48847190 res/drawable/$avd_hide_password__0.xml (OK - compressed)
48847780 res/drawable/$avd_hide_password__1.xml (OK - compressed)
48848159 res/drawable/$avd_hide_password__2.xml (OK - compressed)
48848522 res/drawable/$avd_show_password__0.xml (OK - compressed)
48849093 res/drawable/$avd_show_password__1.xml (OK - compressed)
48849472 res/drawable/$avd_show_password__2.xml (OK - compressed)
48849838 res/drawable/$m3_avd_hide_password__0.xml (OK - compressed)
48850431 res/drawable/$m3_avd_hide_password__1.xml (OK - compressed)
48850812 res/drawable/$m3_avd_hide_password__2.xml (OK - compressed)
48851176 res/drawable/$m3_avd_show_password__0.xml (OK - compressed)
48851750 res/drawable/$m3_avd_show_password__1.xml (OK - compressed)
48852130 res/drawable/$m3_avd_show_password__2.xml (OK - compressed)
48852512 res/drawable/$mtrl_checkbox_button_checked_unchecked__0.xml (OK - compressed)
48852919 res/drawable/$mtrl_checkbox_button_checked_unchecked__1.xml (OK - compressed)
48853325 res/drawable/$mtrl_checkbox_button_checked_unchecked__2.xml (OK - compressed)
48853735 res/drawable/$mtrl_checkbox_button_icon_checked_indeterminate__0.xml (OK - compressed)
48854144 res/drawable/$mtrl_checkbox_button_icon_checked_unchecked__0.xml (OK - compressed)
48854556 res/drawable/$mtrl_checkbox_button_icon_checked_unchecked__1.xml (OK - compressed)
48854967 res/drawable/$mtrl_checkbox_button_icon_checked_unchecked__2.xml (OK - compressed)
48855377 res/drawable/$mtrl_checkbox_button_icon_indeterminate_checked__0.xml (OK - compressed)
48855792 res/drawable/$mtrl_checkbox_button_icon_indeterminate_unchecked__0.xml (OK - compressed)
48856210 res/drawable/$mtrl_checkbox_button_icon_indeterminate_unchecked__1.xml (OK - compressed)
48856627 res/drawable/$mtrl_checkbox_button_icon_indeterminate_unchecked__2.xml (OK - compressed)
48857033 res/drawable/$mtrl_checkbox_button_icon_unchecked_checked__0.xml (OK - compressed)
48857445 res/drawable/$mtrl_checkbox_button_icon_unchecked_checked__1.xml (OK - compressed)
48857856 res/drawable/$mtrl_checkbox_button_icon_unchecked_checked__2.xml (OK - compressed)
48858273 res/drawable/$mtrl_checkbox_button_icon_unchecked_indeterminate__0.xml (OK - compressed)
48858691 res/drawable/$mtrl_checkbox_button_icon_unchecked_indeterminate__1.xml (OK - compressed)
48859108 res/drawable/$mtrl_checkbox_button_icon_unchecked_indeterminate__2.xml (OK - compressed)
48859509 res/drawable/$mtrl_checkbox_button_unchecked_checked__0.xml (OK - compressed)
48859916 res/drawable/$mtrl_checkbox_button_unchecked_checked__1.xml (OK - compressed)
48860322 res/drawable/$mtrl_checkbox_button_unchecked_checked__2.xml (OK - compressed)
48860718 res/drawable/$mtrl_switch_thumb_checked_pressed__0.xml (OK - compressed)
48861116 res/drawable/$mtrl_switch_thumb_checked_unchecked__0.xml (OK - compressed)
48861492 res/drawable/$mtrl_switch_thumb_checked_unchecked__1.xml (OK - compressed)
48861892 res/drawable/$mtrl_switch_thumb_pressed_checked__0.xml (OK - compressed)
48862290 res/drawable/$mtrl_switch_thumb_pressed_unchecked__0.xml (OK - compressed)
48862688 res/drawable/$mtrl_switch_thumb_unchecked_checked__0.xml (OK - compressed)
48863064 res/drawable/$mtrl_switch_thumb_unchecked_checked__1.xml (OK - compressed)
48863465 res/drawable/$mtrl_switch_thumb_unchecked_pressed__0.xml (OK - compressed)
48863851 res/drawable/abc_btn_borderless_material.xml (OK - compressed)
48864172 res/drawable/abc_btn_check_material.xml (OK - compressed)
48864476 res/drawable/abc_btn_check_material_anim.xml (OK - compressed)
48864895 res/drawable/abc_btn_default_mtrl_shape.xml (OK - compressed)
48865358 res/drawable/abc_btn_radio_material.xml (OK - compressed)
48865663 res/drawable/abc_btn_radio_material_anim.xml (OK - compressed)
48866082 res/drawable/abc_cab_background_internal_bg.xml (OK - compressed)
48866345 res/drawable/abc_cab_background_top_material.xml (OK - compressed)
48866589 res/drawable/abc_ic_ab_back_material.xml (OK - compressed)
48867052 res/drawable/abc_ic_arrow_drop_right_black_24dp.xml (OK - compressed)
48867612 res/drawable/abc_ic_clear_material.xml (OK - compressed)
48868048 res/drawable/abc_ic_go_search_api_material.xml (OK - compressed)
48868466 res/drawable/abc_ic_menu_copy_mtrl_am_alpha.xml (OK - compressed)
48868944 res/drawable/abc_ic_menu_cut_mtrl_alpha.xml (OK - compressed)
48869574 res/drawable/abc_ic_menu_overflow_material.xml (OK - compressed)
48870042 res/drawable/abc_ic_menu_paste_mtrl_am_alpha.xml (OK - compressed)
48870556 res/drawable/abc_ic_menu_selectall_mtrl_alpha.xml (OK - compressed)
48871102 res/drawable/abc_ic_menu_share_mtrl_alpha.xml (OK - compressed)
48871689 res/drawable/abc_ic_search_api_material.xml (OK - compressed)
48872221 res/drawable/abc_ic_voice_search_api_material.xml (OK - compressed)
48872754 res/drawable/abc_item_background_holo_dark.xml (OK - compressed)
48873151 res/drawable/abc_item_background_holo_light.xml (OK - compressed)
48873567 res/drawable/abc_list_selector_background_transition_holo_dark.xml (OK - compressed)
48873864 res/drawable/abc_list_selector_background_transition_holo_light.xml (OK - compressed)
48874138 res/drawable/abc_list_selector_holo_dark.xml (OK - compressed)
48874552 res/drawable/abc_list_selector_holo_light.xml (OK - compressed)
48874970 res/drawable/abc_ratingbar_indicator_material.xml (OK - compressed)
48875107 res/drawable/abc_ratingbar_material.xml (OK - compressed)
48875250 res/drawable/abc_ratingbar_small_material.xml (OK - compressed)
48875391 res/drawable/abc_seekbar_thumb_material.xml (OK - compressed)
48875820 res/drawable/abc_seekbar_tick_mark_material.xml (OK - compressed)
48876137 res/drawable/abc_seekbar_track_material.xml (OK - compressed)
48876648 res/drawable/abc_spinner_textfield_background_material.xml (OK - compressed)
48877120 res/drawable/abc_star_black_48dp.xml (OK - compressed)
48877552 res/drawable/abc_star_half_black_48dp.xml (OK - compressed)
48877955 res/drawable/abc_switch_thumb_material.xml (OK - compressed)
48878258 res/drawable/abc_tab_indicator_material.xml (OK - compressed)
48878561 res/drawable/abc_text_cursor_material.xml (OK - compressed)
48878878 res/drawable/abc_textfield_search_material.xml (OK - compressed)
48879230 res/drawable/abc_vector_test.xml (OK - compressed)
48879627 res/drawable/avd_hide_password.xml (OK - compressed)
48879990 res/drawable/avd_show_password.xml (OK - compressed)
48880356 res/drawable/border_image_avatar.xml (OK - compressed)
48880762 res/drawable/btn_accent_bg_normal.xml (OK - compressed)
48881047 res/drawable/btn_accent_bg_pressed.xml (OK - compressed)
48881339 res/drawable/btn_checkbox_checked_mtrl.xml (OK - compressed)
48882275 res/drawable/btn_checkbox_checked_to_unchecked_mtrl_animation.xml (OK - compressed)
48882654 res/drawable/btn_checkbox_unchecked_mtrl.xml (OK - compressed)
48883580 res/drawable/btn_checkbox_unchecked_to_checked_mtrl_animation.xml (OK - compressed)
48883938 res/drawable/btn_ic_add.xml (OK - compressed)
48884311 res/drawable/btn_ic_browser.xml (OK - compressed)
48885009 res/drawable/btn_ic_collections.xml (OK - compressed)
48885461 res/drawable/btn_ic_create.xml (OK - compressed)
48885905 res/drawable/btn_ic_delete.xml (OK - compressed)
48886322 res/drawable/btn_ic_file_upload.xml (OK - compressed)
48886713 res/drawable/btn_ic_insert_emoticon.xml (OK - compressed)
48887260 res/drawable/btn_ic_mail.xml (OK - compressed)
48887695 res/drawable/btn_ic_refresh.xml (OK - compressed)
48888188 res/drawable/btn_ic_save.xml (OK - compressed)
48888639 res/drawable/btn_ic_search.xml (OK - compressed)
48889140 res/drawable/btn_ic_send.xml (OK - compressed)
48889517 res/drawable/btn_ic_settings.xml (OK - compressed)
48890229 res/drawable/btn_ic_share.xml (OK - compressed)
48890803 res/drawable/btn_ic_star_off.xml (OK - compressed)
48891285 res/drawable/btn_ic_star_on.xml (OK - compressed)
48891708 res/drawable/btn_ic_text_fields.xml (OK - compressed)
48892106 res/drawable/btn_ic_text_format.xml (OK - compressed)
48892535 res/drawable/btn_radio_off_mtrl.xml (OK - compressed)
48893319 res/drawable/btn_radio_off_to_on_mtrl_animation.xml (OK - compressed)
48893684 res/drawable/btn_radio_on_mtrl.xml (OK - compressed)
48894443 res/drawable/btn_radio_on_to_off_mtrl_animation.xml (OK - compressed)
48894812 res/drawable/design_fab_background.xml (OK - compressed)
48895063 res/drawable/design_ic_visibility.xml (OK - compressed)
48895414 res/drawable/design_ic_visibility_off.xml (OK - compressed)
48896104 res/drawable/design_password_eye.xml (OK - compressed)
48896523 res/drawable/design_snackbar_background.xml (OK - compressed)
48896812 res/drawable/drawerdefaulticon.png (OK)
48901776 res/drawable/ic_about.xml (OK - compressed)
48902198 res/drawable/ic_android_12dp.xml (OK - compressed)
48902861 res/drawable/ic_apple_12dp.xml (OK - compressed)
48903598 res/drawable/ic_arrow_back_black_24.xml (OK - compressed)
48903991 res/drawable/ic_at_black.xml (OK - compressed)
48904911 res/drawable/ic_baseline_thumb_down_24.xml (OK - compressed)
48905438 res/drawable/ic_baseline_thumb_up_24.xml (OK - compressed)
48905965 res/drawable/ic_clear_accent_24dp.xml (OK - compressed)
48906371 res/drawable/ic_clear_black_24.xml (OK - compressed)
48906802 res/drawable/ic_clock_black_24dp.xml (OK - compressed)
48907276 res/drawable/ic_code.xml (OK - compressed)
48907686 res/drawable/ic_color_lens.xml (OK - compressed)
48908273 res/drawable/ic_file_download.xml (OK - compressed)
48908663 res/drawable/ic_format_bold_black.xml (OK - compressed)
48909166 res/drawable/ic_format_collapse_black.xml (OK - compressed)
48909719 res/drawable/ic_format_color_text_black.xml (OK - compressed)
48910191 res/drawable/ic_format_italic_black.xml (OK - compressed)
48910582 res/drawable/ic_format_quote_black.xml (OK - compressed)
48910970 res/drawable/ic_format_size_black.xml (OK - compressed)
48911378 res/drawable/ic_format_strike_through_black.xml (OK - compressed)
48911782 res/drawable/ic_format_underlined_black.xml (OK - compressed)
48912218 res/drawable/ic_github.xml (OK - compressed)
48912896 res/drawable/ic_image_24dp.xml (OK - compressed)
48913359 res/drawable/ic_keyboard_black_24dp.xml (OK - compressed)
48913853 res/drawable/ic_license.xml (OK - compressed)
48914281 res/drawable/ic_link_black.xml (OK - compressed)
48914776 res/drawable/ic_m3_chip_check.xml (OK - compressed)
48915211 res/drawable/ic_m3_chip_checked_circle.xml (OK - compressed)
48915686 res/drawable/ic_m3_chip_close.xml (OK - compressed)
48916092 res/drawable/ic_more_ver_24dp.xml (OK - compressed)
48916511 res/drawable/ic_mtrl_checked_circle.xml (OK - compressed)
48916951 res/drawable/ic_mtrl_chip_checked_black.xml (OK - compressed)
48917345 res/drawable/ic_mtrl_chip_checked_circle.xml (OK - compressed)
48917865 res/drawable/ic_mtrl_chip_close_circle.xml (OK - compressed)
48918326 res/drawable/ic_person.xml (OK - compressed)
48918744 res/drawable/ic_qq.xml (OK - compressed)
48919685 res/drawable/ic_reply_24dp.xml (OK - compressed)
48920087 res/drawable/ic_search_black_24.xml (OK - compressed)
48920596 res/drawable/ic_smartphone_12dp.xml (OK - compressed)
48921022 res/drawable/ic_subtitles_24dp.xml (OK - compressed)
48921496 res/drawable/ic_update_24dp.xml (OK - compressed)
48922046 res/drawable/ic_windows_12dp.xml (OK - compressed)
48922755 res/drawable/indeterminate_static.xml (OK - compressed)
48923277 res/drawable/m3_avd_hide_password.xml (OK - compressed)
48923644 res/drawable/m3_avd_show_password.xml (OK - compressed)
48924019 res/drawable/m3_bottom_sheet_drag_handle.xml (OK - compressed)
48924367 res/drawable/m3_password_eye.xml (OK - compressed)
48924791 res/drawable/m3_popupmenu_background_overlay.xml (OK - compressed)
48925184 res/drawable/m3_tabs_line_indicator.xml (OK - compressed)
48925489 res/drawable/m3_tabs_rounded_line_indicator.xml (OK - compressed)
48925969 res/drawable/material_ic_calendar_black_24dp.xml (OK - compressed)
48926425 res/drawable/material_ic_clear_black_24dp.xml (OK - compressed)
48926875 res/drawable/material_ic_edit_black_24dp.xml (OK - compressed)
48927349 res/drawable/material_ic_keyboard_arrow_left_black_24dp.xml (OK - compressed)
48927813 res/drawable/material_ic_keyboard_arrow_right_black_24dp.xml (OK - compressed)
48928262 res/drawable/material_ic_menu_arrow_down_black_24dp.xml (OK - compressed)
48928679 res/drawable/material_ic_menu_arrow_up_black_24dp.xml (OK - compressed)
48929088 res/drawable/mtrl_bottomsheet_drag_handle.xml (OK - compressed)
48929434 res/drawable/mtrl_checkbox_button.xml (OK - compressed)
48929950 res/drawable/mtrl_checkbox_button_checked_unchecked.xml (OK - compressed)
48930304 res/drawable/mtrl_checkbox_button_icon.xml (OK - compressed)
48930862 res/drawable/mtrl_checkbox_button_icon_checked_indeterminate.xml (OK - compressed)
48931207 res/drawable/mtrl_checkbox_button_icon_checked_unchecked.xml (OK - compressed)
48931583 res/drawable/mtrl_checkbox_button_icon_indeterminate_checked.xml (OK - compressed)
48931935 res/drawable/mtrl_checkbox_button_icon_indeterminate_unchecked.xml (OK - compressed)
48932307 res/drawable/mtrl_checkbox_button_icon_unchecked_checked.xml (OK - compressed)
48932685 res/drawable/mtrl_checkbox_button_icon_unchecked_indeterminate.xml (OK - compressed)
48933052 res/drawable/mtrl_checkbox_button_unchecked_checked.xml (OK - compressed)
48933402 res/drawable/mtrl_dialog_background.xml (OK - compressed)
48933795 res/drawable/mtrl_dropdown_arrow.xml (OK - compressed)
48934096 res/drawable/mtrl_ic_arrow_drop_down.xml (OK - compressed)
48934464 res/drawable/mtrl_ic_arrow_drop_up.xml (OK - compressed)
48934824 res/drawable/mtrl_ic_cancel.xml (OK - compressed)
48935268 res/drawable/mtrl_ic_check_mark.xml (OK - compressed)
48935685 res/drawable/mtrl_ic_checkbox_checked.xml (OK - compressed)
48936139 res/drawable/mtrl_ic_checkbox_unchecked.xml (OK - compressed)
48936500 res/drawable/mtrl_ic_error.xml (OK - compressed)
48936919 res/drawable/mtrl_ic_indeterminate.xml (OK - compressed)
48937337 res/drawable/mtrl_popupmenu_background.xml (OK - compressed)
48937725 res/drawable/mtrl_switch_thumb.xml (OK - compressed)
48938354 res/drawable/mtrl_switch_thumb_checked.xml (OK - compressed)
48938776 res/drawable/mtrl_switch_thumb_checked_pressed.xml (OK - compressed)
48939114 res/drawable/mtrl_switch_thumb_checked_unchecked.xml (OK - compressed)
48939520 res/drawable/mtrl_switch_thumb_pressed.xml (OK - compressed)
48939943 res/drawable/mtrl_switch_thumb_pressed_checked.xml (OK - compressed)
48940282 res/drawable/mtrl_switch_thumb_pressed_unchecked.xml (OK - compressed)
48940613 res/drawable/mtrl_switch_thumb_unchecked.xml (OK - compressed)
48941038 res/drawable/mtrl_switch_thumb_unchecked_checked.xml (OK - compressed)
48941455 res/drawable/mtrl_switch_thumb_unchecked_pressed.xml (OK - compressed)
48941777 res/drawable/mtrl_switch_track.xml (OK - compressed)
48942161 res/drawable/mtrl_switch_track_decoration.xml (OK - compressed)
48942554 res/drawable/mtrl_tabs_default_indicator.xml (OK - compressed)
48942887 res/drawable/navigation_empty_icon.xml (OK - compressed)
48943201 res/drawable/nga_launcher_foreground.xml (OK - compressed)
48943911 res/drawable/nga_open_monochrome.xml (OK - compressed)
48944580 res/drawable/notification_bg.xml (OK - compressed)
48944898 res/drawable/notification_bg_low.xml (OK - compressed)
48945225 res/drawable/notification_icon_background.xml (OK - compressed)
48945477 res/drawable/notification_tile_bg.xml (OK - compressed)
48945715 res/drawable/test_level_drawable.xml (OK - compressed)
48945999 res/drawable/text_cursor_drawable.xml (OK - compressed)
48946282 res/drawable/tooltip_frame_dark.xml (OK - compressed)
48946573 res/drawable/tooltip_frame_light.xml (OK - compressed)
48946884 res/interpolator-v21/m3_sys_motion_easing_emphasized.xml (OK - compressed)
48947147 res/interpolator-v21/m3_sys_motion_easing_emphasized_accelerate.xml (OK - compressed)
48947450 res/interpolator-v21/m3_sys_motion_easing_emphasized_decelerate.xml (OK - compressed)
48947739 res/interpolator-v21/m3_sys_motion_easing_linear.xml (OK - compressed)
48948031 res/interpolator-v21/m3_sys_motion_easing_standard.xml (OK - compressed)
48948335 res/interpolator-v21/m3_sys_motion_easing_standard_accelerate.xml (OK - compressed)
48948638 res/interpolator-v21/m3_sys_motion_easing_standard_decelerate.xml (OK - compressed)
48948925 res/interpolator-v21/mtrl_fast_out_linear_in.xml (OK - compressed)
48949212 res/interpolator-v21/mtrl_fast_out_slow_in.xml (OK - compressed)
48949504 res/interpolator-v21/mtrl_linear_out_slow_in.xml (OK - compressed)
48949816 res/interpolator/btn_checkbox_checked_mtrl_animation_interpolator_0.xml (OK - compressed)
48950104 res/interpolator/btn_checkbox_checked_mtrl_animation_interpolator_1.xml (OK - compressed)
48950397 res/interpolator/btn_checkbox_unchecked_mtrl_animation_interpolator_0.xml (OK - compressed)
48950687 res/interpolator/btn_checkbox_unchecked_mtrl_animation_interpolator_1.xml (OK - compressed)
48950974 res/interpolator/btn_radio_to_off_mtrl_animation_interpolator_0.xml (OK - compressed)
48951260 res/interpolator/btn_radio_to_on_mtrl_animation_interpolator_0.xml (OK - compressed)
48951517 res/interpolator/fast_out_slow_in.xml (OK - compressed)
48951793 res/interpolator/mtrl_linear.xml (OK - compressed)
48951951 res/layout-land/material_clock_period_toggle_land.xml (OK - compressed)
48952543 res/layout-land/material_timepicker.xml (OK - compressed)
48953295 res/layout-land/mtrl_picker_header_dialog.xml (OK - compressed)
48953984 res/layout-sw600dp-v13/design_layout_snackbar.xml (OK - compressed)
48954359 res/layout-sw600dp-v13/mtrl_layout_snackbar.xml (OK - compressed)
48954706 res/layout-v21/notification_action.xml (OK - compressed)
48955271 res/layout-v21/notification_action_tombstone.xml (OK - compressed)
48955890 res/layout-v21/notification_template_custom_big.xml (OK - compressed)
48956763 res/layout-v21/notification_template_icon_group.xml (OK - compressed)
48957249 res/layout-v26/abc_screen_toolbar.xml (OK - compressed)
48957968 res/layout-v26/mtrl_calendar_month.xml (OK - compressed)
48958480 res/layout-watch-v20/abc_alert_dialog_button_bar_material.xml (OK - compressed)
48959036 res/layout-watch-v20/abc_alert_dialog_title_material.xml (OK - compressed)
48959658 res/layout/abc_action_bar_title_item.xml (OK - compressed)
48960119 res/layout/abc_action_bar_up_container.xml (OK - compressed)
48960442 res/layout/abc_action_menu_item_layout.xml (OK - compressed)
48960903 res/layout/abc_action_menu_layout.xml (OK - compressed)
48961263 res/layout/abc_action_mode_bar.xml (OK - compressed)
48961612 res/layout/abc_action_mode_close_item_material.xml (OK - compressed)
48962106 res/layout/abc_activity_chooser_view.xml (OK - compressed)
48962783 res/layout/abc_activity_chooser_view_list_item.xml (OK - compressed)
48963433 res/layout/abc_alert_dialog_button_bar_material.xml (OK - compressed)
48964116 res/layout/abc_alert_dialog_material.xml (OK - compressed)
48965029 res/layout/abc_alert_dialog_title_material.xml (OK - compressed)
48965750 res/layout/abc_cascading_menu_item_layout.xml (OK - compressed)
48966530 res/layout/abc_dialog_title_material.xml (OK - compressed)
48967122 res/layout/abc_expanded_menu_layout.xml (OK - compressed)
48967426 res/layout/abc_list_menu_item_checkbox.xml (OK - compressed)
48967779 res/layout/abc_list_menu_item_icon.xml (OK - compressed)
48968230 res/layout/abc_list_menu_item_layout.xml (OK - compressed)
48968896 res/layout/abc_list_menu_item_radio.xml (OK - compressed)
48969262 res/layout/abc_popup_menu_header_item_layout.xml (OK - compressed)
48969768 res/layout/abc_popup_menu_item_layout.xml (OK - compressed)
48970646 res/layout/abc_screen_content_include.xml (OK - compressed)
48971005 res/layout/abc_screen_simple.xml (OK - compressed)
48971482 res/layout/abc_screen_simple_overlay_action_mode.xml (OK - compressed)
48971940 res/layout/abc_search_dropdown_item_icons_2line.xml (OK - compressed)
48972671 res/layout/abc_search_view.xml (OK - compressed)
48973842 res/layout/abc_select_dialog_material.xml (OK - compressed)
48974434 res/layout/abc_tooltip.xml (OK - compressed)
48975003 res/layout/activity_change_avatar.xml (OK - compressed)
48976071 res/layout/activity_change_sign_reply.xml (OK - compressed)
48976974 res/layout/activity_forum_list.xml (OK - compressed)
48977591 res/layout/activity_image_zoom.xml (OK - compressed)
48978747 res/layout/activity_login.xml (OK - compressed)
48979282 res/layout/activity_nearby_user.xml (OK - compressed)
48979809 res/layout/activity_post.xml (OK - compressed)
48980371 res/layout/activity_settings.xml (OK - compressed)
48980883 res/layout/activity_toolbar_template.xml (OK - compressed)
48981422 res/layout/activity_user_profile.xml (OK - compressed)
48982503 res/layout/activity_user_profile_content.xml (OK - compressed)
48984783 res/layout/activity_webview_layout.xml (OK - compressed)
48985077 res/layout/custom_dialog.xml (OK - compressed)
48985462 res/layout/design_bottom_navigation_item.xml (OK - compressed)
48986206 res/layout/design_bottom_sheet_dialog.xml (OK - compressed)
48986791 res/layout/design_layout_snackbar.xml (OK - compressed)
48987165 res/layout/design_layout_snackbar_include.xml (OK - compressed)
48987895 res/layout/design_layout_tab_icon.xml (OK - compressed)
48988202 res/layout/design_layout_tab_text.xml (OK - compressed)
48988522 res/layout/design_menu_item_action_area.xml (OK - compressed)
48988777 res/layout/design_navigation_item.xml (OK - compressed)
48989205 res/layout/design_navigation_item_header.xml (OK - compressed)
48989536 res/layout/design_navigation_item_separator.xml (OK - compressed)
48989858 res/layout/design_navigation_item_subheader.xml (OK - compressed)
48990245 res/layout/design_navigation_menu.xml (OK - compressed)
48990623 res/layout/design_navigation_menu_item.xml (OK - compressed)
48991126 res/layout/design_text_input_end_icon.xml (OK - compressed)
48991565 res/layout/design_text_input_start_icon.xml (OK - compressed)
48991988 res/layout/dialog_add_board.xml (OK - compressed)
48992527 res/layout/dialog_ai_summary.xml (OK - compressed)
48993416 res/layout/dialog_client.xml (OK - compressed)
48993733 res/layout/dialog_default.xml (OK - compressed)
48994192 res/layout/dialog_image_domain.xml (OK - compressed)
48994859 res/layout/dialog_login.xml (OK - compressed)
48995596 res/layout/dialog_page_picker.xml (OK - compressed)
48996213 res/layout/dialog_post_comment.xml (OK - compressed)
48996711 res/layout/dialog_profile_search.xml (OK - compressed)
48997318 res/layout/dialog_report.xml (OK - compressed)
48997894 res/layout/dialog_search.xml (OK - compressed)
48998685 res/layout/dialog_signature.xml (OK - compressed)
48999022 res/layout/dialog_url_to.xml (OK - compressed)
48999521 res/layout/dialog_vote.xml (OK - compressed)
48999859 res/layout/expand_button.xml (OK - compressed)
49000649 res/layout/fragment_article_list.xml (OK - compressed)
49001082 res/layout/fragment_article_list_item.xml (OK - compressed)
49002294 res/layout/fragment_article_list_reply.xml (OK - compressed)
49003003 res/layout/fragment_article_tab.xml (OK - compressed)
49003787 res/layout/fragment_recent_reply.xml (OK - compressed)
49004257 res/layout/fragment_settings_size.xml (OK - compressed)
49005333 res/layout/fragment_settings_user.xml (OK - compressed)
49005669 res/layout/fragment_sub_board_item.xml (OK - compressed)
49006467 res/layout/fragment_topic_list.xml (OK - compressed)
49007148 res/layout/fragment_topic_list_base.xml (OK - compressed)
49007546 res/layout/fragment_topic_list_board.xml (OK - compressed)
49008387 res/layout/fragment_topic_list_simple.xml (OK - compressed)
49008988 res/layout/fragment_topic_post.xml (OK - compressed)
49010027 res/layout/image_frame.xml (OK - compressed)
49010593 res/layout/ime_base_split_test_activity.xml (OK - compressed)
49010872 res/layout/ime_secondary_split_test_activity.xml (OK - compressed)
49011352 res/layout/include_empty_view.xml (OK - compressed)
49011677 res/layout/include_loading_view.xml (OK - compressed)
49012205 res/layout/layout_toolbar_panel_category.xml (OK - compressed)
49012749 res/layout/layout_toolbar_panel_emoticon.xml (OK - compressed)
49013201 res/layout/layout_toolbar_panel_formatted_text.xml (OK - compressed)
49014231 res/layout/list_board_category_item.xml (OK - compressed)
49014694 res/layout/list_board_item.xml (OK - compressed)
49015137 res/layout/list_empty_view.xml (OK - compressed)
49015496 res/layout/list_loading_view.xml (OK - compressed)
49015870 res/layout/list_message.xml (OK - compressed)
49016718 res/layout/list_message_content.xml (OK - compressed)
49017409 res/layout/list_recent_notification_item.xml (OK - compressed)
49018076 res/layout/list_reply_ltem.xml (OK - compressed)
49018748 res/layout/list_search_history.xml (OK - compressed)
49019262 res/layout/list_topic.xml (OK - compressed)
49020111 res/layout/list_user_manager_item.xml (OK - compressed)
49020743 res/layout/m3_alert_dialog.xml (OK - compressed)
49021674 res/layout/m3_alert_dialog_actions.xml (OK - compressed)
49022362 res/layout/m3_alert_dialog_title.xml (OK - compressed)
49022847 res/layout/m3_auto_complete_simple_item.xml (OK - compressed)
49023235 res/layout/m3_side_sheet_dialog.xml (OK - compressed)
49023804 res/layout/mal_material_about_action_item.xml (OK - compressed)
49024606 res/layout/mal_material_about_activity.xml (OK - compressed)
49025212 res/layout/mal_material_about_fragment.xml (OK - compressed)
49025586 res/layout/mal_material_about_list_card.xml (OK - compressed)
49026438 res/layout/mal_material_about_title_item.xml (OK - compressed)
49027278 res/layout/material_chip_input_combo.xml (OK - compressed)
49027570 res/layout/material_clock_display.xml (OK - compressed)
49028000 res/layout/material_clock_display_divider.xml (OK - compressed)
49028337 res/layout/material_clock_period_toggle.xml (OK - compressed)
49028950 res/layout/material_clockface_textview.xml (OK - compressed)
49029291 res/layout/material_clockface_view.xml (OK - compressed)
49029837 res/layout/material_radial_view_group.xml (OK - compressed)
49030265 res/layout/material_textinput_timepicker.xml (OK - compressed)
49030681 res/layout/material_time_chip.xml (OK - compressed)
49030976 res/layout/material_time_input.xml (OK - compressed)
49031469 res/layout/material_timepicker.xml (OK - compressed)
49032208 res/layout/material_timepicker_dialog.xml (OK - compressed)
49033231 res/layout/material_timepicker_textinput_display.xml (OK - compressed)
49033619 res/layout/mtrl_alert_dialog.xml (OK - compressed)
49034466 res/layout/mtrl_alert_dialog_actions.xml (OK - compressed)
49035190 res/layout/mtrl_alert_dialog_title.xml (OK - compressed)
49035674 res/layout/mtrl_alert_select_dialog_item.xml (OK - compressed)
49036075 res/layout/mtrl_alert_select_dialog_multichoice.xml (OK - compressed)
49036627 res/layout/mtrl_alert_select_dialog_singlechoice.xml (OK - compressed)
49037172 res/layout/mtrl_auto_complete_simple_item.xml (OK - compressed)
49037558 res/layout/mtrl_calendar_day.xml (OK - compressed)
49037837 res/layout/mtrl_calendar_day_of_week.xml (OK - compressed)
49038116 res/layout/mtrl_calendar_days_of_week.xml (OK - compressed)
49038445 res/layout/mtrl_calendar_horizontal.xml (OK - compressed)
49038962 res/layout/mtrl_calendar_month_labeled.xml (OK - compressed)
49039406 res/layout/mtrl_calendar_month_navigation.xml (OK - compressed)
49040129 res/layout/mtrl_calendar_months.xml (OK - compressed)
49040441 res/layout/mtrl_calendar_vertical.xml (OK - compressed)
49040843 res/layout/mtrl_calendar_year.xml (OK - compressed)
49041117 res/layout/mtrl_layout_snackbar.xml (OK - compressed)
49041470 res/layout/mtrl_layout_snackbar_include.xml (OK - compressed)
49041988 res/layout/mtrl_navigation_rail_item.xml (OK - compressed)
49042766 res/layout/mtrl_picker_actions.xml (OK - compressed)
49043268 res/layout/mtrl_picker_dialog.xml (OK - compressed)
49043820 res/layout/mtrl_picker_fullscreen.xml (OK - compressed)
49044310 res/layout/mtrl_picker_header_dialog.xml (OK - compressed)
49044988 res/layout/mtrl_picker_header_fullscreen.xml (OK - compressed)
49046071 res/layout/mtrl_picker_header_selection_text.xml (OK - compressed)
49046522 res/layout/mtrl_picker_header_title_text.xml (OK - compressed)
49046914 res/layout/mtrl_picker_header_toggle.xml (OK - compressed)
49047288 res/layout/mtrl_picker_text_input_date.xml (OK - compressed)
49047811 res/layout/mtrl_picker_text_input_date_range.xml (OK - compressed)
49048431 res/layout/mtrl_search_bar.xml (OK - compressed)
49048774 res/layout/mtrl_search_view.xml (OK - compressed)
49049970 res/layout/nav_header_view_flipper.xml (OK - compressed)
49050331 res/layout/nav_menu_action_view_gun.xml (OK - compressed)
49050670 res/layout/notification_media_action.xml (OK - compressed)
49051050 res/layout/notification_media_cancel_action.xml (OK - compressed)
49051500 res/layout/notification_template_big_media.xml (OK - compressed)
49052230 res/layout/notification_template_big_media_custom.xml (OK - compressed)
49053306 res/layout/notification_template_big_media_narrow.xml (OK - compressed)
49054062 res/layout/notification_template_big_media_narrow_custom.xml (OK - compressed)
49055173 res/layout/notification_template_lines_media.xml (OK - compressed)
49056050 res/layout/notification_template_media.xml (OK - compressed)
49056644 res/layout/notification_template_media_custom.xml (OK - compressed)
49057622 res/layout/notification_template_part_chronometer.xml (OK - compressed)
49057959 res/layout/notification_template_part_time.xml (OK - compressed)
49058276 res/layout/preference.xml (OK - compressed)
49059221 res/layout/preference_category.xml (OK - compressed)
49059513 res/layout/preference_category_material.xml (OK - compressed)
49060317 res/layout/preference_dialog_edittext.xml (OK - compressed)
49060906 res/layout/preference_dropdown.xml (OK - compressed)
49061910 res/layout/preference_dropdown_material.xml (OK - compressed)
49062327 res/layout/preference_information.xml (OK - compressed)
49063060 res/layout/preference_information_material.xml (OK - compressed)
49063881 res/layout/preference_list_fragment.xml (OK - compressed)
49064314 res/layout/preference_material.xml (OK - compressed)
49065200 res/layout/preference_recyclerview.xml (OK - compressed)
49065572 res/layout/preference_widget_checkbox.xml (OK - compressed)
49065903 res/layout/preference_widget_seekbar.xml (OK - compressed)
49067009 res/layout/preference_widget_seekbar_material.xml (OK - compressed)
49068173 res/layout/preference_widget_switch.xml (OK - compressed)
49068509 res/layout/preference_widget_switch_compat.xml (OK - compressed)
49068862 res/layout/select_dialog_item_material.xml (OK - compressed)
49069293 res/layout/select_dialog_multichoice_material.xml (OK - compressed)
49069818 res/layout/select_dialog_singlechoice_material.xml (OK - compressed)
49070344 res/layout/support_simple_spinner_dropdown_item.xml (OK - compressed)
49070675 res/layout/swipeback_layout.xml (OK - compressed)
49070958 res/layout/toast_layout.xml (OK - compressed)
49071452 res/menu/article_list_context_menu.xml (OK - compressed)
49071814 res/menu/article_list_context_menu_with_tid.xml (OK - compressed)
49072229 res/menu/article_list_option_menu.xml (OK - compressed)
49072754 res/menu/article_list_option_menu_reply.xml (OK - compressed)
49073082 res/menu/fragment_webview.xml (OK - compressed)
49073413 res/menu/main_navigation_menu.xml (OK - compressed)
49073958 res/menu/menu_cache_list.xml (OK - compressed)
49074330 res/menu/menu_default.xml (OK - compressed)
49074716 res/menu/menu_image_zoom.xml (OK - compressed)
49075110 res/menu/menu_search.xml (OK - compressed)
49075484 res/menu/menu_user_profile.xml (OK - compressed)
49075957 res/menu/message_post_menu.xml (OK - compressed)
49076286 res/menu/recent_reply_menu.xml (OK - compressed)
49076623 res/menu/settings_ai_option_menu.xml (OK - compressed)
49076963 res/menu/settings_black_list_option_menu.xml (OK - compressed)
49077276 res/menu/topic_list_menu.xml (OK - compressed)
49077790 res/menu/topic_post_menu.xml (OK - compressed)
49078121 res/menu/webview_option_menu.xml (OK - compressed)
49078456 res/mipmap-anydpi-v26/ic_launcher.xml (OK - compressed)
49078774 res/mipmap-anydpi-v26/ic_launcher_round.xml (OK - compressed)
49079084 res/mipmap-hdpi-v4/ic_launcher.png (OK)
49081816 res/mipmap-hdpi-v4/ic_launcher_foreground.png (OK)
49086512 res/mipmap-hdpi-v4/ic_launcher_round.png (OK)
49091512 res/mipmap-mdpi-v4/ic_launcher.png (OK)
49093232 res/mipmap-mdpi-v4/ic_launcher_foreground.png (OK)
49096112 res/mipmap-mdpi-v4/ic_launcher_round.png (OK)
49099144 res/mipmap-xhdpi-v4/ic_launcher.png (OK)
49103000 res/mipmap-xhdpi-v4/ic_launcher_foreground.png (OK)
49109672 res/mipmap-xhdpi-v4/ic_launcher_round.png (OK)
49116972 res/mipmap-xxhdpi-v4/ic_launcher.png (OK)
49123436 res/mipmap-xxhdpi-v4/ic_launcher_foreground.png (OK)
49134720 res/mipmap-xxhdpi-v4/ic_launcher_round.png (OK)
49146476 res/mipmap-xxxhdpi-v4/ic_launcher.png (OK)
49155708 res/mipmap-xxxhdpi-v4/ic_launcher_foreground.png (OK)
49172508 res/mipmap-xxxhdpi-v4/ic_launcher_round.png (OK)
49189460 res/raw/default_avatar.png (OK)
49232498 res/xml/file_paths.xml (OK - compressed)
49232712 res/xml/network_security_config.xml (OK - compressed)
49232909 res/xml/settings.xml (OK - compressed)
49234606 res/xml/settings_ai.xml (OK - compressed)
49235050 res/xml/settings_lab.xml (OK - compressed)
49235686 res/xml/static_shortcuts.xml (OK - compressed)
49236340 resources.arsc (OK)
49914407 DebugProbesKt.bin (OK - compressed)
49915272 META-INF/androidx.activity_activity-compose.version (OK)
49915356 META-INF/androidx.activity_activity-ktx.version (OK)
49915436 META-INF/androidx.activity_activity.version (OK)
49915536 META-INF/androidx.annotation_annotation-experimental.version (OK)
49915628 META-INF/androidx.appcompat_appcompat-resources.version (OK)
49915712 META-INF/androidx.appcompat_appcompat.version (OK)
49915796 META-INF/androidx.arch.core_core-runtime.version (OK - compressed)
49915952 META-INF/androidx.asynclayoutinflater_asynclayoutinflater.version (OK)
49916032 META-INF/androidx.autofill_autofill.version (OK)
49916112 META-INF/androidx.cardview_cardview.version (OK)
49916208 META-INF/androidx.compose.animation_animation-core.version (OK)
49916300 META-INF/androidx.compose.animation_animation.version (OK)
49916400 META-INF/androidx.compose.foundation_foundation-layout.version (OK)
49916492 META-INF/androidx.compose.foundation_foundation.version (OK)
49916584 META-INF/androidx.compose.material3_material3.version (OK)
49916684 META-INF/androidx.compose.material_material-icons-core.version (OK)
49916780 META-INF/androidx.compose.material_material-ripple.version (OK)
49916868 META-INF/androidx.compose.material_material.version (OK)
49916964 META-INF/androidx.compose.runtime_runtime-livedata.version (OK)
49917060 META-INF/androidx.compose.runtime_runtime-saveable.version (OK)
49917148 META-INF/androidx.compose.runtime_runtime.version (OK)
49917232 META-INF/androidx.compose.ui_ui-geometry.version (OK)
49917316 META-INF/androidx.compose.ui_ui-graphics.version (OK)
49917396 META-INF/androidx.compose.ui_ui-text.version (OK)
49917484 META-INF/androidx.compose.ui_ui-tooling-data.version (OK)
49917576 META-INF/androidx.compose.ui_ui-tooling-preview.version (OK)
49917660 META-INF/androidx.compose.ui_ui-tooling.version (OK)
49917740 META-INF/androidx.compose.ui_ui-unit.version (OK)
49917820 META-INF/androidx.compose.ui_ui-util.version (OK)
49917896 META-INF/androidx.compose.ui_ui.version (OK)
49917996 META-INF/androidx.coordinatorlayout_coordinatorlayout.version (OK)
49918072 META-INF/androidx.core_core-ktx.version (OK)
49918156 META-INF/androidx.core_core-viewtree.version (OK)
49918228 META-INF/androidx.core_core.version (OK)
49918320 META-INF/androidx.cursoradapter_cursoradapter.version (OK)
49918420 META-INF/androidx.customview_customview-poolingcontainer.version (OK)
49918504 META-INF/androidx.customview_customview.version (OK)
49918592 META-INF/androidx.documentfile_documentfile.version (OK)
49918680 META-INF/androidx.drawerlayout_drawerlayout.version (OK)
49918776 META-INF/androidx.dynamicanimation_dynamicanimation.version (OK)
49918864 META-INF/androidx.emoji2_emoji2-views-helper.version (OK)
49918940 META-INF/androidx.emoji2_emoji2.version (OK)
49919032 META-INF/androidx.exifinterface_exifinterface.version (OK)
49919116 META-INF/androidx.fragment_fragment-ktx.version (OK)
49919196 META-INF/androidx.fragment_fragment.version (OK)
49919280 META-INF/androidx.graphics_graphics-path.version (OK)
49919368 META-INF/androidx.interpolator_interpolator.version (OK)
49919460 META-INF/androidx.legacy_legacy-support-core-ui.version (OK)
49919556 META-INF/androidx.legacy_legacy-support-core-utils.version (OK)
49919644 META-INF/androidx.legacy_legacy-support-v4.version (OK)
49919744 META-INF/androidx.lifecycle_lifecycle-livedata-core-ktx.version (OK)
49919840 META-INF/androidx.lifecycle_lifecycle-livedata-core.version (OK)
49919932 META-INF/androidx.lifecycle_lifecycle-livedata.version (OK)
49920024 META-INF/androidx.lifecycle_lifecycle-process.version (OK)
49920124 META-INF/androidx.lifecycle_lifecycle-runtime-compose.version (OK)
49920220 META-INF/androidx.lifecycle_lifecycle-runtime-ktx.version (OK)
49920312 META-INF/androidx.lifecycle_lifecycle-runtime.version (OK)
49920408 META-INF/androidx.lifecycle_lifecycle-viewmodel-ktx.version (OK)
49920512 META-INF/androidx.lifecycle_lifecycle-viewmodel-savedstate.version (OK)
49920604 META-INF/androidx.lifecycle_lifecycle-viewmodel.version (OK)
49920680 META-INF/androidx.loader_loader.version (OK)
49920788 META-INF/androidx.localbroadcastmanager_localbroadcastmanager.version (OK)
49920864 META-INF/androidx.media_media.version (OK)
49920948 META-INF/androidx.paging_paging-common.version (OK)
49921032 META-INF/androidx.paging_paging-compose.version (OK)
49921120 META-INF/androidx.preference_preference-ktx.version (OK)
49921204 META-INF/androidx.preference_preference.version (OK)
49921280 META-INF/androidx.print_print.version (OK)
49921376 META-INF/androidx.profileinstaller_profileinstaller.version (OK)
49921464 META-INF/androidx.recyclerview_recyclerview.version (OK)
49921544 META-INF/androidx.room_room-runtime.version (OK)
49921632 META-INF/androidx.savedstate_savedstate-ktx.version (OK)
49921716 META-INF/androidx.savedstate_savedstate.version (OK)
49921816 META-INF/androidx.slidingpanelayout_slidingpanelayout.version (OK)
49921904 META-INF/androidx.sqlite_sqlite-framework.version (OK)
49921980 META-INF/androidx.sqlite_sqlite.version (OK)
49922068 META-INF/androidx.startup_startup-runtime.version (OK)
49922168 META-INF/androidx.swiperefreshlayout_swiperefreshlayout.version (OK)
49922248 META-INF/androidx.tracing_tracing.version (OK)
49922332 META-INF/androidx.transition_transition.version (OK)
49922432 META-INF/androidx.vectordrawable_vectordrawable-animated.version (OK)
49922524 META-INF/androidx.vectordrawable_vectordrawable.version (OK)
49922628 META-INF/androidx.versionedparcelable_versionedparcelable.version (OK)
49922712 META-INF/androidx.viewpager2_viewpager2.version (OK)
49922796 META-INF/androidx.viewpager_viewpager.version (OK)
49922872 META-INF/androidx.window_window.version (OK)
49922964 META-INF/com.google.android.material_material.version (OK)
49923044 META-INF/kotlinx_coroutines_android.version (OK)
49923120 META-INF/kotlinx_coroutines_core.version (OK)
49923217 META-INF/services/kotlinx.coroutines.CoroutineExceptionHandler (OK - compressed)
49923364 META-INF/services/kotlinx.coroutines.internal.MainDispatcherFactory (OK - compressed)
49923472 com/qq/jce/wup/wup.properties (OK - compressed)
49923613 kotlin/annotation/annotation.kotlin_builtins (OK - compressed)
49924222 kotlin/collections/collections.kotlin_builtins (OK - compressed)
49926135 kotlin/concurrent/atomics/atomics.kotlin_builtins (OK - compressed)
49927291 kotlin/coroutines/coroutines.kotlin_builtins (OK - compressed)
49927477 kotlin/internal/internal.kotlin_builtins (OK - compressed)
49927893 kotlin/kotlin.kotlin_builtins (OK - compressed)
49933301 kotlin/ranges/ranges.kotlin_builtins (OK - compressed)
49934723 kotlin/reflect/reflect.kotlin_builtins (OK - compressed)
49936224 okhttp3/internal/publicsuffix/NOTICE (OK - compressed)
49936452 okhttp3/internal/publicsuffix/publicsuffixes.gz (OK)
Verification succesful
