
> Configure project :lib_base_common
WARNING: The option setting 'android.defaults.buildfeatures.buildconfig=true' is deprecated.
The current default is 'false'.
It will be removed in version 10.0 of the Android Gradle plugin.
To keep using this feature, add the following to your module-level build.gradle files:
    android.buildFeatures.buildConfig = true
or from Android Studio, click: `Refactor` > `Migrate BuildConfig to Gradle Build Files`.

> Configure project :nga_phone_base_3.0
WARNING: DSL element 'isRenderscriptDebuggable' is obsolete and should be removed.
It will be removed in version 9.0 of the Android Gradle plugin.

> Task :lib_module_debug:checkKotlinGradlePluginConfigurationErrors SKIPPED
> Task :lib_core:checkKotlinGradlePluginConfigurationErrors SKIPPED
> Task :lib_bu_account:checkKotlinGradlePluginConfigurationErrors SKIPPED
> Task :lib_bu_message:checkKotlinGradlePluginConfigurationErrors SKIPPED
> Task :lib_base_ui_compose:checkKotlinGradlePluginConfigurationErrors SKIPPED
> Task :lib_base_service_api:checkKotlinGradlePluginConfigurationErrors SKIPPED
> Task :lib_base_logger:preBuild UP-TO-DATE
> Task :lib_core_data:checkKotlinGradlePluginConfigurationErrors SKIPPED
> Task :lib_base_ui:checkKotlinGradlePluginConfigurationErrors SKIPPED
> Task :lib_base_network:checkKotlinGradlePluginConfigurationErrors SKIPPED
> Task :lib_base_common:checkKotlinGradlePluginConfigurationErrors SKIPPED
> Task :lib_bu_statistics:preBuild UP-TO-DATE
> Task :lib_base_logger:preReleaseBuild UP-TO-DATE
> Task :lib_base_service_api:preBuild UP-TO-DATE
> Task :lib_base_network:preBuild UP-TO-DATE
> Task :lib_bu_statistics:preReleaseBuild UP-TO-DATE
> Task :lib_base_common:preBuild UP-TO-DATE
> Task :lib_base_service_api:preReleaseBuild UP-TO-DATE
> Task :lib_base_ui_compose:preBuild UP-TO-DATE
> Task :lib_base_common:preReleaseBuild UP-TO-DATE
> Task :lib_core_data:preBuild UP-TO-DATE
> Task :lib_base_ui_compose:preReleaseBuild UP-TO-DATE
> Task :lib_module_debug:preBuild UP-TO-DATE
> Task :lib_core_data:preReleaseBuild UP-TO-DATE
> Task :lib_bu_message:preBuild UP-TO-DATE
> Task :lib_bu_account:preBuild UP-TO-DATE
> Task :lib_bu_message:preReleaseBuild UP-TO-DATE
> Task :lib_core:preBuild UP-TO-DATE
> Task :lib_module_debug:preReleaseBuild UP-TO-DATE
> Task :lib_base_ui:preBuild UP-TO-DATE
> Task :lib_bu_account:preReleaseBuild UP-TO-DATE
> Task :lib_base_network:preReleaseBuild UP-TO-DATE
> Task :lib_base_ui:preReleaseBuild UP-TO-DATE
> Task :lib_core:preReleaseBuild UP-TO-DATE
> Task :lib_base_service_api:generateReleaseBuildConfig
> Task :lib_base_service_api:generateReleaseResValues UP-TO-DATE
> Task :lib_base_logger:generateReleaseBuildConfig
> Task :lib_base_logger:generateReleaseResValues UP-TO-DATE
> Task :lib_base_common:generateReleaseBuildConfig
> Task :lib_core:generateReleaseBuildConfig
> Task :lib_core_data:generateReleaseBuildConfig
> Task :lib_bu_statistics:generateReleaseBuildConfig
> Task :lib_base_common:generateReleaseResValues UP-TO-DATE
> Task :lib_core:generateReleaseResValues UP-TO-DATE
> Task :lib_bu_statistics:generateReleaseResValues UP-TO-DATE
> Task :lib_base_ui_compose:generateReleaseBuildConfig
> Task :lib_core_data:generateReleaseResValues UP-TO-DATE
> Task :lib_base_ui_compose:generateReleaseResValues UP-TO-DATE
> Task :lib_bu_message:generateReleaseBuildConfig
> Task :lib_bu_account:generateReleaseBuildConfig
> Task :lib_base_ui:generateReleaseBuildConfig
> Task :lib_bu_account:generateReleaseResValues UP-TO-DATE
> Task :lib_bu_message:generateReleaseResValues UP-TO-DATE
> Task :lib_base_ui:generateReleaseResValues UP-TO-DATE
> Task :lib_base_service_api:generateReleaseResources
> Task :lib_module_debug:generateReleaseBuildConfig
> Task :lib_module_debug:generateReleaseResValues UP-TO-DATE
> Task :lib_base_network:generateReleaseBuildConfig
> Task :lib_base_network:generateReleaseResValues UP-TO-DATE
> Task :lib_core:generateReleaseResources FROM-CACHE
> Task :lib_core_data:generateReleaseResources FROM-CACHE
> Task :lib_bu_statistics:generateReleaseResources FROM-CACHE
> Task :lib_base_network:generateReleaseResources FROM-CACHE
> Task :lib_base_logger:generateReleaseResources
> Task :lib_base_common:generateReleaseResources
> Task :lib_bu_account:generateReleaseResources
> Task :lib_base_ui_compose:generateReleaseResources
> Task :lib_base_ui:generateReleaseResources
> Task :lib_bu_message:generateReleaseResources
> Task :lib_module_debug:generateReleaseResources
> Task :lib_base_logger:javaPreCompileRelease FROM-CACHE
> Task :lib_base_ui:javaPreCompileRelease FROM-CACHE
> Task :lib_base_service_api:packageReleaseResources
> Task :lib_base_logger:extractDeepLinksRelease UP-TO-DATE
> Task :lib_base_logger:writeReleaseAarMetadata
> Task :lib_bu_message:javaPreCompileRelease FROM-CACHE
> Task :lib_base_logger:processReleaseManifest UP-TO-DATE
> Task :lib_core_data:packageReleaseResources
> Task :lib_core:packageReleaseResources
> Task :lib_bu_statistics:packageReleaseResources
> Task :lib_module_debug:javaPreCompileRelease FROM-CACHE
> Task :lib_base_network:packageReleaseResources
> Task :lib_bu_message:writeReleaseAarMetadata
> Task :lib_bu_account:packageReleaseResources
> Task :lib_bu_statistics:parseReleaseLocalResources FROM-CACHE
> Task :lib_core_data:parseReleaseLocalResources FROM-CACHE
> Task :lib_core:parseReleaseLocalResources FROM-CACHE
> Task :lib_base_service_api:parseReleaseLocalResources FROM-CACHE
> Task :lib_base_network:parseReleaseLocalResources FROM-CACHE
> Task :lib_base_ui_compose:packageReleaseResources
> Task :lib_base_common:packageReleaseResources
> Task :lib_bu_account:parseReleaseLocalResources FROM-CACHE
> Task :lib_base_ui_compose:parseReleaseLocalResources FROM-CACHE
> Task :lib_bu_statistics:generateReleaseRFile FROM-CACHE
> Task :lib_base_common:parseReleaseLocalResources FROM-CACHE
> Task :lib_core_data:generateReleaseRFile FROM-CACHE
> Task :lib_base_logger:packageReleaseResources
> Task :lib_core:generateReleaseRFile FROM-CACHE
> Task :lib_base_service_api:generateReleaseRFile FROM-CACHE
> Task :lib_module_debug:packageReleaseResources
> Task :lib_base_network:generateReleaseRFile FROM-CACHE
> Task :lib_bu_statistics:javaPreCompileRelease FROM-CACHE
> Task :lib_base_ui:packageReleaseResources
> Task :lib_bu_account:generateReleaseRFile FROM-CACHE
> Task :lib_core_data:javaPreCompileRelease FROM-CACHE
> Task :lib_module_debug:parseReleaseLocalResources FROM-CACHE
> Task :lib_core:javaPreCompileRelease FROM-CACHE
> Task :lib_base_network:javaPreCompileRelease FROM-CACHE
> Task :lib_base_logger:parseReleaseLocalResources FROM-CACHE
> Task :lib_base_ui_compose:generateReleaseRFile FROM-CACHE
> Task :lib_bu_message:packageReleaseResources
> Task :lib_base_common:generateReleaseRFile FROM-CACHE
> Task :lib_base_ui:parseReleaseLocalResources FROM-CACHE
> Task :nga_phone_base_3.0:buildKotlinToolingMetadata
> Task :nga_phone_base_3.0:preBuild UP-TO-DATE
> Task :lib_core:compileReleaseLibraryResources
> Task :nga_phone_base_3.0:preReleaseBuild UP-TO-DATE
> Task :lib_bu_statistics:compileReleaseLibraryResources
> Task :lib_module_debug:generateReleaseRFile FROM-CACHE
> Task :lib_base_ui_compose:javaPreCompileRelease FROM-CACHE
> Task :lib_core:extractDeepLinksRelease UP-TO-DATE
> Task :lib_bu_message:parseReleaseLocalResources FROM-CACHE
> Task :lib_core:writeReleaseAarMetadata
> Task :lib_base_logger:generateReleaseRFile FROM-CACHE
> Task :lib_base_network:compileReleaseLibraryResources
> Task :lib_core:processReleaseManifest UP-TO-DATE
> Task :lib_bu_statistics:extractDeepLinksRelease UP-TO-DATE
> Task :lib_core_data:compileReleaseLibraryResources
> Task :lib_core_data:extractDeepLinksRelease UP-TO-DATE
> Task :lib_bu_statistics:processReleaseManifest UP-TO-DATE
> Task :lib_bu_statistics:writeReleaseAarMetadata
> Task :lib_base_network:extractDeepLinksRelease UP-TO-DATE
> Task :lib_core:prepareReleaseArtProfile
> Task :lib_core_data:writeReleaseAarMetadata
> Task :lib_core_data:processReleaseManifest UP-TO-DATE
> Task :lib_module_debug:compileReleaseLibraryResources FROM-CACHE
> Task :lib_base_network:processReleaseManifest UP-TO-DATE
> Task :lib_base_logger:compileReleaseLibraryResources FROM-CACHE
> Task :lib_base_ui:generateReleaseRFile FROM-CACHE
> Task :lib_base_network:prepareReleaseArtProfile
> Task :lib_bu_statistics:prepareReleaseArtProfile
> Task :lib_base_network:writeReleaseAarMetadata
> Task :lib_base_ui_compose:extractDeepLinksRelease UP-TO-DATE
> Task :lib_base_logger:prepareReleaseArtProfile
> Task :lib_module_debug:extractDeepLinksRelease UP-TO-DATE
> Task :lib_base_ui_compose:processReleaseManifest UP-TO-DATE
> Task :lib_module_debug:writeReleaseAarMetadata
> Task :lib_module_debug:processReleaseManifest UP-TO-DATE
> Task :lib_bu_message:generateReleaseRFile FROM-CACHE
> Task :lib_bu_statistics:processReleaseJavaRes NO-SOURCE
> Task :lib_base_logger:processReleaseJavaRes NO-SOURCE
> Task :lib_base_ui:compileReleaseLibraryResources
> Task :lib_base_ui_compose:prepareReleaseArtProfile
> Task :lib_core_data:prepareReleaseArtProfile
> Task :lib_base_ui_compose:writeReleaseAarMetadata
> Task :lib_base_ui:extractDeepLinksRelease UP-TO-DATE
> Task :lib_base_ui:writeReleaseAarMetadata
> Task :lib_module_debug:prepareReleaseArtProfile
> Task :lib_base_ui:processReleaseManifest UP-TO-DATE
> Task :lib_base_ui_compose:compileReleaseLibraryResources
> Task :lib_bu_account:javaPreCompileRelease FROM-CACHE
> Task :lib_bu_message:extractDeepLinksRelease UP-TO-DATE
> Task :lib_bu_message:processReleaseManifest UP-TO-DATE
> Task :lib_base_ui:prepareReleaseArtProfile
> Task :lib_bu_message:prepareReleaseArtProfile
> Task :lib_bu_account:extractDeepLinksRelease UP-TO-DATE
> Task :lib_bu_account:writeReleaseAarMetadata
> Task :lib_bu_account:processReleaseManifest UP-TO-DATE
> Task :lib_bu_account:prepareReleaseArtProfile
> Task :lib_bu_account:compileReleaseLibraryResources
> Task :lib_base_service_api:javaPreCompileRelease FROM-CACHE
> Task :lib_base_service_api:compileReleaseLibraryResources FROM-CACHE
> Task :lib_base_service_api:extractDeepLinksRelease UP-TO-DATE
> Task :lib_base_service_api:processReleaseManifest UP-TO-DATE
> Task :lib_bu_message:compileReleaseLibraryResources
> Task :lib_base_service_api:prepareReleaseArtProfile
> Task :lib_base_service_api:writeReleaseAarMetadata
> Task :lib_base_common:javaPreCompileRelease FROM-CACHE
> Task :nga_phone_base_3.0:checkKotlinGradlePluginConfigurationErrors SKIPPED
> Task :lib_base_common:compileReleaseLibraryResources
> Task :nga_phone_base_3.0:generateReleaseBuildConfig
> Task :nga_phone_base_3.0:generateReleaseResValues UP-TO-DATE
> Task :lib_base_common:extractDeepLinksRelease UP-TO-DATE
> Task :lib_base_common:writeReleaseAarMetadata
> Task :lib_base_common:processReleaseManifest UP-TO-DATE
> Task :lib_base_common:prepareReleaseArtProfile
> Task :nga_phone_base_3.0:mapReleaseSourceSetPaths
> Task :nga_phone_base_3.0:checkReleaseDuplicateClasses
> Task :nga_phone_base_3.0:generateReleaseResources
> Task :nga_phone_base_3.0:checkReleaseAarMetadata
> Task :lib_base_service_api:compileReleaseKotlin
> Task :lib_base_service_api:compileReleaseJavaWithJavac
> Task :lib_base_service_api:bundleLibCompileToJarRelease
> Task :lib_base_service_api:mergeReleaseGeneratedProguardFiles
> Task :lib_base_service_api:exportReleaseConsumerProguardFiles
> Task :lib_base_service_api:bundleLibRuntimeToJarRelease
> Task :lib_base_service_api:processReleaseJavaRes
> Task :lib_base_common:compileReleaseKotlin

> Task :lib_base_common:compileReleaseJavaWithJavac
Note: Some input files use or override a deprecated API.
Note: Recompile with -Xlint:deprecation for details.
Note: Some input files use unchecked or unsafe operations.
Note: Recompile with -Xlint:unchecked for details.

> Task :lib_base_common:mergeReleaseGeneratedProguardFiles
> Task :lib_base_common:bundleLibCompileToJarRelease
> Task :lib_base_common:exportReleaseConsumerProguardFiles
> Task :lib_base_common:bundleLibRuntimeToJarRelease
> Task :lib_base_common:processReleaseJavaRes
> Task :lib_bu_statistics:compileReleaseJavaWithJavac
> Task :lib_base_logger:compileReleaseJavaWithJavac
> Task :lib_bu_statistics:mergeReleaseGeneratedProguardFiles
> Task :lib_base_logger:bundleLibCompileToJarRelease
> Task :lib_base_logger:mergeReleaseGeneratedProguardFiles
> Task :lib_bu_statistics:exportReleaseConsumerProguardFiles
> Task :lib_bu_statistics:bundleLibCompileToJarRelease
> Task :lib_base_logger:exportReleaseConsumerProguardFiles
> Task :lib_bu_statistics:bundleLibRuntimeToJarRelease
> Task :lib_base_logger:bundleLibRuntimeToJarRelease
> Task :lib_base_network:compileReleaseKotlin
> Task :nga_phone_base_3.0:packageReleaseResources
> Task :nga_phone_base_3.0:parseReleaseLocalResources FROM-CACHE
> Task :nga_phone_base_3.0:createReleaseCompatibleScreenManifests
> Task :nga_phone_base_3.0:extractDeepLinksRelease UP-TO-DATE
> Task :nga_phone_base_3.0:processReleaseMainManifest UP-TO-DATE
> Task :nga_phone_base_3.0:processReleaseManifest
> Task :nga_phone_base_3.0:javaPreCompileRelease FROM-CACHE
> Task :lib_core_data:compileReleaseKotlin
> Task :lib_core_data:compileReleaseJavaWithJavac
> Task :lib_core_data:bundleLibCompileToJarRelease
> Task :lib_core_data:mergeReleaseGeneratedProguardFiles

> Task :lib_base_network:compileReleaseJavaWithJavac
Note: /home/toph/nga-just-works-upstream-adoption/lib_base_network/src/main/java/com/justwen/androidnga/base/network/retrofit/RetrofitHelper.java uses or overrides a deprecated API.
Note: Recompile with -Xlint:deprecation for details.

> Task :nga_phone_base_3.0:processReleaseManifestForPackage
> Task :nga_phone_base_3.0:extractProguardFiles UP-TO-DATE
> Task :lib_core_data:exportReleaseConsumerProguardFiles
> Task :nga_phone_base_3.0:mergeReleaseStartupProfile
> Task :lib_base_network:bundleLibCompileToJarRelease
> Task :lib_base_network:mergeReleaseGeneratedProguardFiles
> Task :lib_core_data:bundleLibRuntimeToJarRelease
> Task :lib_core_data:processReleaseJavaRes
> Task :lib_base_network:exportReleaseConsumerProguardFiles
> Task :lib_base_network:bundleLibRuntimeToJarRelease
> Task :nga_phone_base_3.0:mergeReleaseArtProfile
> Task :lib_base_network:processReleaseJavaRes
> Task :lib_base_ui:kaptGenerateStubsReleaseKotlin
> Task :nga_phone_base_3.0:mergeReleaseResources

> Task :lib_base_ui:kaptReleaseKotlin
[WARN] Issue detected with com.alibaba.android.arouter.compiler.processor.RouteProcessor. Expected 1 originating source file when generating /home/toph/nga-just-works-upstream-adoption/lib_base_ui/build/generated/source/kapt/release/com/alibaba/android/arouter/routes/ARouter$$Group$$base.java, but detected 0: [].
Note: ARouter::Compiler The user has configuration the module name, it was [lib_base_ui]
Note: ARouter::Compiler >>> AutowiredProcessor init. <<<
Note: ARouter::Compiler The user has configuration the module name, it was [lib_base_ui]
Note: ARouter::Compiler >>> InterceptorProcessor init. <<<
Note: ARouter::Compiler The user has configuration the module name, it was [lib_base_ui]
Note: ARouter::Compiler >>> RouteProcessor init. <<<
Note: ARouter::Compiler >>> Found routes, start... <<<
Note: ARouter::Compiler >>> Found routes, size is 1 <<<
Note: ARouter::Compiler >>> Found activity route: com.justwen.androidnga.ui.FragmentTemplateActivity <<<
Note: ARouter::Compiler >>> Start categories, group = base, path = /base/fragment <<<
Note: ARouter::Compiler >>> Generated group: base<<<
Note: ARouter::Compiler >>> Generated provider map, name is ARouter$$Providers$$lib_base_ui <<<
Note: ARouter::Compiler >>> Generated root, name is ARouter$$Root$$lib_base_ui <<<

> Task :lib_core:compileReleaseKotlin
> Task :lib_core:compileReleaseJavaWithJavac
> Task :lib_core:mergeReleaseGeneratedProguardFiles
> Task :lib_core:exportReleaseConsumerProguardFiles
> Task :lib_core:bundleLibCompileToJarRelease
> Task :lib_core:bundleLibRuntimeToJarRelease
> Task :lib_core:processReleaseJavaRes

> Task :lib_base_ui:compileReleaseKotlin
w: file:///home/toph/nga-just-works-upstream-adoption/lib_base_ui/src/main/java/com/justwen/androidnga/ui/BaseActivity.kt:64:16 'var navigationBarColor: Int' is deprecated. Deprecated in Java.

> Task :lib_base_ui_compose:compileReleaseKotlin
> Task :lib_base_ui:compileReleaseJavaWithJavac
> Task :lib_base_ui:mergeReleaseGeneratedProguardFiles
> Task :lib_base_ui:exportReleaseConsumerProguardFiles
> Task :lib_base_ui:bundleLibCompileToJarRelease
> Task :lib_base_ui:bundleLibRuntimeToJarRelease
> Task :lib_base_ui:processReleaseJavaRes
> Task :lib_base_ui_compose:compileReleaseJavaWithJavac
> Task :lib_base_ui_compose:bundleLibCompileToJarRelease
> Task :lib_base_ui_compose:mergeReleaseGeneratedProguardFiles
> Task :lib_base_ui_compose:exportReleaseConsumerProguardFiles
> Task :lib_base_ui_compose:bundleLibRuntimeToJarRelease
> Task :lib_base_ui_compose:processReleaseJavaRes
> Task :nga_phone_base_3.0:processReleaseResources
> Task :lib_module_debug:kaptGenerateStubsReleaseKotlin

> Task :lib_module_debug:kaptReleaseKotlin
[WARN] Issue detected with com.alibaba.android.arouter.compiler.processor.RouteProcessor. Expected 1 originating source file when generating /home/toph/nga-just-works-upstream-adoption/lib_module_debug/build/generated/source/kapt/release/com/alibaba/android/arouter/routes/ARouter$$Group$$debug.java, but detected 0: [].
Note: ARouter::Compiler The user has configuration the module name, it was [lib_module_debug]
Note: ARouter::Compiler >>> AutowiredProcessor init. <<<
Note: ARouter::Compiler The user has configuration the module name, it was [lib_module_debug]
Note: ARouter::Compiler >>> InterceptorProcessor init. <<<
Note: ARouter::Compiler The user has configuration the module name, it was [lib_module_debug]
Note: ARouter::Compiler >>> RouteProcessor init. <<<
Note: ARouter::Compiler >>> Found routes, start... <<<
Note: ARouter::Compiler >>> Found routes, size is 1 <<<
Note: ARouter::Compiler >>> Found activity route: com.justwen.androidnga.module.debug.DebugActivity <<<
Note: ARouter::Compiler >>> Start categories, group = debug, path = /debug/activity <<<
Note: ARouter::Compiler >>> Generated group: debug<<<
Note: ARouter::Compiler >>> Generated provider map, name is ARouter$$Providers$$lib_module_debug <<<
Note: ARouter::Compiler >>> Generated root, name is ARouter$$Root$$lib_module_debug <<<

> Task :lib_bu_account:kaptGenerateStubsReleaseKotlin
> Task :lib_bu_message:kaptGenerateStubsReleaseKotlin

> Task :lib_bu_message:kaptReleaseKotlin
[WARN] Issue detected with com.alibaba.android.arouter.compiler.processor.RouteProcessor. Expected 1 originating source file when generating /home/toph/nga-just-works-upstream-adoption/lib_bu_message/build/generated/source/kapt/release/com/alibaba/android/arouter/routes/ARouter$$Group$$message.java, but detected 0: [].
Note: ARouter::Compiler The user has configuration the module name, it was [lib_bu_message]
Note: ARouter::Compiler >>> AutowiredProcessor init. <<<
Note: ARouter::Compiler The user has configuration the module name, it was [lib_bu_message]
Note: ARouter::Compiler >>> InterceptorProcessor init. <<<
Note: ARouter::Compiler The user has configuration the module name, it was [lib_bu_message]
Note: ARouter::Compiler >>> RouteProcessor init. <<<
Note: ARouter::Compiler >>> Found routes, start... <<<
Note: ARouter::Compiler >>> Found routes, size is 3 <<<
Note: ARouter::Compiler >>> Found activity route: com.justwen.androidnga.module.message.compose.detail.MessageDetailActivity <<<
Note: ARouter::Compiler >>> Start categories, group = message, path = /message/detail <<<
Note: ARouter::Compiler >>> Found activity route: com.justwen.androidnga.module.message.compose.post.MessagePostActivity <<<
Note: ARouter::Compiler >>> Start categories, group = message, path = /message/post <<<
Note: ARouter::Compiler >>> Found activity route: com.justwen.androidnga.module.message.compose.MessageListActivity <<<
Note: ARouter::Compiler >>> Start categories, group = message, path = /message/list <<<
Note: ARouter::Compiler >>> Generated group: message<<<
Note: ARouter::Compiler >>> Generated provider map, name is ARouter$$Providers$$lib_bu_message <<<
Note: ARouter::Compiler >>> Generated root, name is ARouter$$Root$$lib_bu_message <<<

> Task :lib_module_debug:compileReleaseKotlin

> Task :lib_bu_account:kaptReleaseKotlin
[WARN] Issue detected with com.alibaba.android.arouter.compiler.processor.RouteProcessor. Expected 1 originating source file when generating /home/toph/nga-just-works-upstream-adoption/lib_bu_account/build/generated/source/kapt/release/com/alibaba/android/arouter/routes/ARouter$$Group$$account.java, but detected 0: [].
Note: ARouter::Compiler The user has configuration the module name, it was [lib_bu_account]
Note: ARouter::Compiler >>> AutowiredProcessor init. <<<
Note: ARouter::Compiler The user has configuration the module name, it was [lib_bu_account]
Note: ARouter::Compiler >>> InterceptorProcessor init. <<<
Note: ARouter::Compiler The user has configuration the module name, it was [lib_bu_account]
Note: ARouter::Compiler >>> RouteProcessor init. <<<
Note: ARouter::Compiler >>> Found routes, start... <<<
Note: ARouter::Compiler >>> Found routes, size is 1 <<<
Note: ARouter::Compiler >>> Found activity route: com.justwent.androidnga.bu.login.LoginActivity <<<
Note: ARouter::Compiler >>> Start categories, group = account, path = /account/login <<<
Note: ARouter::Compiler >>> Generated group: account<<<
Note: ARouter::Compiler >>> Generated provider map, name is ARouter$$Providers$$lib_bu_account <<<
Note: ARouter::Compiler >>> Generated root, name is ARouter$$Root$$lib_bu_account <<<

> Task :lib_module_debug:compileReleaseJavaWithJavac
> Task :lib_module_debug:mergeReleaseGeneratedProguardFiles
> Task :lib_module_debug:exportReleaseConsumerProguardFiles
> Task :lib_module_debug:bundleLibCompileToJarRelease
> Task :lib_module_debug:bundleLibRuntimeToJarRelease
> Task :lib_module_debug:processReleaseJavaRes

> Task :lib_bu_message:compileReleaseKotlin
w: file:///home/toph/nga-just-works-upstream-adoption/lib_bu_message/src/main/java/com/justwen/androidnga/module/message/compose/detail/MessageDetailActivity.kt:121:13 'fun ClickableText(text: AnnotatedString, modifier: Modifier = ..., style: TextStyle = ..., softWrap: Boolean = ..., overflow: TextOverflow = ..., maxLines: Int = ..., onTextLayout: (TextLayoutResult) -> Unit = ..., onClick: (Int) -> Unit): Unit' is deprecated. Use Text or BasicText and pass an AnnotatedString that contains a LinkAnnotation.

> Task :lib_bu_account:compileReleaseKotlin
> Task :lib_bu_message:compileReleaseJavaWithJavac
> Task :lib_bu_message:mergeReleaseGeneratedProguardFiles
> Task :lib_bu_message:exportReleaseConsumerProguardFiles
> Task :lib_bu_message:bundleLibCompileToJarRelease
> Task :lib_bu_message:bundleLibRuntimeToJarRelease
> Task :lib_bu_message:processReleaseJavaRes
> Task :lib_bu_account:compileReleaseJavaWithJavac
> Task :lib_bu_account:mergeReleaseGeneratedProguardFiles
> Task :lib_bu_account:exportReleaseConsumerProguardFiles
> Task :lib_bu_account:bundleLibCompileToJarRelease
> Task :lib_bu_account:bundleLibRuntimeToJarRelease
> Task :lib_bu_account:processReleaseJavaRes
> Task :nga_phone_base_3.0:kaptGenerateStubsReleaseKotlin

> Task :nga_phone_base_3.0:kaptReleaseKotlin
[WARN] Issue detected with com.alibaba.android.arouter.compiler.processor.InterceptorProcessor. Expected 1 originating source file when generating /home/toph/nga-just-works-upstream-adoption/nga_phone_base_3.0/build/generated/source/kapt/release/com/alibaba/android/arouter/routes/ARouter$$Interceptors$$nga_phone_base_30.java, but detected 0: [].
[WARN] Issue detected with com.alibaba.android.arouter.compiler.processor.RouteProcessor. Expected 1 originating source file when generating /home/toph/nga-just-works-upstream-adoption/nga_phone_base_3.0/build/generated/source/kapt/release/com/alibaba/android/arouter/routes/ARouter$$Group$$activity.java, but detected 0: [].
Note: [1] Wrote GeneratedAppGlideModule with: []
Note: ARouter::Compiler The user has configuration the module name, it was [nga_phone_base_30]
Note: ARouter::Compiler >>> AutowiredProcessor init. <<<
Note: ARouter::Compiler The user has configuration the module name, it was [nga_phone_base_30]
Note: ARouter::Compiler >>> InterceptorProcessor init. <<<
Note: ARouter::Compiler >>> Found interceptors, size is 1 <<<
Note: ARouter::Compiler A interceptor verify over, its gov.anzong.androidnga.arouter.ActivityInterceptor
Note: ARouter::Compiler >>> Interceptor group write over. <<<
Note: ARouter::Compiler The user has configuration the module name, it was [nga_phone_base_30]
Note: ARouter::Compiler >>> RouteProcessor init. <<<
Note: ARouter::Compiler >>> Found routes, start... <<<
Note: ARouter::Compiler >>> Found routes, size is 8 <<<
Note: ARouter::Compiler >>> Found activity route: gov.anzong.androidnga.activity.RecentNotificationActivity <<<
Note: ARouter::Compiler >>> Start categories, group = activity, path = /activity/notification <<<
Note: ARouter::Compiler >>> Found activity route: gov.anzong.androidnga.activity.ProfileActivity <<<
Note: ARouter::Compiler >>> Start categories, group = activity, path = /activity/profile <<<
Note: ARouter::Compiler >>> Found activity route: gov.anzong.androidnga.activity.PostActivity <<<
Note: ARouter::Compiler >>> Start categories, group = activity, path = /activity/post <<<
Note: ARouter::Compiler >>> Found activity route: gov.anzong.androidnga.activity.ArticleListActivity <<<
Note: ARouter::Compiler >>> Start categories, group = activity, path = /activity/topic_content <<<
Note: ARouter::Compiler >>> Found activity route: gov.anzong.androidnga.activity.TopicListActivity <<<
Note: ARouter::Compiler >>> Start categories, group = activity, path = /activity/topic_list <<<
Note: ARouter::Compiler >>> Found provider route: gov.anzong.androidnga.service.UserManagerService <<<
Note: ARouter::Compiler >>> Start categories, group = service, path = /service/user <<<
Note: ARouter::Compiler >>> Found provider route: gov.anzong.androidnga.service.ThemeManagerService <<<
Note: ARouter::Compiler >>> Start categories, group = service, path = /service/theme <<<
Note: ARouter::Compiler >>> Found activity route: gov.anzong.androidnga.activity.compose.SearchActivity <<<
Note: ARouter::Compiler >>> Start categories, group = activity, path = /activity/search <<<
Note: ARouter::Compiler >>> Generated group: activity<<<
Note: ARouter::Compiler >>> Generated group: service<<<
Note: ARouter::Compiler >>> Generated provider map, name is ARouter$$Providers$$nga_phone_base_30 <<<
Note: ARouter::Compiler >>> Generated root, name is ARouter$$Root$$nga_phone_base_30 <<<

> Task :nga_phone_base_3.0:compileReleaseKotlin
w: file:///home/toph/nga-just-works-upstream-adoption/nga_phone_base_3.0/src/main/java/gov/anzong/androidnga/activity/compose/board/ForumBoardModel.kt:10:8 'class Board : JavaBean' is deprecated.
w: file:///home/toph/nga-just-works-upstream-adoption/nga_phone_base_3.0/src/main/java/gov/anzong/androidnga/activity/compose/board/ForumBoardModel.kt:133:43 'class Board : JavaBean' is deprecated.
w: file:///home/toph/nga-just-works-upstream-adoption/nga_phone_base_3.0/src/main/java/gov/anzong/androidnga/activity/compose/filter/FilterManager.kt:34:47 'val DEPRECATED_FILTER_USER_LIST: String' is deprecated. 错误的Key.
w: file:///home/toph/nga-just-works-upstream-adoption/nga_phone_base_3.0/src/main/java/gov/anzong/androidnga/activity/compose/filter/FilterWordViewModel.kt:65:29 Unchecked cast of 'List<FilterState<out Any>>' to 'List<FilterState<Any>>'.
w: file:///home/toph/nga-just-works-upstream-adoption/nga_phone_base_3.0/src/main/java/gov/anzong/androidnga/activity/compose/filter/FilterWordViewModel.kt:77:41 Unchecked cast of 'FilterState<Any>' to 'FilterState<String>'.
w: file:///home/toph/nga-just-works-upstream-adoption/nga_phone_base_3.0/src/main/java/gov/anzong/androidnga/activity/compose/filter/FilterWordViewModel.kt:78:41 Unchecked cast of 'FilterState<Any>' to 'FilterState<String>'.
w: file:///home/toph/nga-just-works-upstream-adoption/nga_phone_base_3.0/src/main/java/gov/anzong/androidnga/activity/compose/filter/FilterWordViewModel.kt:103:41 Unchecked cast of 'FilterState<Any>' to 'FilterState<String>'.
w: file:///home/toph/nga-just-works-upstream-adoption/nga_phone_base_3.0/src/main/java/gov/anzong/androidnga/activity/compose/filter/FilterWordViewModel.kt:104:41 Unchecked cast of 'FilterState<Any>' to 'FilterState<String>'.
w: file:///home/toph/nga-just-works-upstream-adoption/nga_phone_base_3.0/src/main/java/gov/anzong/androidnga/activity/compose/filter/FilterWordViewModel.kt:135:33 Unchecked cast of 'FilterState<Any>' to 'FilterState<String>'.
w: file:///home/toph/nga-just-works-upstream-adoption/nga_phone_base_3.0/src/main/java/gov/anzong/androidnga/activity/compose/filter/FilterWordViewModel.kt:137:33 Unchecked cast of 'FilterState<Any>' to 'FilterState<String>'.
w: file:///home/toph/nga-just-works-upstream-adoption/nga_phone_base_3.0/src/main/java/gov/anzong/androidnga/activity/compose/filter/FilterWordViewModel.kt:147:33 Unchecked cast of 'FilterState<Any>' to 'FilterState<String>'.
w: file:///home/toph/nga-just-works-upstream-adoption/nga_phone_base_3.0/src/main/java/gov/anzong/androidnga/activity/compose/filter/FilterWordViewModel.kt:149:33 Unchecked cast of 'FilterState<Any>' to 'FilterState<String>'.
w: file:///home/toph/nga-just-works-upstream-adoption/nga_phone_base_3.0/src/main/java/gov/anzong/androidnga/activity/compose/filter/FilterWordViewModel.kt:159:33 Unchecked cast of 'FilterState<Any>' to 'FilterState<String>'.
w: file:///home/toph/nga-just-works-upstream-adoption/nga_phone_base_3.0/src/main/java/gov/anzong/androidnga/activity/compose/filter/FilterWordViewModel.kt:161:33 Unchecked cast of 'FilterState<Any>' to 'FilterState<String>'.
w: file:///home/toph/nga-just-works-upstream-adoption/nga_phone_base_3.0/src/main/java/gov/anzong/androidnga/activity/compose/filter/FilterWordViewModel.kt:168:33 Unchecked cast of 'FilterState<Any>' to 'FilterState<String>'.
w: file:///home/toph/nga-just-works-upstream-adoption/nga_phone_base_3.0/src/main/java/gov/anzong/androidnga/activity/compose/filter/FilterWordViewModel.kt:170:33 Unchecked cast of 'FilterState<Any>' to 'FilterState<String>'.
w: file:///home/toph/nga-just-works-upstream-adoption/nga_phone_base_3.0/src/main/java/gov/anzong/androidnga/ui/fragment/TopicListBaseFragment.kt:39:44 'fun <T : Parcelable!> getParcelable(p0: String?): T?' is deprecated. Deprecated in Java.

> Task :nga_phone_base_3.0:compileReleaseJavaWithJavac
Note: Some input files use or override a deprecated API.
Note: Recompile with -Xlint:deprecation for details.
Note: Some input files use unchecked or unsafe operations.
Note: Recompile with -Xlint:unchecked for details.

> Task :nga_phone_base_3.0:mergeReleaseGeneratedProguardFiles
> Task :nga_phone_base_3.0:processReleaseJavaRes
> Task :nga_phone_base_3.0:mergeReleaseJavaResource
> Task :nga_phone_base_3.0:expandReleaseArtProfileWildcards

> Task :nga_phone_base_3.0:minifyReleaseWithR8
WARNING: /home/toph/.gradle/caches/8.11.1/transforms/79b1d8448136953d4e0dfaff9dad0c06/transformed/jetified-common-9.8.7-runtime.jar: R8: Expected stack map table for method with non-linear control flow. In later version of R8, the method may be assumed not reachable.
WARNING: /home/toph/.gradle/caches/8.11.1/transforms/79b1d8448136953d4e0dfaff9dad0c06/transformed/jetified-common-9.8.7-runtime.jar: R8: Expected stack map table for method with non-linear control flow. In later version of R8, the method may be assumed not reachable.
WARNING: /home/toph/.gradle/caches/8.11.1/transforms/79b1d8448136953d4e0dfaff9dad0c06/transformed/jetified-common-9.8.7-runtime.jar: R8: Expected stack map table for method with non-linear control flow. In later version of R8, the method may be assumed not reachable.
WARNING: /home/toph/.gradle/caches/8.11.1/transforms/79b1d8448136953d4e0dfaff9dad0c06/transformed/jetified-common-9.8.7-runtime.jar: R8: Expected stack map table for method with non-linear control flow. In later version of R8, the method may be assumed not reachable.
WARNING: /home/toph/.gradle/caches/8.11.1/transforms/79b1d8448136953d4e0dfaff9dad0c06/transformed/jetified-common-9.8.7-runtime.jar: R8: Expected stack map table for method with non-linear control flow. In later version of R8, the method may be assumed not reachable.
WARNING: /home/toph/.gradle/caches/8.11.1/transforms/79b1d8448136953d4e0dfaff9dad0c06/transformed/jetified-common-9.8.7-runtime.jar: R8: Expected stack map table for method with non-linear control flow. In later version of R8, the method may be assumed not reachable.
WARNING: /home/toph/.gradle/caches/8.11.1/transforms/79b1d8448136953d4e0dfaff9dad0c06/transformed/jetified-common-9.8.7-runtime.jar: R8: Expected stack map table for method with non-linear control flow. In later version of R8, the method may be assumed not reachable.
WARNING: /home/toph/.gradle/caches/8.11.1/transforms/79b1d8448136953d4e0dfaff9dad0c06/transformed/jetified-common-9.8.7-runtime.jar: R8: Expected stack map table for method with non-linear control flow. In later version of R8, the method may be assumed not reachable.
WARNING: /home/toph/.gradle/caches/8.11.1/transforms/79b1d8448136953d4e0dfaff9dad0c06/transformed/jetified-common-9.8.7-runtime.jar: R8: Expected stack map table for method with non-linear control flow. In later version of R8, the method may be assumed not reachable.
WARNING: /home/toph/.gradle/caches/8.11.1/transforms/79b1d8448136953d4e0dfaff9dad0c06/transformed/jetified-common-9.8.7-runtime.jar: R8: Expected stack map table for method with non-linear control flow. In later version of R8, the method may be assumed not reachable.
WARNING: /home/toph/.gradle/caches/8.11.1/transforms/79b1d8448136953d4e0dfaff9dad0c06/transformed/jetified-common-9.8.7-runtime.jar: R8: Expected stack map table for method with non-linear control flow. In later version of R8, the method may be assumed not reachable.
WARNING: /home/toph/.gradle/caches/8.11.1/transforms/79b1d8448136953d4e0dfaff9dad0c06/transformed/jetified-common-9.8.7-runtime.jar: R8: Expected stack map table for method with non-linear control flow. In later version of R8, the method may be assumed not reachable.
WARNING: /home/toph/.gradle/caches/8.11.1/transforms/79b1d8448136953d4e0dfaff9dad0c06/transformed/jetified-common-9.8.7-runtime.jar: R8: Expected stack map table for method with non-linear control flow. In later version of R8, the method may be assumed not reachable.
WARNING: /home/toph/.gradle/caches/8.11.1/transforms/79b1d8448136953d4e0dfaff9dad0c06/transformed/jetified-common-9.8.7-runtime.jar: R8: Expected stack map table for method with non-linear control flow. In later version of R8, the method may be assumed not reachable.
WARNING: /home/toph/.gradle/caches/8.11.1/transforms/79b1d8448136953d4e0dfaff9dad0c06/transformed/jetified-common-9.8.7-runtime.jar: R8: Expected stack map table for method with non-linear control flow. In later version of R8, the method may be assumed not reachable.
WARNING: /home/toph/.gradle/caches/8.11.1/transforms/79b1d8448136953d4e0dfaff9dad0c06/transformed/jetified-common-9.8.7-runtime.jar: R8: Expected stack map table for method with non-linear control flow. In later version of R8, the method may be assumed not reachable.
WARNING: /home/toph/.gradle/caches/8.11.1/transforms/79b1d8448136953d4e0dfaff9dad0c06/transformed/jetified-common-9.8.7-runtime.jar: R8: Expected stack map table for method with non-linear control flow. In later version of R8, the method may be assumed not reachable.
WARNING: /home/toph/.gradle/caches/8.11.1/transforms/79b1d8448136953d4e0dfaff9dad0c06/transformed/jetified-common-9.8.7-runtime.jar: R8: Expected stack map table for method with non-linear control flow. In later version of R8, the method may be assumed not reachable.
WARNING: /home/toph/.gradle/caches/8.11.1/transforms/79b1d8448136953d4e0dfaff9dad0c06/transformed/jetified-common-9.8.7-runtime.jar: R8: Expected stack map table for method with non-linear control flow. In later version of R8, the method may be assumed not reachable.
WARNING: /home/toph/.gradle/caches/8.11.1/transforms/79b1d8448136953d4e0dfaff9dad0c06/transformed/jetified-common-9.8.7-runtime.jar: R8: Expected stack map table for method with non-linear control flow. In later version of R8, the method may be assumed not reachable.
WARNING: /home/toph/.gradle/caches/8.11.1/transforms/79b1d8448136953d4e0dfaff9dad0c06/transformed/jetified-common-9.8.7-runtime.jar: R8: Expected stack map table for method with non-linear control flow. In later version of R8, the method may be assumed not reachable.
WARNING: /home/toph/.gradle/caches/8.11.1/transforms/79b1d8448136953d4e0dfaff9dad0c06/transformed/jetified-common-9.8.7-runtime.jar: R8: Expected stack map table for method with non-linear control flow. In later version of R8, the method may be assumed not reachable.
WARNING: /home/toph/.gradle/caches/8.11.1/transforms/79b1d8448136953d4e0dfaff9dad0c06/transformed/jetified-common-9.8.7-runtime.jar: R8: Expected stack map table for method with non-linear control flow. In later version of R8, the method may be assumed not reachable.
WARNING: /home/toph/.gradle/caches/8.11.1/transforms/79b1d8448136953d4e0dfaff9dad0c06/transformed/jetified-common-9.8.7-runtime.jar: R8: Expected stack map table for method with non-linear control flow. In later version of R8, the method may be assumed not reachable.
WARNING: /home/toph/.gradle/caches/8.11.1/transforms/79b1d8448136953d4e0dfaff9dad0c06/transformed/jetified-common-9.8.7-runtime.jar: R8: Expected stack map table for method with non-linear control flow. In later version of R8, the method may be assumed not reachable.
WARNING: /home/toph/.gradle/caches/8.11.1/transforms/79b1d8448136953d4e0dfaff9dad0c06/transformed/jetified-common-9.8.7-runtime.jar: R8: Expected stack map table for method with non-linear control flow. In later version of R8, the method may be assumed not reachable.
WARNING: /home/toph/.gradle/caches/8.11.1/transforms/79b1d8448136953d4e0dfaff9dad0c06/transformed/jetified-common-9.8.7-runtime.jar: R8: Expected stack map table for method with non-linear control flow. In later version of R8, the method may be assumed not reachable.
WARNING: /home/toph/.gradle/caches/8.11.1/transforms/79b1d8448136953d4e0dfaff9dad0c06/transformed/jetified-common-9.8.7-runtime.jar: R8: Expected stack map table for method with non-linear control flow. In later version of R8, the method may be assumed not reachable.
WARNING: /home/toph/.gradle/caches/8.11.1/transforms/79b1d8448136953d4e0dfaff9dad0c06/transformed/jetified-common-9.8.7-runtime.jar: R8: Expected stack map table for method with non-linear control flow. In later version of R8, the method may be assumed not reachable.
WARNING: /home/toph/.gradle/caches/8.11.1/transforms/79b1d8448136953d4e0dfaff9dad0c06/transformed/jetified-common-9.8.7-runtime.jar: R8: Expected stack map table for method with non-linear control flow. In later version of R8, the method may be assumed not reachable.
WARNING: /home/toph/.gradle/caches/8.11.1/transforms/79b1d8448136953d4e0dfaff9dad0c06/transformed/jetified-common-9.8.7-runtime.jar: R8: Expected stack map table for method with non-linear control flow. In later version of R8, the method may be assumed not reachable.
WARNING: /home/toph/.gradle/caches/8.11.1/transforms/79b1d8448136953d4e0dfaff9dad0c06/transformed/jetified-common-9.8.7-runtime.jar: R8: Expected stack map table for method with non-linear control flow. In later version of R8, the method may be assumed not reachable.
WARNING: /home/toph/.gradle/caches/8.11.1/transforms/79b1d8448136953d4e0dfaff9dad0c06/transformed/jetified-common-9.8.7-runtime.jar: R8: Expected stack map table for method with non-linear control flow. In later version of R8, the method may be assumed not reachable.
WARNING: /home/toph/.gradle/caches/8.11.1/transforms/79b1d8448136953d4e0dfaff9dad0c06/transformed/jetified-common-9.8.7-runtime.jar: R8: Expected stack map table for method with non-linear control flow. In later version of R8, the method may be assumed not reachable.
WARNING: /home/toph/.gradle/caches/8.11.1/transforms/79b1d8448136953d4e0dfaff9dad0c06/transformed/jetified-common-9.8.7-runtime.jar: R8: Expected stack map table for method with non-linear control flow. In later version of R8, the method may be assumed not reachable.
WARNING: /home/toph/.gradle/caches/8.11.1/transforms/79b1d8448136953d4e0dfaff9dad0c06/transformed/jetified-common-9.8.7-runtime.jar: R8: Expected stack map table for method with non-linear control flow. In later version of R8, the method may be assumed not reachable.
WARNING: /home/toph/.gradle/caches/8.11.1/transforms/79b1d8448136953d4e0dfaff9dad0c06/transformed/jetified-common-9.8.7-runtime.jar: R8: Expected stack map table for method with non-linear control flow. In later version of R8, the method may be assumed not reachable.
WARNING: /home/toph/.gradle/caches/8.11.1/transforms/79b1d8448136953d4e0dfaff9dad0c06/transformed/jetified-common-9.8.7-runtime.jar: R8: Expected stack map table for method with non-linear control flow. In later version of R8, the method may be assumed not reachable.
WARNING: /home/toph/.gradle/caches/8.11.1/transforms/79b1d8448136953d4e0dfaff9dad0c06/transformed/jetified-common-9.8.7-runtime.jar: R8: Expected stack map table for method with non-linear control flow. In later version of R8, the method may be assumed not reachable.
WARNING: /home/toph/.gradle/caches/8.11.1/transforms/79b1d8448136953d4e0dfaff9dad0c06/transformed/jetified-common-9.8.7-runtime.jar: R8: Expected stack map table for method with non-linear control flow. In later version of R8, the method may be assumed not reachable.
WARNING: /home/toph/.gradle/caches/8.11.1/transforms/79b1d8448136953d4e0dfaff9dad0c06/transformed/jetified-common-9.8.7-runtime.jar: R8: Expected stack map table for method with non-linear control flow. In later version of R8, the method may be assumed not reachable.
WARNING: /home/toph/.gradle/caches/8.11.1/transforms/79b1d8448136953d4e0dfaff9dad0c06/transformed/jetified-common-9.8.7-runtime.jar: R8: Expected stack map table for method with non-linear control flow. In later version of R8, the method may be assumed not reachable.
WARNING: /home/toph/.gradle/caches/8.11.1/transforms/79b1d8448136953d4e0dfaff9dad0c06/transformed/jetified-common-9.8.7-runtime.jar: R8: Expected stack map table for method with non-linear control flow. In later version of R8, the method may be assumed not reachable.
WARNING: /home/toph/.gradle/caches/8.11.1/transforms/79b1d8448136953d4e0dfaff9dad0c06/transformed/jetified-common-9.8.7-runtime.jar: R8: Expected stack map table for method with non-linear control flow. In later version of R8, the method may be assumed not reachable.
WARNING: /home/toph/.gradle/caches/8.11.1/transforms/79b1d8448136953d4e0dfaff9dad0c06/transformed/jetified-common-9.8.7-runtime.jar: R8: Expected stack map table for method with non-linear control flow. In later version of R8, the method may be assumed not reachable.
WARNING: /home/toph/.gradle/caches/8.11.1/transforms/79b1d8448136953d4e0dfaff9dad0c06/transformed/jetified-common-9.8.7-runtime.jar: R8: Expected stack map table for method with non-linear control flow. In later version of R8, the method may be assumed not reachable.
WARNING: /home/toph/.gradle/caches/8.11.1/transforms/79b1d8448136953d4e0dfaff9dad0c06/transformed/jetified-common-9.8.7-runtime.jar: R8: Expected stack map table for method with non-linear control flow. In later version of R8, the method may be assumed not reachable.
WARNING: /home/toph/.gradle/caches/8.11.1/transforms/79b1d8448136953d4e0dfaff9dad0c06/transformed/jetified-common-9.8.7-runtime.jar: R8: Expected stack map table for method with non-linear control flow. In later version of R8, the method may be assumed not reachable.
WARNING: /home/toph/.gradle/caches/8.11.1/transforms/79b1d8448136953d4e0dfaff9dad0c06/transformed/jetified-common-9.8.7-runtime.jar: R8: Expected stack map table for method with non-linear control flow. In later version of R8, the method may be assumed not reachable.
WARNING: /home/toph/.gradle/caches/8.11.1/transforms/79b1d8448136953d4e0dfaff9dad0c06/transformed/jetified-common-9.8.7-runtime.jar: R8: Expected stack map table for method with non-linear control flow. In later version of R8, the method may be assumed not reachable.
WARNING: /home/toph/.gradle/caches/8.11.1/transforms/79b1d8448136953d4e0dfaff9dad0c06/transformed/jetified-common-9.8.7-runtime.jar: R8: Expected stack map table for method with non-linear control flow. In later version of R8, the method may be assumed not reachable.
WARNING: /home/toph/.gradle/caches/8.11.1/transforms/79b1d8448136953d4e0dfaff9dad0c06/transformed/jetified-common-9.8.7-runtime.jar: R8: Expected stack map table for method with non-linear control flow. In later version of R8, the method may be assumed not reachable.
WARNING: /home/toph/.gradle/caches/8.11.1/transforms/79b1d8448136953d4e0dfaff9dad0c06/transformed/jetified-common-9.8.7-runtime.jar: R8: Expected stack map table for method with non-linear control flow. In later version of R8, the method may be assumed not reachable.
WARNING: /home/toph/.gradle/caches/8.11.1/transforms/79b1d8448136953d4e0dfaff9dad0c06/transformed/jetified-common-9.8.7-runtime.jar: R8: Expected stack map table for method with non-linear control flow. In later version of R8, the method may be assumed not reachable.
WARNING: /home/toph/.gradle/caches/8.11.1/transforms/79b1d8448136953d4e0dfaff9dad0c06/transformed/jetified-common-9.8.7-runtime.jar: R8: Expected stack map table for method with non-linear control flow. In later version of R8, the method may be assumed not reachable.
WARNING: /home/toph/.gradle/caches/8.11.1/transforms/79b1d8448136953d4e0dfaff9dad0c06/transformed/jetified-common-9.8.7-runtime.jar: R8: Expected stack map table for method with non-linear control flow. In later version of R8, the method may be assumed not reachable.
WARNING: /home/toph/.gradle/caches/8.11.1/transforms/79b1d8448136953d4e0dfaff9dad0c06/transformed/jetified-common-9.8.7-runtime.jar: R8: Expected stack map table for method with non-linear control flow. In later version of R8, the method may be assumed not reachable.
WARNING: /home/toph/.gradle/caches/8.11.1/transforms/79b1d8448136953d4e0dfaff9dad0c06/transformed/jetified-common-9.8.7-runtime.jar: R8: Expected stack map table for method with non-linear control flow. In later version of R8, the method may be assumed not reachable.
WARNING: /home/toph/.gradle/caches/8.11.1/transforms/79b1d8448136953d4e0dfaff9dad0c06/transformed/jetified-common-9.8.7-runtime.jar: R8: Expected stack map table for method with non-linear control flow. In later version of R8, the method may be assumed not reachable.
WARNING: /home/toph/.gradle/caches/8.11.1/transforms/79b1d8448136953d4e0dfaff9dad0c06/transformed/jetified-common-9.8.7-runtime.jar: R8: Expected stack map table for method with non-linear control flow. In later version of R8, the method may be assumed not reachable.
WARNING: /home/toph/.gradle/caches/8.11.1/transforms/79b1d8448136953d4e0dfaff9dad0c06/transformed/jetified-common-9.8.7-runtime.jar: R8: Expected stack map table for method with non-linear control flow. In later version of R8, the method may be assumed not reachable.
WARNING: /home/toph/.gradle/caches/8.11.1/transforms/79b1d8448136953d4e0dfaff9dad0c06/transformed/jetified-common-9.8.7-runtime.jar: R8: Expected stack map table for method with non-linear control flow. In later version of R8, the method may be assumed not reachable.
WARNING: /home/toph/.gradle/caches/8.11.1/transforms/79b1d8448136953d4e0dfaff9dad0c06/transformed/jetified-common-9.8.7-runtime.jar: R8: Expected stack map table for method with non-linear control flow. In later version of R8, the method may be assumed not reachable.
WARNING: /home/toph/.gradle/caches/8.11.1/transforms/79b1d8448136953d4e0dfaff9dad0c06/transformed/jetified-common-9.8.7-runtime.jar: R8: Expected stack map table for method with non-linear control flow. In later version of R8, the method may be assumed not reachable.

WARNING: /home/toph/.gradle/caches/8.11.1/transforms/79b1d8448136953d4e0dfaff9dad0c06/transformed/jetified-common-9.8.7-runtime.jar: R8: Expected stack map table for method with non-linear control flow. In later version of R8, the method may be assumed not reachable.
WARNING: /home/toph/.gradle/caches/8.11.1/transforms/79b1d8448136953d4e0dfaff9dad0c06/transformed/jetified-common-9.8.7-runtime.jar: R8: Expected stack map table for method with non-linear control flow. In later version of R8, the method may be assumed not reachable.
WARNING: /home/toph/.gradle/caches/8.11.1/transforms/79b1d8448136953d4e0dfaff9dad0c06/transformed/jetified-common-9.8.7-runtime.jar: R8: Expected stack map table for method with non-linear control flow. In later version of R8, the method may be assumed not reachable.
WARNING: /home/toph/.gradle/caches/8.11.1/transforms/79b1d8448136953d4e0dfaff9dad0c06/transformed/jetified-common-9.8.7-runtime.jar: R8: Expected stack map table for method with non-linear control flow. In later version of R8, the method may be assumed not reachable.
WARNING: /home/toph/.gradle/caches/8.11.1/transforms/79b1d8448136953d4e0dfaff9dad0c06/transformed/jetified-common-9.8.7-runtime.jar: R8: Expected stack map table for method with non-linear control flow. In later version of R8, the method may be assumed not reachable.
WARNING: /home/toph/.gradle/caches/8.11.1/transforms/79b1d8448136953d4e0dfaff9dad0c06/transformed/jetified-common-9.8.7-runtime.jar: R8: Expected stack map table for method with non-linear control flow. In later version of R8, the method may be assumed not reachable.
WARNING: /home/toph/.gradle/caches/8.11.1/transforms/79b1d8448136953d4e0dfaff9dad0c06/transformed/jetified-common-9.8.7-runtime.jar: R8: Expected stack map table for method with non-linear control flow. In later version of R8, the method may be assumed not reachable.
WARNING: /home/toph/.gradle/caches/8.11.1/transforms/79b1d8448136953d4e0dfaff9dad0c06/transformed/jetified-common-9.8.7-runtime.jar: R8: Expected stack map table for method with non-linear control flow. In later version of R8, the method may be assumed not reachable.
WARNING: /home/toph/.gradle/caches/8.11.1/transforms/79b1d8448136953d4e0dfaff9dad0c06/transformed/jetified-common-9.8.7-runtime.jar: R8: Expected stack map table for method with non-linear control flow. In later version of R8, the method may be assumed not reachable.
WARNING: /home/toph/.gradle/caches/8.11.1/transforms/79b1d8448136953d4e0dfaff9dad0c06/transformed/jetified-common-9.8.7-runtime.jar: R8: Expected stack map table for method with non-linear control flow. In later version of R8, the method may be assumed not reachable.
WARNING: /home/toph/.gradle/caches/8.11.1/transforms/79b1d8448136953d4e0dfaff9dad0c06/transformed/jetified-common-9.8.7-runtime.jar: R8: Expected stack map table for method with non-linear control flow. In later version of R8, the method may be assumed not reachable.
WARNING: /home/toph/.gradle/caches/8.11.1/transforms/79b1d8448136953d4e0dfaff9dad0c06/transformed/jetified-common-9.8.7-runtime.jar: R8: Expected stack map table for method with non-linear control flow. In later version of R8, the method may be assumed not reachable.
WARNING: /home/toph/.gradle/caches/8.11.1/transforms/79b1d8448136953d4e0dfaff9dad0c06/transformed/jetified-common-9.8.7-runtime.jar: R8: Expected stack map table for method with non-linear control flow. In later version of R8, the method may be assumed not reachable.
WARNING: /home/toph/.gradle/caches/8.11.1/transforms/79b1d8448136953d4e0dfaff9dad0c06/transformed/jetified-common-9.8.7-runtime.jar: R8: Expected stack map table for method with non-linear control flow. In later version of R8, the method may be assumed not reachable.
WARNING: /home/toph/.gradle/caches/8.11.1/transforms/79b1d8448136953d4e0dfaff9dad0c06/transformed/jetified-common-9.8.7-runtime.jar: R8: Expected stack map table for method with non-linear control flow. In later version of R8, the method may be assumed not reachable.
WARNING: /home/toph/.gradle/caches/8.11.1/transforms/79b1d8448136953d4e0dfaff9dad0c06/transformed/jetified-common-9.8.7-runtime.jar: R8: Expected stack map table for method with non-linear control flow. In later version of R8, the method may be assumed not reachable.
WARNING: /home/toph/.gradle/caches/8.11.1/transforms/79b1d8448136953d4e0dfaff9dad0c06/transformed/jetified-common-9.8.7-runtime.jar: R8: Expected stack map table for method with non-linear control flow. In later version of R8, the method may be assumed not reachable.
WARNING: /home/toph/.gradle/caches/8.11.1/transforms/79b1d8448136953d4e0dfaff9dad0c06/transformed/jetified-common-9.8.7-runtime.jar: R8: Expected stack map table for method with non-linear control flow. In later version of R8, the method may be assumed not reachable.
WARNING: /home/toph/.gradle/caches/8.11.1/transforms/79b1d8448136953d4e0dfaff9dad0c06/transformed/jetified-common-9.8.7-runtime.jar: R8: Expected stack map table for method with non-linear control flow. In later version of R8, the method may be assumed not reachable.
WARNING: /home/toph/.gradle/caches/8.11.1/transforms/79b1d8448136953d4e0dfaff9dad0c06/transformed/jetified-common-9.8.7-runtime.jar: R8: Expected stack map table for method with non-linear control flow. In later version of R8, the method may be assumed not reachable.
WARNING: /home/toph/.gradle/caches/8.11.1/transforms/79b1d8448136953d4e0dfaff9dad0c06/transformed/jetified-common-9.8.7-runtime.jar: R8: Expected stack map table for method with non-linear control flow. In later version of R8, the method may be assumed not reachable.
WARNING: /home/toph/.gradle/caches/8.11.1/transforms/79b1d8448136953d4e0dfaff9dad0c06/transformed/jetified-common-9.8.7-runtime.jar: R8: Expected stack map table for method with non-linear control flow. In later version of R8, the method may be assumed not reachable.
WARNING: /home/toph/.gradle/caches/8.11.1/transforms/79b1d8448136953d4e0dfaff9dad0c06/transformed/jetified-common-9.8.7-runtime.jar: R8: Expected stack map table for method with non-linear control flow. In later version of R8, the method may be assumed not reachable.
WARNING: /home/toph/.gradle/caches/8.11.1/transforms/79b1d8448136953d4e0dfaff9dad0c06/transformed/jetified-common-9.8.7-runtime.jar: R8: Expected stack map table for method with non-linear control flow. In later version of R8, the method may be assumed not reachable.
WARNING: /home/toph/.gradle/caches/8.11.1/transforms/79b1d8448136953d4e0dfaff9dad0c06/transformed/jetified-common-9.8.7-runtime.jar: R8: Expected stack map table for method with non-linear control flow. In later version of R8, the method may be assumed not reachable.
WARNING: /home/toph/.gradle/caches/8.11.1/transforms/79b1d8448136953d4e0dfaff9dad0c06/transformed/jetified-common-9.8.7-runtime.jar: R8: Expected stack map table for method with non-linear control flow. In later version of R8, the method may be assumed not reachable.
WARNING: /home/toph/.gradle/caches/8.11.1/transforms/79b1d8448136953d4e0dfaff9dad0c06/transformed/jetified-common-9.8.7-runtime.jar: R8: Expected stack map table for method with non-linear control flow. In later version of R8, the method may be assumed not reachable.
WARNING: /home/toph/.gradle/caches/8.11.1/transforms/79b1d8448136953d4e0dfaff9dad0c06/transformed/jetified-common-9.8.7-runtime.jar: R8: Expected stack map table for method with non-linear control flow. In later version of R8, the method may be assumed not reachable.
WARNING: /home/toph/.gradle/caches/8.11.1/transforms/79b1d8448136953d4e0dfaff9dad0c06/transformed/jetified-common-9.8.7-runtime.jar: R8: Expected stack map table for method with non-linear control flow. In later version of R8, the method may be assumed not reachable.
WARNING: /home/toph/.gradle/caches/8.11.1/transforms/79b1d8448136953d4e0dfaff9dad0c06/transformed/jetified-common-9.8.7-runtime.jar: R8: Expected stack map table for method with non-linear control flow. In later version of R8, the method may be assumed not reachable.
WARNING: /home/toph/.gradle/caches/8.11.1/transforms/79b1d8448136953d4e0dfaff9dad0c06/transformed/jetified-common-9.8.7-runtime.jar: R8: Expected stack map table for method with non-linear control flow. In later version of R8, the method may be assumed not reachable.
WARNING: /home/toph/.gradle/caches/8.11.1/transforms/79b1d8448136953d4e0dfaff9dad0c06/transformed/jetified-common-9.8.7-runtime.jar: R8: Expected stack map table for method with non-linear control flow. In later version of R8, the method may be assumed not reachable.
WARNING: /home/toph/.gradle/caches/8.11.1/transforms/79b1d8448136953d4e0dfaff9dad0c06/transformed/jetified-common-9.8.7-runtime.jar: R8: Expected stack map table for method with non-linear control flow. In later version of R8, the method may be assumed not reachable.
WARNING: /home/toph/.gradle/caches/8.11.1/transforms/79b1d8448136953d4e0dfaff9dad0c06/transformed/jetified-common-9.8.7-runtime.jar: R8: Expected stack map table for method with non-linear control flow. In later version of R8, the method may be assumed not reachable.
WARNING: /home/toph/.gradle/caches/8.11.1/transforms/79b1d8448136953d4e0dfaff9dad0c06/transformed/jetified-common-9.8.7-runtime.jar: R8: Expected stack map table for method with non-linear control flow. In later version of R8, the method may be assumed not reachable.
WARNING: /home/toph/.gradle/caches/8.11.1/transforms/79b1d8448136953d4e0dfaff9dad0c06/transformed/jetified-common-9.8.7-runtime.jar: R8: Expected stack map table for method with non-linear control flow. In later version of R8, the method may be assumed not reachable.
WARNING: /home/toph/.gradle/caches/8.11.1/transforms/79b1d8448136953d4e0dfaff9dad0c06/transformed/jetified-common-9.8.7-runtime.jar: R8: Expected stack map table for method with non-linear control flow. In later version of R8, the method may be assumed not reachable.
WARNING: /home/toph/.gradle/caches/8.11.1/transforms/79b1d8448136953d4e0dfaff9dad0c06/transformed/jetified-common-9.8.7-runtime.jar: R8: Expected stack map table for method with non-linear control flow. In later version of R8, the method may be assumed not reachable.
WARNING: /home/toph/.gradle/caches/8.11.1/transforms/79b1d8448136953d4e0dfaff9dad0c06/transformed/jetified-common-9.8.7-runtime.jar: R8: Expected stack map table for method with non-linear control flow. In later version of R8, the method may be assumed not reachable.
WARNING: /home/toph/.gradle/caches/8.11.1/transforms/79b1d8448136953d4e0dfaff9dad0c06/transformed/jetified-common-9.8.7-runtime.jar: R8: Expected stack map table for method with non-linear control flow. In later version of R8, the method may be assumed not reachable.
WARNING: /home/toph/.gradle/caches/8.11.1/transforms/79b1d8448136953d4e0dfaff9dad0c06/transformed/jetified-common-9.8.7-runtime.jar: R8: Expected stack map table for method with non-linear control flow. In later version of R8, the method may be assumed not reachable.
WARNING: /home/toph/.gradle/caches/8.11.1/transforms/79b1d8448136953d4e0dfaff9dad0c06/transformed/jetified-common-9.8.7-runtime.jar: R8: Expected stack map table for method with non-linear control flow. In later version of R8, the method may be assumed not reachable.
WARNING: /home/toph/.gradle/caches/8.11.1/transforms/79b1d8448136953d4e0dfaff9dad0c06/transformed/jetified-common-9.8.7-runtime.jar: R8: Expected stack map table for method with non-linear control flow. In later version of R8, the method may be assumed not reachable.
WARNING: /home/toph/.gradle/caches/8.11.1/transforms/79b1d8448136953d4e0dfaff9dad0c06/transformed/jetified-common-9.8.7-runtime.jar: R8: Expected stack map table for method with non-linear control flow. In later version of R8, the method may be assumed not reachable.
WARNING: /home/toph/.gradle/caches/8.11.1/transforms/79b1d8448136953d4e0dfaff9dad0c06/transformed/jetified-common-9.8.7-runtime.jar: R8: Expected stack map table for method with non-linear control flow. In later version of R8, the method may be assumed not reachable.
WARNING: /home/toph/.gradle/caches/8.11.1/transforms/79b1d8448136953d4e0dfaff9dad0c06/transformed/jetified-common-9.8.7-runtime.jar: R8: Expected stack map table for method with non-linear control flow. In later version of R8, the method may be assumed not reachable.
WARNING: /home/toph/.gradle/caches/8.11.1/transforms/79b1d8448136953d4e0dfaff9dad0c06/transformed/jetified-common-9.8.7-runtime.jar: R8: Expected stack map table for method with non-linear control flow. In later version of R8, the method may be assumed not reachable.
WARNING: /home/toph/.gradle/caches/8.11.1/transforms/79b1d8448136953d4e0dfaff9dad0c06/transformed/jetified-common-9.8.7-runtime.jar: R8: Expected stack map table for method with non-linear control flow. In later version of R8, the method may be assumed not reachable.
WARNING: /home/toph/.gradle/caches/8.11.1/transforms/79b1d8448136953d4e0dfaff9dad0c06/transformed/jetified-common-9.8.7-runtime.jar: R8: Expected stack map table for method with non-linear control flow. In later version of R8, the method may be assumed not reachable.
WARNING: /home/toph/.gradle/caches/8.11.1/transforms/79b1d8448136953d4e0dfaff9dad0c06/transformed/jetified-common-9.8.7-runtime.jar: R8: Expected stack map table for method with non-linear control flow. In later version of R8, the method may be assumed not reachable.
WARNING: /home/toph/.gradle/caches/8.11.1/transforms/79b1d8448136953d4e0dfaff9dad0c06/transformed/jetified-common-9.8.7-runtime.jar: R8: Expected stack map table for method with non-linear control flow. In later version of R8, the method may be assumed not reachable.
WARNING: /home/toph/.gradle/caches/8.11.1/transforms/79b1d8448136953d4e0dfaff9dad0c06/transformed/jetified-common-9.8.7-runtime.jar: R8: Expected stack map table for method with non-linear control flow. In later version of R8, the method may be assumed not reachable.
WARNING: /home/toph/.gradle/caches/8.11.1/transforms/79b1d8448136953d4e0dfaff9dad0c06/transformed/jetified-common-9.8.7-runtime.jar: R8: Expected stack map table for method with non-linear control flow. In later version of R8, the method may be assumed not reachable.
WARNING: /home/toph/.gradle/caches/8.11.1/transforms/79b1d8448136953d4e0dfaff9dad0c06/transformed/jetified-common-9.8.7-runtime.jar: R8: Expected stack map table for method with non-linear control flow. In later version of R8, the method may be assumed not reachable.
WARNING: /home/toph/.gradle/caches/8.11.1/transforms/79b1d8448136953d4e0dfaff9dad0c06/transformed/jetified-common-9.8.7-runtime.jar: R8: Expected stack map table for method with non-linear control flow. In later version of R8, the method may be assumed not reachable.
WARNING: /home/toph/.gradle/caches/8.11.1/transforms/79b1d8448136953d4e0dfaff9dad0c06/transformed/jetified-common-9.8.7-runtime.jar: R8: Expected stack map table for method with non-linear control flow. In later version of R8, the method may be assumed not reachable.
WARNING: /home/toph/.gradle/caches/8.11.1/transforms/79b1d8448136953d4e0dfaff9dad0c06/transformed/jetified-common-9.8.7-runtime.jar: R8: Expected stack map table for method with non-linear control flow. In later version of R8, the method may be assumed not reachable.
WARNING: /home/toph/.gradle/caches/8.11.1/transforms/79b1d8448136953d4e0dfaff9dad0c06/transformed/jetified-common-9.8.7-runtime.jar: R8: Expected stack map table for method with non-linear control flow. In later version of R8, the method may be assumed not reachable.
WARNING: /home/toph/.gradle/caches/8.11.1/transforms/79b1d8448136953d4e0dfaff9dad0c06/transformed/jetified-common-9.8.7-runtime.jar: R8: Expected stack map table for method with non-linear control flow. In later version of R8, the method may be assumed not reachable.
WARNING: /home/toph/.gradle/caches/8.11.1/transforms/79b1d8448136953d4e0dfaff9dad0c06/transformed/jetified-common-9.8.7-runtime.jar: R8: Expected stack map table for method with non-linear control flow. In later version of R8, the method may be assumed not reachable.
WARNING: /home/toph/.gradle/caches/8.11.1/transforms/79b1d8448136953d4e0dfaff9dad0c06/transformed/jetified-common-9.8.7-runtime.jar: R8: Expected stack map table for method with non-linear control flow. In later version of R8, the method may be assumed not reachable.
WARNING: /home/toph/.gradle/caches/8.11.1/transforms/79b1d8448136953d4e0dfaff9dad0c06/transformed/jetified-common-9.8.7-runtime.jar: R8: Expected stack map table for method with non-linear control flow. In later version of R8, the method may be assumed not reachable.
WARNING: /home/toph/.gradle/caches/8.11.1/transforms/79b1d8448136953d4e0dfaff9dad0c06/transformed/jetified-common-9.8.7-runtime.jar: R8: Expected stack map table for method with non-linear control flow. In later version of R8, the method may be assumed not reachable.
WARNING: /home/toph/.gradle/caches/8.11.1/transforms/79b1d8448136953d4e0dfaff9dad0c06/transformed/jetified-common-9.8.7-runtime.jar: R8: Expected stack map table for method with non-linear control flow. In later version of R8, the method may be assumed not reachable.
WARNING: /home/toph/.gradle/caches/8.11.1/transforms/79b1d8448136953d4e0dfaff9dad0c06/transformed/jetified-common-9.8.7-runtime.jar: R8: Expected stack map table for method with non-linear control flow. In later version of R8, the method may be assumed not reachable.
WARNING: /home/toph/.gradle/caches/8.11.1/transforms/79b1d8448136953d4e0dfaff9dad0c06/transformed/jetified-common-9.8.7-runtime.jar: R8: Expected stack map table for method with non-linear control flow. In later version of R8, the method may be assumed not reachable.
WARNING: /home/toph/.gradle/caches/8.11.1/transforms/79b1d8448136953d4e0dfaff9dad0c06/transformed/jetified-common-9.8.7-runtime.jar: R8: Expected stack map table for method with non-linear control flow. In later version of R8, the method may be assumed not reachable.
WARNING: /home/toph/.gradle/caches/8.11.1/transforms/79b1d8448136953d4e0dfaff9dad0c06/transformed/jetified-common-9.8.7-runtime.jar: R8: Expected stack map table for method with non-linear control flow. In later version of R8, the method may be assumed not reachable.
WARNING: /home/toph/.gradle/caches/8.11.1/transforms/79b1d8448136953d4e0dfaff9dad0c06/transformed/jetified-common-9.8.7-runtime.jar: R8: Expected stack map table for method with non-linear control flow. In later version of R8, the method may be assumed not reachable.
WARNING: /home/toph/.gradle/caches/8.11.1/transforms/79b1d8448136953d4e0dfaff9dad0c06/transformed/jetified-common-9.8.7-runtime.jar: R8: Expected stack map table for method with non-linear control flow. In later version of R8, the method may be assumed not reachable.
WARNING: /home/toph/.gradle/caches/8.11.1/transforms/79b1d8448136953d4e0dfaff9dad0c06/transformed/jetified-common-9.8.7-runtime.jar: R8: Expected stack map table for method with non-linear control flow. In later version of R8, the method may be assumed not reachable.
WARNING: /home/toph/.gradle/caches/8.11.1/transforms/79b1d8448136953d4e0dfaff9dad0c06/transformed/jetified-common-9.8.7-runtime.jar: R8: Expected stack map table for method with non-linear control flow. In later version of R8, the method may be assumed not reachable.
WARNING: /home/toph/.gradle/caches/8.11.1/transforms/79b1d8448136953d4e0dfaff9dad0c06/transformed/jetified-common-9.8.7-runtime.jar: R8: Expected stack map table for method with non-linear control flow. In later version of R8, the method may be assumed not reachable.
WARNING: /home/toph/.gradle/caches/8.11.1/transforms/79b1d8448136953d4e0dfaff9dad0c06/transformed/jetified-common-9.8.7-runtime.jar: R8: Expected stack map table for method with non-linear control flow. In later version of R8, the method may be assumed not reachable.
WARNING: /home/toph/.gradle/caches/8.11.1/transforms/79b1d8448136953d4e0dfaff9dad0c06/transformed/jetified-common-9.8.7-runtime.jar: R8: Expected stack map table for method with non-linear control flow. In later version of R8, the method may be assumed not reachable.
WARNING: /home/toph/.gradle/caches/8.11.1/transforms/79b1d8448136953d4e0dfaff9dad0c06/transformed/jetified-common-9.8.7-runtime.jar: R8: Expected stack map table for method with non-linear control flow. In later version of R8, the method may be assumed not reachable.
WARNING: /home/toph/.gradle/caches/8.11.1/transforms/79b1d8448136953d4e0dfaff9dad0c06/transformed/jetified-common-9.8.7-runtime.jar: R8: Expected stack map table for method with non-linear control flow. In later version of R8, the method may be assumed not reachable.
WARNING: /home/toph/.gradle/caches/8.11.1/transforms/79b1d8448136953d4e0dfaff9dad0c06/transformed/jetified-common-9.8.7-runtime.jar: R8: Expected stack map table for method with non-linear control flow. In later version of R8, the method may be assumed not reachable.
WARNING: /home/toph/.gradle/caches/8.11.1/transforms/79b1d8448136953d4e0dfaff9dad0c06/transformed/jetified-common-9.8.7-runtime.jar: R8: Expected stack map table for method with non-linear control flow. In later version of R8, the method may be assumed not reachable.
WARNING: /home/toph/.gradle/caches/8.11.1/transforms/79b1d8448136953d4e0dfaff9dad0c06/transformed/jetified-common-9.8.7-runtime.jar: R8: Expected stack map table for method with non-linear control flow. In later version of R8, the method may be assumed not reachable.
WARNING: /home/toph/.gradle/caches/8.11.1/transforms/79b1d8448136953d4e0dfaff9dad0c06/transformed/jetified-common-9.8.7-runtime.jar: R8: Expected stack map table for method with non-linear control flow. In later version of R8, the method may be assumed not reachable.
WARNING: /home/toph/.gradle/caches/8.11.1/transforms/79b1d8448136953d4e0dfaff9dad0c06/transformed/jetified-common-9.8.7-runtime.jar: R8: Expected stack map table for method with non-linear control flow. In later version of R8, the method may be assumed not reachable.
WARNING: /home/toph/.gradle/caches/8.11.1/transforms/79b1d8448136953d4e0dfaff9dad0c06/transformed/jetified-common-9.8.7-runtime.jar: R8: Expected stack map table for method with non-linear control flow. In later version of R8, the method may be assumed not reachable.
WARNING: /home/toph/.gradle/caches/8.11.1/transforms/79b1d8448136953d4e0dfaff9dad0c06/transformed/jetified-common-9.8.7-runtime.jar: R8: Expected stack map table for method with non-linear control flow. In later version of R8, the method may be assumed not reachable.
WARNING: /home/toph/.gradle/caches/8.11.1/transforms/79b1d8448136953d4e0dfaff9dad0c06/transformed/jetified-common-9.8.7-runtime.jar: R8: Expected stack map table for method with non-linear control flow. In later version of R8, the method may be assumed not reachable.
WARNING: /home/toph/.gradle/caches/8.11.1/transforms/79b1d8448136953d4e0dfaff9dad0c06/transformed/jetified-common-9.8.7-runtime.jar: R8: Expected stack map table for method with non-linear control flow. In later version of R8, the method may be assumed not reachable.
WARNING: /home/toph/.gradle/caches/8.11.1/transforms/79b1d8448136953d4e0dfaff9dad0c06/transformed/jetified-common-9.8.7-runtime.jar: R8: Expected stack map table for method with non-linear control flow. In later version of R8, the method may be assumed not reachable.
WARNING: /home/toph/.gradle/caches/8.11.1/transforms/79b1d8448136953d4e0dfaff9dad0c06/transformed/jetified-common-9.8.7-runtime.jar: R8: Expected stack map table for method with non-linear control flow. In later version of R8, the method may be assumed not reachable.
WARNING: /home/toph/.gradle/caches/8.11.1/transforms/79b1d8448136953d4e0dfaff9dad0c06/transformed/jetified-common-9.8.7-runtime.jar: R8: Expected stack map table for method with non-linear control flow. In later version of R8, the method may be assumed not reachable.
WARNING: /home/toph/.gradle/caches/8.11.1/transforms/79b1d8448136953d4e0dfaff9dad0c06/transformed/jetified-common-9.8.7-runtime.jar: R8: Expected stack map table for method with non-linear control flow. In later version of R8, the method may be assumed not reachable.
WARNING: /home/toph/.gradle/caches/8.11.1/transforms/79b1d8448136953d4e0dfaff9dad0c06/transformed/jetified-common-9.8.7-runtime.jar: R8: Expected stack map table for method with non-linear control flow. In later version of R8, the method may be assumed not reachable.
WARNING: /home/toph/.gradle/caches/8.11.1/transforms/79b1d8448136953d4e0dfaff9dad0c06/transformed/jetified-common-9.8.7-runtime.jar: R8: Expected stack map table for method with non-linear control flow. In later version of R8, the method may be assumed not reachable.
WARNING: /home/toph/.gradle/caches/8.11.1/transforms/79b1d8448136953d4e0dfaff9dad0c06/transformed/jetified-common-9.8.7-runtime.jar: R8: Expected stack map table for method with non-linear control flow. In later version of R8, the method may be assumed not reachable.
WARNING: /home/toph/.gradle/caches/8.11.1/transforms/79b1d8448136953d4e0dfaff9dad0c06/transformed/jetified-common-9.8.7-runtime.jar: R8: Expected stack map table for method with non-linear control flow. In later version of R8, the method may be assumed not reachable.
WARNING: /home/toph/.gradle/caches/8.11.1/transforms/79b1d8448136953d4e0dfaff9dad0c06/transformed/jetified-common-9.8.7-runtime.jar: R8: Expected stack map table for method with non-linear control flow. In later version of R8, the method may be assumed not reachable.
WARNING: /home/toph/.gradle/caches/8.11.1/transforms/79b1d8448136953d4e0dfaff9dad0c06/transformed/jetified-common-9.8.7-runtime.jar: R8: Expected stack map table for method with non-linear control flow. In later version of R8, the method may be assumed not reachable.
WARNING: /home/toph/.gradle/caches/8.11.1/transforms/79b1d8448136953d4e0dfaff9dad0c06/transformed/jetified-common-9.8.7-runtime.jar: R8: Expected stack map table for method with non-linear control flow. In later version of R8, the method may be assumed not reachable.
WARNING: /home/toph/.gradle/caches/8.11.1/transforms/79b1d8448136953d4e0dfaff9dad0c06/transformed/jetified-common-9.8.7-runtime.jar: R8: Expected stack map table for method with non-linear control flow. In later version of R8, the method may be assumed not reachable.
WARNING: /home/toph/.gradle/caches/8.11.1/transforms/79b1d8448136953d4e0dfaff9dad0c06/transformed/jetified-common-9.8.7-runtime.jar: R8: Expected stack map table for method with non-linear control flow. In later version of R8, the method may be assumed not reachable.
WARNING: /home/toph/.gradle/caches/8.11.1/transforms/79b1d8448136953d4e0dfaff9dad0c06/transformed/jetified-common-9.8.7-runtime.jar: R8: Expected stack map table for method with non-linear control flow. In later version of R8, the method may be assumed not reachable.
WARNING: /home/toph/.gradle/caches/8.11.1/transforms/79b1d8448136953d4e0dfaff9dad0c06/transformed/jetified-common-9.8.7-runtime.jar: R8: Expected stack map table for method with non-linear control flow. In later version of R8, the method may be assumed not reachable.
WARNING: /home/toph/.gradle/caches/8.11.1/transforms/79b1d8448136953d4e0dfaff9dad0c06/transformed/jetified-common-9.8.7-runtime.jar: R8: Expected stack map table for method with non-linear control flow. In later version of R8, the method may be assumed not reachable.
WARNING: /home/toph/.gradle/caches/8.11.1/transforms/79b1d8448136953d4e0dfaff9dad0c06/transformed/jetified-common-9.8.7-runtime.jar: R8: Expected stack map table for method with non-linear control flow. In later version of R8, the method may be assumed not reachable.
WARNING: /home/toph/.gradle/caches/8.11.1/transforms/79b1d8448136953d4e0dfaff9dad0c06/transformed/jetified-common-9.8.7-runtime.jar: R8: Expected stack map table for method with non-linear control flow. In later version of R8, the method may be assumed not reachable.
WARNING: /home/toph/.gradle/caches/8.11.1/transforms/79b1d8448136953d4e0dfaff9dad0c06/transformed/jetified-common-9.8.7-runtime.jar: R8: Expected stack map table for method with non-linear control flow. In later version of R8, the method may be assumed not reachable.
WARNING: /home/toph/.gradle/caches/8.11.1/transforms/79b1d8448136953d4e0dfaff9dad0c06/transformed/jetified-common-9.8.7-runtime.jar: R8: Expected stack map table for method with non-linear control flow. In later version of R8, the method may be assumed not reachable.
WARNING: /home/toph/.gradle/caches/8.11.1/transforms/79b1d8448136953d4e0dfaff9dad0c06/transformed/jetified-common-9.8.7-runtime.jar: R8: Expected stack map table for method with non-linear control flow. In later version of R8, the method may be assumed not reachable.
WARNING: /home/toph/.gradle/caches/8.11.1/transforms/79b1d8448136953d4e0dfaff9dad0c06/transformed/jetified-common-9.8.7-runtime.jar: R8: Expected stack map table for method with non-linear control flow. In later version of R8, the method may be assumed not reachable.
WARNING: /home/toph/.gradle/caches/8.11.1/transforms/79b1d8448136953d4e0dfaff9dad0c06/transformed/jetified-common-9.8.7-runtime.jar: R8: Expected stack map table for method with non-linear control flow. In later version of R8, the method may be assumed not reachable.
WARNING: /home/toph/.gradle/caches/8.11.1/transforms/79b1d8448136953d4e0dfaff9dad0c06/transformed/jetified-common-9.8.7-runtime.jar: R8: Expected stack map table for method with non-linear control flow. In later version of R8, the method may be assumed not reachable.
WARNING: /home/toph/.gradle/caches/8.11.1/transforms/79b1d8448136953d4e0dfaff9dad0c06/transformed/jetified-common-9.8.7-runtime.jar: R8: Expected stack map table for method with non-linear control flow. In later version of R8, the method may be assumed not reachable.
WARNING: /home/toph/.gradle/caches/8.11.1/transforms/79b1d8448136953d4e0dfaff9dad0c06/transformed/jetified-common-9.8.7-runtime.jar: R8: Expected stack map table for method with non-linear control flow. In later version of R8, the method may be assumed not reachable.
WARNING: /home/toph/.gradle/caches/8.11.1/transforms/79b1d8448136953d4e0dfaff9dad0c06/transformed/jetified-common-9.8.7-runtime.jar: R8: Expected stack map table for method with non-linear control flow. In later version of R8, the method may be assumed not reachable.
WARNING: /home/toph/.gradle/caches/8.11.1/transforms/79b1d8448136953d4e0dfaff9dad0c06/transformed/jetified-common-9.8.7-runtime.jar: R8: Expected stack map table for method with non-linear control flow. In later version of R8, the method may be assumed not reachable.
WARNING: /home/toph/.gradle/caches/8.11.1/transforms/79b1d8448136953d4e0dfaff9dad0c06/transformed/jetified-common-9.8.7-runtime.jar: R8: Expected stack map table for method with non-linear control flow. In later version of R8, the method may be assumed not reachable.
WARNING: /home/toph/.gradle/caches/8.11.1/transforms/79b1d8448136953d4e0dfaff9dad0c06/transformed/jetified-common-9.8.7-runtime.jar: R8: Expected stack map table for method with non-linear control flow. In later version of R8, the method may be assumed not reachable.
WARNING: /home/toph/.gradle/caches/8.11.1/transforms/79b1d8448136953d4e0dfaff9dad0c06/transformed/jetified-common-9.8.7-runtime.jar: R8: Expected stack map table for method with non-linear control flow. In later version of R8, the method may be assumed not reachable.
WARNING: /home/toph/.gradle/caches/8.11.1/transforms/79b1d8448136953d4e0dfaff9dad0c06/transformed/jetified-common-9.8.7-runtime.jar: R8: Expected stack map table for method with non-linear control flow. In later version of R8, the method may be assumed not reachable.
WARNING: /home/toph/.gradle/caches/8.11.1/transforms/79b1d8448136953d4e0dfaff9dad0c06/transformed/jetified-common-9.8.7-runtime.jar: R8: Expected stack map table for method with non-linear control flow. In later version of R8, the method may be assumed not reachable.
WARNING: /home/toph/.gradle/caches/8.11.1/transforms/79b1d8448136953d4e0dfaff9dad0c06/transformed/jetified-common-9.8.7-runtime.jar: R8: Expected stack map table for method with non-linear control flow. In later version of R8, the method may be assumed not reachable.
WARNING: /home/toph/.gradle/caches/8.11.1/transforms/79b1d8448136953d4e0dfaff9dad0c06/transformed/jetified-common-9.8.7-runtime.jar: R8: Expected stack map table for method with non-linear control flow. In later version of R8, the method may be assumed not reachable.
WARNING: /home/toph/.gradle/caches/8.11.1/transforms/79b1d8448136953d4e0dfaff9dad0c06/transformed/jetified-common-9.8.7-runtime.jar: R8: Expected stack map table for method with non-linear control flow. In later version of R8, the method may be assumed not reachable.
WARNING: /home/toph/.gradle/caches/8.11.1/transforms/79b1d8448136953d4e0dfaff9dad0c06/transformed/jetified-common-9.8.7-runtime.jar: R8: Expected stack map table for method with non-linear control flow. In later version of R8, the method may be assumed not reachable.
WARNING: /home/toph/.gradle/caches/8.11.1/transforms/79b1d8448136953d4e0dfaff9dad0c06/transformed/jetified-common-9.8.7-runtime.jar: R8: Expected stack map table for method with non-linear control flow. In later version of R8, the method may be assumed not reachable.
WARNING: /home/toph/.gradle/caches/8.11.1/transforms/79b1d8448136953d4e0dfaff9dad0c06/transformed/jetified-common-9.8.7-runtime.jar: R8: Expected stack map table for method with non-linear control flow. In later version of R8, the method may be assumed not reachable.
WARNING: /home/toph/.gradle/caches/8.11.1/transforms/79b1d8448136953d4e0dfaff9dad0c06/transformed/jetified-common-9.8.7-runtime.jar: R8: Expected stack map table for method with non-linear control flow. In later version of R8, the method may be assumed not reachable.
WARNING: /home/toph/.gradle/caches/8.11.1/transforms/79b1d8448136953d4e0dfaff9dad0c06/transformed/jetified-common-9.8.7-runtime.jar: R8: Expected stack map table for method with non-linear control flow. In later version of R8, the method may be assumed not reachable.
WARNING: /home/toph/.gradle/caches/8.11.1/transforms/79b1d8448136953d4e0dfaff9dad0c06/transformed/jetified-common-9.8.7-runtime.jar: R8: Expected stack map table for method with non-linear control flow. In later version of R8, the method may be assumed not reachable.
WARNING: /home/toph/.gradle/caches/8.11.1/transforms/79b1d8448136953d4e0dfaff9dad0c06/transformed/jetified-common-9.8.7-runtime.jar: R8: Expected stack map table for method with non-linear control flow. In later version of R8, the method may be assumed not reachable.
WARNING: /home/toph/.gradle/caches/8.11.1/transforms/79b1d8448136953d4e0dfaff9dad0c06/transformed/jetified-common-9.8.7-runtime.jar: R8: Expected stack map table for method with non-linear control flow. In later version of R8, the method may be assumed not reachable.
WARNING: /home/toph/.gradle/caches/8.11.1/transforms/79b1d8448136953d4e0dfaff9dad0c06/transformed/jetified-common-9.8.7-runtime.jar: R8: Expected stack map table for method with non-linear control flow. In later version of R8, the method may be assumed not reachable.
WARNING: /home/toph/.gradle/caches/8.11.1/transforms/79b1d8448136953d4e0dfaff9dad0c06/transformed/jetified-common-9.8.7-runtime.jar: R8: Expected stack map table for method with non-linear control flow. In later version of R8, the method may be assumed not reachable.
WARNING: /home/toph/.gradle/caches/8.11.1/transforms/79b1d8448136953d4e0dfaff9dad0c06/transformed/jetified-common-9.8.7-runtime.jar: R8: Expected stack map table for method with non-linear control flow. In later version of R8, the method may be assumed not reachable.
WARNING: /home/toph/.gradle/caches/8.11.1/transforms/79b1d8448136953d4e0dfaff9dad0c06/transformed/jetified-common-9.8.7-runtime.jar: R8: Expected stack map table for method with non-linear control flow. In later version of R8, the method may be assumed not reachable.
WARNING: /home/toph/.gradle/caches/8.11.1/transforms/79b1d8448136953d4e0dfaff9dad0c06/transformed/jetified-common-9.8.7-runtime.jar: R8: Expected stack map table for method with non-linear control flow. In later version of R8, the method may be assumed not reachable.
WARNING: /home/toph/.gradle/caches/8.11.1/transforms/79b1d8448136953d4e0dfaff9dad0c06/transformed/jetified-common-9.8.7-runtime.jar: R8: Expected stack map table for method with non-linear control flow. In later version of R8, the method may be assumed not reachable.
WARNING: /home/toph/.gradle/caches/8.11.1/transforms/79b1d8448136953d4e0dfaff9dad0c06/transformed/jetified-common-9.8.7-runtime.jar: R8: Expected stack map table for method with non-linear control flow. In later version of R8, the method may be assumed not reachable.
WARNING: /home/toph/.gradle/caches/8.11.1/transforms/79b1d8448136953d4e0dfaff9dad0c06/transformed/jetified-common-9.8.7-runtime.jar: R8: Expected stack map table for method with non-linear control flow. In later version of R8, the method may be assumed not reachable.
WARNING: /home/toph/.gradle/caches/8.11.1/transforms/79b1d8448136953d4e0dfaff9dad0c06/transformed/jetified-common-9.8.7-runtime.jar: R8: Expected stack map table for method with non-linear control flow. In later version of R8, the method may be assumed not reachable.
WARNING: /home/toph/.gradle/caches/8.11.1/transforms/79b1d8448136953d4e0dfaff9dad0c06/transformed/jetified-common-9.8.7-runtime.jar: R8: Expected stack map table for method with non-linear control flow. In later version of R8, the method may be assumed not reachable.
WARNING: /home/toph/.gradle/caches/8.11.1/transforms/79b1d8448136953d4e0dfaff9dad0c06/transformed/jetified-common-9.8.7-runtime.jar: R8: Expected stack map table for method with non-linear control flow. In later version of R8, the method may be assumed not reachable.
WARNING: /home/toph/.gradle/caches/8.11.1/transforms/79b1d8448136953d4e0dfaff9dad0c06/transformed/jetified-common-9.8.7-runtime.jar: R8: Expected stack map table for method with non-linear control flow. In later version of R8, the method may be assumed not reachable.
WARNING: /home/toph/.gradle/caches/8.11.1/transforms/79b1d8448136953d4e0dfaff9dad0c06/transformed/jetified-common-9.8.7-runtime.jar: R8: Expected stack map table for method with non-linear control flow. In later version of R8, the method may be assumed not reachable.
WARNING: /home/toph/.gradle/caches/8.11.1/transforms/79b1d8448136953d4e0dfaff9dad0c06/transformed/jetified-common-9.8.7-runtime.jar: R8: Expected stack map table for method with non-linear control flow. In later version of R8, the method may be assumed not reachable.
WARNING: /home/toph/.gradle/caches/8.11.1/transforms/79b1d8448136953d4e0dfaff9dad0c06/transformed/jetified-common-9.8.7-runtime.jar: R8: Expected stack map table for method with non-linear control flow. In later version of R8, the method may be assumed not reachable.
WARNING: /home/toph/.gradle/caches/8.11.1/transforms/79b1d8448136953d4e0dfaff9dad0c06/transformed/jetified-common-9.8.7-runtime.jar: R8: Expected stack map table for method with non-linear control flow. In later version of R8, the method may be assumed not reachable.
WARNING: /home/toph/.gradle/caches/8.11.1/transforms/79b1d8448136953d4e0dfaff9dad0c06/transformed/jetified-common-9.8.7-runtime.jar: R8: Expected stack map table for method with non-linear control flow. In later version of R8, the method may be assumed not reachable.
WARNING: /home/toph/.gradle/caches/8.11.1/transforms/79b1d8448136953d4e0dfaff9dad0c06/transformed/jetified-common-9.8.7-runtime.jar: R8: Expected stack map table for method with non-linear control flow. In later version of R8, the method may be assumed not reachable.
WARNING: /home/toph/.gradle/caches/8.11.1/transforms/79b1d8448136953d4e0dfaff9dad0c06/transformed/jetified-common-9.8.7-runtime.jar: R8: Expected stack map table for method with non-linear control flow. In later version of R8, the method may be assumed not reachable.
WARNING: /home/toph/.gradle/caches/8.11.1/transforms/79b1d8448136953d4e0dfaff9dad0c06/transformed/jetified-common-9.8.7-runtime.jar: R8: Expected stack map table for method with non-linear control flow. In later version of R8, the method may be assumed not reachable.
WARNING: /home/toph/.gradle/caches/8.11.1/transforms/79b1d8448136953d4e0dfaff9dad0c06/transformed/jetified-common-9.8.7-runtime.jar: R8: Expected stack map table for method with non-linear control flow. In later version of R8, the method may be assumed not reachable.
WARNING: /home/toph/.gradle/caches/8.11.1/transforms/79b1d8448136953d4e0dfaff9dad0c06/transformed/jetified-common-9.8.7-runtime.jar: R8: Expected stack map table for method with non-linear control flow. In later version of R8, the method may be assumed not reachable.
WARNING: /home/toph/.gradle/caches/8.11.1/transforms/79b1d8448136953d4e0dfaff9dad0c06/transformed/jetified-common-9.8.7-runtime.jar: R8: Expected stack map table for method with non-linear control flow. In later version of R8, the method may be assumed not reachable.
WARNING: /home/toph/.gradle/caches/8.11.1/transforms/79b1d8448136953d4e0dfaff9dad0c06/transformed/jetified-common-9.8.7-runtime.jar: R8: Expected stack map table for method with non-linear control flow. In later version of R8, the method may be assumed not reachable.
WARNING: /home/toph/.gradle/caches/8.11.1/transforms/79b1d8448136953d4e0dfaff9dad0c06/transformed/jetified-common-9.8.7-runtime.jar: R8: Expected stack map table for method with non-linear control flow. In later version of R8, the method may be assumed not reachable.
WARNING: /home/toph/.gradle/caches/8.11.1/transforms/79b1d8448136953d4e0dfaff9dad0c06/transformed/jetified-common-9.8.7-runtime.jar: R8: Expected stack map table for method with non-linear control flow. In later version of R8, the method may be assumed not reachable.
WARNING: /home/toph/.gradle/caches/8.11.1/transforms/79b1d8448136953d4e0dfaff9dad0c06/transformed/jetified-common-9.8.7-runtime.jar: R8: Expected stack map table for method with non-linear control flow. In later version of R8, the method may be assumed not reachable.
WARNING: /home/toph/.gradle/caches/8.11.1/transforms/79b1d8448136953d4e0dfaff9dad0c06/transformed/jetified-common-9.8.7-runtime.jar: R8: Expected stack map table for method with non-linear control flow. In later version of R8, the method may be assumed not reachable.
WARNING: /home/toph/.gradle/caches/8.11.1/transforms/79b1d8448136953d4e0dfaff9dad0c06/transformed/jetified-common-9.8.7-runtime.jar: R8: Expected stack map table for method with non-linear control flow. In later version of R8, the method may be assumed not reachable.
WARNING: /home/toph/.gradle/caches/8.11.1/transforms/79b1d8448136953d4e0dfaff9dad0c06/transformed/jetified-common-9.8.7-runtime.jar: R8: Expected stack map table for method with non-linear control flow. In later version of R8, the method may be assumed not reachable.
WARNING: /home/toph/.gradle/caches/8.11.1/transforms/79b1d8448136953d4e0dfaff9dad0c06/transformed/jetified-common-9.8.7-runtime.jar: R8: Expected stack map table for method with non-linear control flow. In later version of R8, the method may be assumed not reachable.
WARNING: /home/toph/.gradle/caches/8.11.1/transforms/79b1d8448136953d4e0dfaff9dad0c06/transformed/jetified-common-9.8.7-runtime.jar: R8: Expected stack map table for method with non-linear control flow. In later version of R8, the method may be assumed not reachable.
WARNING: /home/toph/.gradle/caches/8.11.1/transforms/79b1d8448136953d4e0dfaff9dad0c06/transformed/jetified-common-9.8.7-runtime.jar: R8: Expected stack map table for method with non-linear control flow. In later version of R8, the method may be assumed not reachable.
WARNING: /home/toph/.gradle/caches/8.11.1/transforms/79b1d8448136953d4e0dfaff9dad0c06/transformed/jetified-common-9.8.7-runtime.jar: R8: Expected stack map table for method with non-linear control flow. In later version of R8, the method may be assumed not reachable.
WARNING: /home/toph/.gradle/caches/8.11.1/transforms/79b1d8448136953d4e0dfaff9dad0c06/transformed/jetified-common-9.8.7-runtime.jar: R8: Expected stack map table for method with non-linear control flow. In later version of R8, the method may be assumed not reachable.
WARNING: /home/toph/.gradle/caches/8.11.1/transforms/79b1d8448136953d4e0dfaff9dad0c06/transformed/jetified-common-9.8.7-runtime.jar: R8: Expected stack map table for method with non-linear control flow. In later version of R8, the method may be assumed not reachable.
WARNING: /home/toph/.gradle/caches/8.11.1/transforms/79b1d8448136953d4e0dfaff9dad0c06/transformed/jetified-common-9.8.7-runtime.jar: R8: Expected stack map table for method with non-linear control flow. In later version of R8, the method may be assumed not reachable.
WARNING: /home/toph/.gradle/caches/8.11.1/transforms/79b1d8448136953d4e0dfaff9dad0c06/transformed/jetified-common-9.8.7-runtime.jar: R8: Expected stack map table for method with non-linear control flow. In later version of R8, the method may be assumed not reachable.
WARNING: /home/toph/.gradle/caches/8.11.1/transforms/79b1d8448136953d4e0dfaff9dad0c06/transformed/jetified-common-9.8.7-runtime.jar: R8: Expected stack map table for method with non-linear control flow. In later version of R8, the method may be assumed not reachable.
WARNING: /home/toph/.gradle/caches/8.11.1/transforms/79b1d8448136953d4e0dfaff9dad0c06/transformed/jetified-common-9.8.7-runtime.jar: R8: Expected stack map table for method with non-linear control flow. In later version of R8, the method may be assumed not reachable.
WARNING: /home/toph/.gradle/caches/8.11.1/transforms/79b1d8448136953d4e0dfaff9dad0c06/transformed/jetified-common-9.8.7-runtime.jar: R8: Expected stack map table for method with non-linear control flow. In later version of R8, the method may be assumed not reachable.
WARNING: /home/toph/.gradle/caches/8.11.1/transforms/79b1d8448136953d4e0dfaff9dad0c06/transformed/jetified-common-9.8.7-runtime.jar: R8: Expected stack map table for method with non-linear control flow. In later version of R8, the method may be assumed not reachable.
WARNING: /home/toph/.gradle/caches/8.11.1/transforms/79b1d8448136953d4e0dfaff9dad0c06/transformed/jetified-common-9.8.7-runtime.jar: R8: Expected stack map table for method with non-linear control flow. In later version of R8, the method may be assumed not reachable.
WARNING: /home/toph/.gradle/caches/8.11.1/transforms/79b1d8448136953d4e0dfaff9dad0c06/transformed/jetified-common-9.8.7-runtime.jar: R8: Expected stack map table for method with non-linear control flow. In later version of R8, the method may be assumed not reachable.
WARNING: /home/toph/.gradle/caches/8.11.1/transforms/79b1d8448136953d4e0dfaff9dad0c06/transformed/jetified-common-9.8.7-runtime.jar: R8: Expected stack map table for method with non-linear control flow. In later version of R8, the method may be assumed not reachable.
WARNING: /home/toph/.gradle/caches/8.11.1/transforms/79b1d8448136953d4e0dfaff9dad0c06/transformed/jetified-common-9.8.7-runtime.jar: R8: Expected stack map table for method with non-linear control flow. In later version of R8, the method may be assumed not reachable.
WARNING: /home/toph/.gradle/caches/8.11.1/transforms/79b1d8448136953d4e0dfaff9dad0c06/transformed/jetified-common-9.8.7-runtime.jar: R8: Expected stack map table for method with non-linear control flow. In later version of R8, the method may be assumed not reachable.
WARNING: /home/toph/.gradle/caches/8.11.1/transforms/79b1d8448136953d4e0dfaff9dad0c06/transformed/jetified-common-9.8.7-runtime.jar: R8: Expected stack map table for method with non-linear control flow. In later version of R8, the method may be assumed not reachable.
WARNING: /home/toph/.gradle/caches/8.11.1/transforms/79b1d8448136953d4e0dfaff9dad0c06/transformed/jetified-common-9.8.7-runtime.jar: R8: Expected stack map table for method with non-linear control flow. In later version of R8, the method may be assumed not reachable.
WARNING: /home/toph/.gradle/caches/8.11.1/transforms/79b1d8448136953d4e0dfaff9dad0c06/transformed/jetified-common-9.8.7-runtime.jar: R8: Expected stack map table for method with non-linear control flow. In later version of R8, the method may be assumed not reachable.
WARNING: /home/toph/.gradle/caches/8.11.1/transforms/79b1d8448136953d4e0dfaff9dad0c06/transformed/jetified-common-9.8.7-runtime.jar: R8: Expected stack map table for method with non-linear control flow. In later version of R8, the method may be assumed not reachable.
WARNING: /home/toph/.gradle/caches/8.11.1/transforms/79b1d8448136953d4e0dfaff9dad0c06/transformed/jetified-common-9.8.7-runtime.jar: R8: Expected stack map table for method with non-linear control flow. In later version of R8, the method may be assumed not reachable.
WARNING: /home/toph/.gradle/caches/8.11.1/transforms/79b1d8448136953d4e0dfaff9dad0c06/transformed/jetified-common-9.8.7-runtime.jar: R8: Expected stack map table for method with non-linear control flow. In later version of R8, the method may be assumed not reachable.
WARNING: /home/toph/.gradle/caches/8.11.1/transforms/79b1d8448136953d4e0dfaff9dad0c06/transformed/jetified-common-9.8.7-runtime.jar: R8: Expected stack map table for method with non-linear control flow. In later version of R8, the method may be assumed not reachable.
WARNING: /home/toph/.gradle/caches/8.11.1/transforms/79b1d8448136953d4e0dfaff9dad0c06/transformed/jetified-common-9.8.7-runtime.jar: R8: Expected stack map table for method with non-linear control flow. In later version of R8, the method may be assumed not reachable.
WARNING: /home/toph/.gradle/caches/8.11.1/transforms/79b1d8448136953d4e0dfaff9dad0c06/transformed/jetified-common-9.8.7-runtime.jar: R8: Expected stack map table for method with non-linear control flow. In later version of R8, the method may be assumed not reachable.
WARNING: /home/toph/.gradle/caches/8.11.1/transforms/79b1d8448136953d4e0dfaff9dad0c06/transformed/jetified-common-9.8.7-runtime.jar: R8: Expected stack map table for method with non-linear control flow. In later version of R8, the method may be assumed not reachable.
WARNING: /home/toph/.gradle/caches/8.11.1/transforms/79b1d8448136953d4e0dfaff9dad0c06/transformed/jetified-common-9.8.7-runtime.jar: R8: Expected stack map table for method with non-linear control flow. In later version of R8, the method may be assumed not reachable.
WARNING: /home/toph/.gradle/caches/8.11.1/transforms/79b1d8448136953d4e0dfaff9dad0c06/transformed/jetified-common-9.8.7-runtime.jar: R8: Expected stack map table for method with non-linear control flow. In later version of R8, the method may be assumed not reachable.
WARNING: /home/toph/.gradle/caches/8.11.1/transforms/79b1d8448136953d4e0dfaff9dad0c06/transformed/jetified-common-9.8.7-runtime.jar: R8: Expected stack map table for method with non-linear control flow. In later version of R8, the method may be assumed not reachable.
WARNING: /home/toph/.gradle/caches/8.11.1/transforms/79b1d8448136953d4e0dfaff9dad0c06/transformed/jetified-common-9.8.7-runtime.jar: R8: Expected stack map table for method with non-linear control flow. In later version of R8, the method may be assumed not reachable.
WARNING: /home/toph/.gradle/caches/8.11.1/transforms/79b1d8448136953d4e0dfaff9dad0c06/transformed/jetified-common-9.8.7-runtime.jar: R8: Expected stack map table for method with non-linear control flow. In later version of R8, the method may be assumed not reachable.
WARNING: /home/toph/.gradle/caches/8.11.1/transforms/79b1d8448136953d4e0dfaff9dad0c06/transformed/jetified-common-9.8.7-runtime.jar: R8: Expected stack map table for method with non-linear control flow. In later version of R8, the method may be assumed not reachable.
WARNING: /home/toph/.gradle/caches/8.11.1/transforms/79b1d8448136953d4e0dfaff9dad0c06/transformed/jetified-common-9.8.7-runtime.jar: R8: Expected stack map table for method with non-linear control flow. In later version of R8, the method may be assumed not reachable.
WARNING: /home/toph/.gradle/caches/8.11.1/transforms/79b1d8448136953d4e0dfaff9dad0c06/transformed/jetified-common-9.8.7-runtime.jar: R8: Expected stack map table for method with non-linear control flow. In later version of R8, the method may be assumed not reachable.
WARNING: /home/toph/.gradle/caches/8.11.1/transforms/79b1d8448136953d4e0dfaff9dad0c06/transformed/jetified-common-9.8.7-runtime.jar: R8: Expected stack map table for method with non-linear control flow. In later version of R8, the method may be assumed not reachable.
WARNING: /home/toph/.gradle/caches/8.11.1/transforms/79b1d8448136953d4e0dfaff9dad0c06/transformed/jetified-common-9.8.7-runtime.jar: R8: Expected stack map table for method with non-linear control flow. In later version of R8, the method may be assumed not reachable.
WARNING: /home/toph/.gradle/caches/8.11.1/transforms/79b1d8448136953d4e0dfaff9dad0c06/transformed/jetified-common-9.8.7-runtime.jar: R8: Expected stack map table for method with non-linear control flow. In later version of R8, the method may be assumed not reachable.
WARNING: /home/toph/.gradle/caches/8.11.1/transforms/79b1d8448136953d4e0dfaff9dad0c06/transformed/jetified-common-9.8.7-runtime.jar: R8: Expected stack map table for method with non-linear control flow. In later version of R8, the method may be assumed not reachable.
WARNING: /home/toph/.gradle/caches/8.11.1/transforms/79b1d8448136953d4e0dfaff9dad0c06/transformed/jetified-common-9.8.7-runtime.jar: R8: Expected stack map table for method with non-linear control flow. In later version of R8, the method may be assumed not reachable.
WARNING: /home/toph/.gradle/caches/8.11.1/transforms/79b1d8448136953d4e0dfaff9dad0c06/transformed/jetified-common-9.8.7-runtime.jar: R8: Expected stack map table for method with non-linear control flow. In later version of R8, the method may be assumed not reachable.
WARNING: /home/toph/.gradle/caches/8.11.1/transforms/79b1d8448136953d4e0dfaff9dad0c06/transformed/jetified-common-9.8.7-runtime.jar: R8: Expected stack map table for method with non-linear control flow. In later version of R8, the method may be assumed not reachable.
WARNING: /home/toph/.gradle/caches/8.11.1/transforms/79b1d8448136953d4e0dfaff9dad0c06/transformed/jetified-common-9.8.7-runtime.jar: R8: Expected stack map table for method with non-linear control flow. In later version of R8, the method may be assumed not reachable.
WARNING: /home/toph/.gradle/caches/8.11.1/transforms/79b1d8448136953d4e0dfaff9dad0c06/transformed/jetified-common-9.8.7-runtime.jar: R8: Expected stack map table for method with non-linear control flow. In later version of R8, the method may be assumed not reachable.
WARNING: /home/toph/.gradle/caches/8.11.1/transforms/79b1d8448136953d4e0dfaff9dad0c06/transformed/jetified-common-9.8.7-runtime.jar: R8: Expected stack map table for method with non-linear control flow. In later version of R8, the method may be assumed not reachable.
WARNING: /home/toph/.gradle/caches/8.11.1/transforms/79b1d8448136953d4e0dfaff9dad0c06/transformed/jetified-common-9.8.7-runtime.jar: R8: Expected stack map table for method with non-linear control flow. In later version of R8, the method may be assumed not reachable.
WARNING: /home/toph/.gradle/caches/8.11.1/transforms/79b1d8448136953d4e0dfaff9dad0c06/transformed/jetified-common-9.8.7-runtime.jar: R8: Expected stack map table for method with non-linear control flow. In later version of R8, the method may be assumed not reachable.
WARNING: /home/toph/.gradle/caches/8.11.1/transforms/79b1d8448136953d4e0dfaff9dad0c06/transformed/jetified-common-9.8.7-runtime.jar: R8: Expected stack map table for method with non-linear control flow. In later version of R8, the method may be assumed not reachable.
WARNING: /home/toph/.gradle/caches/8.11.1/transforms/79b1d8448136953d4e0dfaff9dad0c06/transformed/jetified-common-9.8.7-runtime.jar: R8: Expected stack map table for method with non-linear control flow. In later version of R8, the method may be assumed not reachable.
WARNING: /home/toph/.gradle/caches/8.11.1/transforms/79b1d8448136953d4e0dfaff9dad0c06/transformed/jetified-common-9.8.7-runtime.jar: R8: Expected stack map table for method with non-linear control flow. In later version of R8, the method may be assumed not reachable.
WARNING: /home/toph/.gradle/caches/8.11.1/transforms/79b1d8448136953d4e0dfaff9dad0c06/transformed/jetified-common-9.8.7-runtime.jar: R8: Expected stack map table for method with non-linear control flow. In later version of R8, the method may be assumed not reachable.
WARNING: /home/toph/.gradle/caches/8.11.1/transforms/79b1d8448136953d4e0dfaff9dad0c06/transformed/jetified-common-9.8.7-runtime.jar: R8: Expected stack map table for method with non-linear control flow. In later version of R8, the method may be assumed not reachable.
WARNING: /home/toph/.gradle/caches/8.11.1/transforms/79b1d8448136953d4e0dfaff9dad0c06/transformed/jetified-common-9.8.7-runtime.jar: R8: Expected stack map table for method with non-linear control flow. In later version of R8, the method may be assumed not reachable.
WARNING: /home/toph/.gradle/caches/8.11.1/transforms/79b1d8448136953d4e0dfaff9dad0c06/transformed/jetified-common-9.8.7-runtime.jar: R8: Expected stack map table for method with non-linear control flow. In later version of R8, the method may be assumed not reachable.
WARNING: /home/toph/.gradle/caches/8.11.1/transforms/79b1d8448136953d4e0dfaff9dad0c06/transformed/jetified-common-9.8.7-runtime.jar: R8: Expected stack map table for method with non-linear control flow. In later version of R8, the method may be assumed not reachable.
WARNING: /home/toph/.gradle/caches/8.11.1/transforms/79b1d8448136953d4e0dfaff9dad0c06/transformed/jetified-common-9.8.7-runtime.jar: R8: Expected stack map table for method with non-linear control flow. In later version of R8, the method may be assumed not reachable.
WARNING: /home/toph/.gradle/caches/8.11.1/transforms/79b1d8448136953d4e0dfaff9dad0c06/transformed/jetified-common-9.8.7-runtime.jar: R8: Expected stack map table for method with non-linear control flow. In later version of R8, the method may be assumed not reachable.
WARNING: /home/toph/.gradle/caches/8.11.1/transforms/79b1d8448136953d4e0dfaff9dad0c06/transformed/jetified-common-9.8.7-runtime.jar: R8: Expected stack map table for method with non-linear control flow. In later version of R8, the method may be assumed not reachable.
WARNING: /home/toph/.gradle/caches/8.11.1/transforms/79b1d8448136953d4e0dfaff9dad0c06/transformed/jetified-common-9.8.7-runtime.jar: R8: Expected stack map table for method with non-linear control flow. In later version of R8, the method may be assumed not reachable.
WARNING: /home/toph/.gradle/caches/8.11.1/transforms/79b1d8448136953d4e0dfaff9dad0c06/transformed/jetified-common-9.8.7-runtime.jar: R8: Expected stack map table for method with non-linear control flow. In later version of R8, the method may be assumed not reachable.
WARNING: /home/toph/.gradle/caches/8.11.1/transforms/79b1d8448136953d4e0dfaff9dad0c06/transformed/jetified-common-9.8.7-runtime.jar: R8: Expected stack map table for method with non-linear control flow. In later version of R8, the method may be assumed not reachable.
WARNING: /home/toph/.gradle/caches/8.11.1/transforms/79b1d8448136953d4e0dfaff9dad0c06/transformed/jetified-common-9.8.7-runtime.jar: R8: Expected stack map table for method with non-linear control flow. In later version of R8, the method may be assumed not reachable.
WARNING: /home/toph/.gradle/caches/8.11.1/transforms/79b1d8448136953d4e0dfaff9dad0c06/transformed/jetified-common-9.8.7-runtime.jar: R8: Expected stack map table for method with non-linear control flow. In later version of R8, the method may be assumed not reachable.
WARNING: /home/toph/.gradle/caches/8.11.1/transforms/79b1d8448136953d4e0dfaff9dad0c06/transformed/jetified-common-9.8.7-runtime.jar: R8: Expected stack map table for method with non-linear control flow. In later version of R8, the method may be assumed not reachable.
WARNING: /home/toph/.gradle/caches/8.11.1/transforms/79b1d8448136953d4e0dfaff9dad0c06/transformed/jetified-common-9.8.7-runtime.jar: R8: Expected stack map table for method with non-linear control flow. In later version of R8, the method may be assumed not reachable.
WARNING: /home/toph/.gradle/caches/8.11.1/transforms/79b1d8448136953d4e0dfaff9dad0c06/transformed/jetified-common-9.8.7-runtime.jar: R8: Expected stack map table for method with non-linear control flow. In later version of R8, the method may be assumed not reachable.
WARNING: /home/toph/.gradle/caches/8.11.1/transforms/79b1d8448136953d4e0dfaff9dad0c06/transformed/jetified-common-9.8.7-runtime.jar: R8: Expected stack map table for method with non-linear control flow. In later version of R8, the method may be assumed not reachable.
WARNING: /home/toph/.gradle/caches/8.11.1/transforms/79b1d8448136953d4e0dfaff9dad0c06/transformed/jetified-common-9.8.7-runtime.jar: R8: Expected stack map table for method with non-linear control flow. In later version of R8, the method may be assumed not reachable.
WARNING: /home/toph/.gradle/caches/8.11.1/transforms/79b1d8448136953d4e0dfaff9dad0c06/transformed/jetified-common-9.8.7-runtime.jar: R8: Expected stack map table for method with non-linear control flow. In later version of R8, the method may be assumed not reachable.
WARNING: /home/toph/.gradle/caches/8.11.1/transforms/79b1d8448136953d4e0dfaff9dad0c06/transformed/jetified-common-9.8.7-runtime.jar: R8: Expected stack map table for method with non-linear control flow. In later version of R8, the method may be assumed not reachable.
WARNING: /home/toph/.gradle/caches/8.11.1/transforms/79b1d8448136953d4e0dfaff9dad0c06/transformed/jetified-common-9.8.7-runtime.jar: R8: Expected stack map table for method with non-linear control flow. In later version of R8, the method may be assumed not reachable.
WARNING: /home/toph/.gradle/caches/8.11.1/transforms/79b1d8448136953d4e0dfaff9dad0c06/transformed/jetified-common-9.8.7-runtime.jar: R8: Expected stack map table for method with non-linear control flow. In later version of R8, the method may be assumed not reachable.
WARNING: /home/toph/.gradle/caches/8.11.1/transforms/79b1d8448136953d4e0dfaff9dad0c06/transformed/jetified-common-9.8.7-runtime.jar: R8: Expected stack map table for method with non-linear control flow. In later version of R8, the method may be assumed not reachable.
WARNING: /home/toph/.gradle/caches/8.11.1/transforms/79b1d8448136953d4e0dfaff9dad0c06/transformed/jetified-common-9.8.7-runtime.jar: R8: Expected stack map table for method with non-linear control flow. In later version of R8, the method may be assumed not reachable.
WARNING: /home/toph/.gradle/caches/8.11.1/transforms/79b1d8448136953d4e0dfaff9dad0c06/transformed/jetified-common-9.8.7-runtime.jar: R8: Expected stack map table for method with non-linear control flow. In later version of R8, the method may be assumed not reachable.
WARNING: /home/toph/.gradle/caches/8.11.1/transforms/79b1d8448136953d4e0dfaff9dad0c06/transformed/jetified-common-9.8.7-runtime.jar: R8: Expected stack map table for method with non-linear control flow. In later version of R8, the method may be assumed not reachable.
WARNING: /home/toph/.gradle/caches/8.11.1/transforms/79b1d8448136953d4e0dfaff9dad0c06/transformed/jetified-common-9.8.7-runtime.jar: R8: Expected stack map table for method with non-linear control flow. In later version of R8, the method may be assumed not reachable.
WARNING: /home/toph/.gradle/caches/8.11.1/transforms/79b1d8448136953d4e0dfaff9dad0c06/transformed/jetified-common-9.8.7-runtime.jar: R8: Expected stack map table for method with non-linear control flow. In later version of R8, the method may be assumed not reachable.
WARNING: /home/toph/.gradle/caches/8.11.1/transforms/79b1d8448136953d4e0dfaff9dad0c06/transformed/jetified-common-9.8.7-runtime.jar: R8: Expected stack map table for method with non-linear control flow. In later version of R8, the method may be assumed not reachable.
WARNING: /home/toph/.gradle/caches/8.11.1/transforms/79b1d8448136953d4e0dfaff9dad0c06/transformed/jetified-common-9.8.7-runtime.jar: R8: Expected stack map table for method with non-linear control flow. In later version of R8, the method may be assumed not reachable.
WARNING: /home/toph/.gradle/caches/8.11.1/transforms/79b1d8448136953d4e0dfaff9dad0c06/transformed/jetified-common-9.8.7-runtime.jar: R8: Expected stack map table for method with non-linear control flow. In later version of R8, the method may be assumed not reachable.
WARNING: /home/toph/.gradle/caches/8.11.1/transforms/79b1d8448136953d4e0dfaff9dad0c06/transformed/jetified-common-9.8.7-runtime.jar: R8: Expected stack map table for method with non-linear control flow. In later version of R8, the method may be assumed not reachable.
WARNING: /home/toph/.gradle/caches/8.11.1/transforms/79b1d8448136953d4e0dfaff9dad0c06/transformed/jetified-common-9.8.7-runtime.jar: R8: Expected stack map table for method with non-linear control flow. In later version of R8, the method may be assumed not reachable.
WARNING: /home/toph/.gradle/caches/8.11.1/transforms/79b1d8448136953d4e0dfaff9dad0c06/transformed/jetified-common-9.8.7-runtime.jar: R8: Expected stack map table for method with non-linear control flow. In later version of R8, the method may be assumed not reachable.
WARNING: /home/toph/.gradle/caches/8.11.1/transforms/79b1d8448136953d4e0dfaff9dad0c06/transformed/jetified-common-9.8.7-runtime.jar: R8: Expected stack map table for method with non-linear control flow. In later version of R8, the method may be assumed not reachable.
WARNING: /home/toph/.gradle/caches/8.11.1/transforms/79b1d8448136953d4e0dfaff9dad0c06/transformed/jetified-common-9.8.7-runtime.jar: R8: Expected stack map table for method with non-linear control flow. In later version of R8, the method may be assumed not reachable.
WARNING: /home/toph/.gradle/caches/8.11.1/transforms/79b1d8448136953d4e0dfaff9dad0c06/transformed/jetified-common-9.8.7-runtime.jar: R8: Expected stack map table for method with non-linear control flow. In later version of R8, the method may be assumed not reachable.
WARNING: /home/toph/.gradle/caches/8.11.1/transforms/79b1d8448136953d4e0dfaff9dad0c06/transformed/jetified-common-9.8.7-runtime.jar: R8: Expected stack map table for method with non-linear control flow. In later version of R8, the method may be assumed not reachable.
WARNING: /home/toph/.gradle/caches/8.11.1/transforms/79b1d8448136953d4e0dfaff9dad0c06/transformed/jetified-common-9.8.7-runtime.jar: R8: Expected stack map table for method with non-linear control flow. In later version of R8, the method may be assumed not reachable.
WARNING: /home/toph/.gradle/caches/8.11.1/transforms/79b1d8448136953d4e0dfaff9dad0c06/transformed/jetified-common-9.8.7-runtime.jar: R8: Expected stack map table for method with non-linear control flow. In later version of R8, the method may be assumed not reachable.
WARNING: /home/toph/.gradle/caches/8.11.1/transforms/79b1d8448136953d4e0dfaff9dad0c06/transformed/jetified-common-9.8.7-runtime.jar: R8: Expected stack map table for method with non-linear control flow. In later version of R8, the method may be assumed not reachable.
WARNING: /home/toph/.gradle/caches/8.11.1/transforms/79b1d8448136953d4e0dfaff9dad0c06/transformed/jetified-common-9.8.7-runtime.jar: R8: Expected stack map table for method with non-linear control flow. In later version of R8, the method may be assumed not reachable.
WARNING: /home/toph/.gradle/caches/8.11.1/transforms/79b1d8448136953d4e0dfaff9dad0c06/transformed/jetified-common-9.8.7-runtime.jar: R8: Expected stack map table for method with non-linear control flow. In later version of R8, the method may be assumed not reachable.
WARNING: /home/toph/.gradle/caches/8.11.1/transforms/79b1d8448136953d4e0dfaff9dad0c06/transformed/jetified-common-9.8.7-runtime.jar: R8: Expected stack map table for method with non-linear control flow. In later version of R8, the method may be assumed not reachable.
WARNING: /home/toph/.gradle/caches/8.11.1/transforms/79b1d8448136953d4e0dfaff9dad0c06/transformed/jetified-common-9.8.7-runtime.jar: R8: Expected stack map table for method with non-linear control flow. In later version of R8, the method may be assumed not reachable.
WARNING: /home/toph/.gradle/caches/8.11.1/transforms/79b1d8448136953d4e0dfaff9dad0c06/transformed/jetified-common-9.8.7-runtime.jar: R8: Expected stack map table for method with non-linear control flow. In later version of R8, the method may be assumed not reachable.
WARNING: /home/toph/.gradle/caches/8.11.1/transforms/79b1d8448136953d4e0dfaff9dad0c06/transformed/jetified-common-9.8.7-runtime.jar: R8: Expected stack map table for method with non-linear control flow. In later version of R8, the method may be assumed not reachable.
WARNING: /home/toph/.gradle/caches/8.11.1/transforms/79b1d8448136953d4e0dfaff9dad0c06/transformed/jetified-common-9.8.7-runtime.jar: R8: Expected stack map table for method with non-linear control flow. In later version of R8, the method may be assumed not reachable.
WARNING: /home/toph/.gradle/caches/8.11.1/transforms/79b1d8448136953d4e0dfaff9dad0c06/transformed/jetified-common-9.8.7-runtime.jar: R8: Expected stack map table for method with non-linear control flow. In later version of R8, the method may be assumed not reachable.
WARNING: /home/toph/.gradle/caches/8.11.1/transforms/79b1d8448136953d4e0dfaff9dad0c06/transformed/jetified-common-9.8.7-runtime.jar: R8: Expected stack map table for method with non-linear control flow. In later version of R8, the method may be assumed not reachable.
WARNING: /home/toph/.gradle/caches/8.11.1/transforms/79b1d8448136953d4e0dfaff9dad0c06/transformed/jetified-common-9.8.7-runtime.jar: R8: Expected stack map table for method with non-linear control flow. In later version of R8, the method may be assumed not reachable.
WARNING: /home/toph/.gradle/caches/8.11.1/transforms/79b1d8448136953d4e0dfaff9dad0c06/transformed/jetified-common-9.8.7-runtime.jar: R8: Expected stack map table for method with non-linear control flow. In later version of R8, the method may be assumed not reachable.
WARNING: /home/toph/.gradle/caches/8.11.1/transforms/79b1d8448136953d4e0dfaff9dad0c06/transformed/jetified-common-9.8.7-runtime.jar: R8: Expected stack map table for method with non-linear control flow. In later version of R8, the method may be assumed not reachable.
WARNING: /home/toph/.gradle/caches/8.11.1/transforms/79b1d8448136953d4e0dfaff9dad0c06/transformed/jetified-common-9.8.7-runtime.jar: R8: Expected stack map table for method with non-linear control flow. In later version of R8, the method may be assumed not reachable.
WARNING: /home/toph/.gradle/caches/8.11.1/transforms/79b1d8448136953d4e0dfaff9dad0c06/transformed/jetified-common-9.8.7-runtime.jar: R8: Expected stack map table for method with non-linear control flow. In later version of R8, the method may be assumed not reachable.
WARNING: /home/toph/.gradle/caches/8.11.1/transforms/79b1d8448136953d4e0dfaff9dad0c06/transformed/jetified-common-9.8.7-runtime.jar: R8: Expected stack map table for method with non-linear control flow. In later version of R8, the method may be assumed not reachable.
WARNING: /home/toph/.gradle/caches/8.11.1/transforms/79b1d8448136953d4e0dfaff9dad0c06/transformed/jetified-common-9.8.7-runtime.jar: R8: Expected stack map table for method with non-linear control flow. In later version of R8, the method may be assumed not reachable.
WARNING: /home/toph/.gradle/caches/8.11.1/transforms/79b1d8448136953d4e0dfaff9dad0c06/transformed/jetified-common-9.8.7-runtime.jar: R8: Expected stack map table for method with non-linear control flow. In later version of R8, the method may be assumed not reachable.
WARNING: /home/toph/.gradle/caches/8.11.1/transforms/79b1d8448136953d4e0dfaff9dad0c06/transformed/jetified-common-9.8.7-runtime.jar: R8: Expected stack map table for method with non-linear control flow. In later version of R8, the method may be assumed not reachable.
WARNING: /home/toph/.gradle/caches/8.11.1/transforms/79b1d8448136953d4e0dfaff9dad0c06/transformed/jetified-common-9.8.7-runtime.jar: R8: Expected stack map table for method with non-linear control flow. In later version of R8, the method may be assumed not reachable.
WARNING: /home/toph/.gradle/caches/8.11.1/transforms/79b1d8448136953d4e0dfaff9dad0c06/transformed/jetified-common-9.8.7-runtime.jar: R8: Expected stack map table for method with non-linear control flow. In later version of R8, the method may be assumed not reachable.
WARNING: /home/toph/.gradle/caches/8.11.1/transforms/79b1d8448136953d4e0dfaff9dad0c06/transformed/jetified-common-9.8.7-runtime.jar: R8: Expected stack map table for method with non-linear control flow. In later version of R8, the method may be assumed not reachable.
WARNING: /home/toph/.gradle/caches/8.11.1/transforms/79b1d8448136953d4e0dfaff9dad0c06/transformed/jetified-common-9.8.7-runtime.jar: R8: Expected stack map table for method with non-linear control flow. In later version of R8, the method may be assumed not reachable.
WARNING: /home/toph/.gradle/caches/8.11.1/transforms/79b1d8448136953d4e0dfaff9dad0c06/transformed/jetified-common-9.8.7-runtime.jar: R8: Expected stack map table for method with non-linear control flow. In later version of R8, the method may be assumed not reachable.
WARNING: /home/toph/.gradle/caches/8.11.1/transforms/79b1d8448136953d4e0dfaff9dad0c06/transformed/jetified-common-9.8.7-runtime.jar: R8: Expected stack map table for method with non-linear control flow. In later version of R8, the method may be assumed not reachable.
WARNING: /home/toph/.gradle/caches/8.11.1/transforms/79b1d8448136953d4e0dfaff9dad0c06/transformed/jetified-common-9.8.7-runtime.jar: R8: Expected stack map table for method with non-linear control flow. In later version of R8, the method may be assumed not reachable.
WARNING: /home/toph/.gradle/caches/8.11.1/transforms/79b1d8448136953d4e0dfaff9dad0c06/transformed/jetified-common-9.8.7-runtime.jar: R8: Expected stack map table for method with non-linear control flow. In later version of R8, the method may be assumed not reachable.
WARNING: /home/toph/.gradle/caches/8.11.1/transforms/79b1d8448136953d4e0dfaff9dad0c06/transformed/jetified-common-9.8.7-runtime.jar: R8: Expected stack map table for method with non-linear control flow. In later version of R8, the method may be assumed not reachable.
WARNING: /home/toph/.gradle/caches/8.11.1/transforms/79b1d8448136953d4e0dfaff9dad0c06/transformed/jetified-common-9.8.7-runtime.jar: R8: Expected stack map table for method with non-linear control flow. In later version of R8, the method may be assumed not reachable.
WARNING: /home/toph/.gradle/caches/8.11.1/transforms/79b1d8448136953d4e0dfaff9dad0c06/transformed/jetified-common-9.8.7-runtime.jar: R8: Expected stack map table for method with non-linear control flow. In later version of R8, the method may be assumed not reachable.
WARNING: /home/toph/.gradle/caches/8.11.1/transforms/79b1d8448136953d4e0dfaff9dad0c06/transformed/jetified-common-9.8.7-runtime.jar: R8: Expected stack map table for method with non-linear control flow. In later version of R8, the method may be assumed not reachable.
WARNING: /home/toph/.gradle/caches/8.11.1/transforms/79b1d8448136953d4e0dfaff9dad0c06/transformed/jetified-common-9.8.7-runtime.jar: R8: Expected stack map table for method with non-linear control flow. In later version of R8, the method may be assumed not reachable.
WARNING: /home/toph/.gradle/caches/8.11.1/transforms/79b1d8448136953d4e0dfaff9dad0c06/transformed/jetified-common-9.8.7-runtime.jar: R8: Expected stack map table for method with non-linear control flow. In later version of R8, the method may be assumed not reachable.
WARNING: /home/toph/.gradle/caches/8.11.1/transforms/79b1d8448136953d4e0dfaff9dad0c06/transformed/jetified-common-9.8.7-runtime.jar: R8: Expected stack map table for method with non-linear control flow. In later version of R8, the method may be assumed not reachable.
WARNING: /home/toph/.gradle/caches/8.11.1/transforms/79b1d8448136953d4e0dfaff9dad0c06/transformed/jetified-common-9.8.7-runtime.jar: R8: Expected stack map table for method with non-linear control flow. In later version of R8, the method may be assumed not reachable.
WARNING: /home/toph/.gradle/caches/8.11.1/transforms/79b1d8448136953d4e0dfaff9dad0c06/transformed/jetified-common-9.8.7-runtime.jar: R8: Expected stack map table for method with non-linear control flow. In later version of R8, the method may be assumed not reachable.
WARNING: /home/toph/.gradle/caches/8.11.1/transforms/79b1d8448136953d4e0dfaff9dad0c06/transformed/jetified-common-9.8.7-runtime.jar: R8: Expected stack map table for method with non-linear control flow. In later version of R8, the method may be assumed not reachable.
WARNING: /home/toph/.gradle/caches/8.11.1/transforms/79b1d8448136953d4e0dfaff9dad0c06/transformed/jetified-common-9.8.7-runtime.jar: R8: Expected stack map table for method with non-linear control flow. In later version of R8, the method may be assumed not reachable.
WARNING: /home/toph/.gradle/caches/8.11.1/transforms/79b1d8448136953d4e0dfaff9dad0c06/transformed/jetified-common-9.8.7-runtime.jar: R8: Expected stack map table for method with non-linear control flow. In later version of R8, the method may be assumed not reachable.
WARNING: /home/toph/.gradle/caches/8.11.1/transforms/79b1d8448136953d4e0dfaff9dad0c06/transformed/jetified-common-9.8.7-runtime.jar: R8: Expected stack map table for method with non-linear control flow. In later version of R8, the method may be assumed not reachable.
WARNING: /home/toph/.gradle/caches/8.11.1/transforms/79b1d8448136953d4e0dfaff9dad0c06/transformed/jetified-common-9.8.7-runtime.jar: R8: Expected stack map table for method with non-linear control flow. In later version of R8, the method may be assumed not reachable.
WARNING: /home/toph/.gradle/caches/8.11.1/transforms/79b1d8448136953d4e0dfaff9dad0c06/transformed/jetified-common-9.8.7-runtime.jar: R8: Expected stack map table for method with non-linear control flow. In later version of R8, the method may be assumed not reachable.
WARNING: /home/toph/.gradle/caches/8.11.1/transforms/79b1d8448136953d4e0dfaff9dad0c06/transformed/jetified-common-9.8.7-runtime.jar: R8: Expected stack map table for method with non-linear control flow. In later version of R8, the method may be assumed not reachable.
WARNING: /home/toph/.gradle/caches/8.11.1/transforms/79b1d8448136953d4e0dfaff9dad0c06/transformed/jetified-common-9.8.7-runtime.jar: R8: Expected stack map table for method with non-linear control flow. In later version of R8, the method may be assumed not reachable.
WARNING: /home/toph/.gradle/caches/8.11.1/transforms/79b1d8448136953d4e0dfaff9dad0c06/transformed/jetified-common-9.8.7-runtime.jar: R8: Expected stack map table for method with non-linear control flow. In later version of R8, the method may be assumed not reachable.
WARNING: /home/toph/.gradle/caches/8.11.1/transforms/79b1d8448136953d4e0dfaff9dad0c06/transformed/jetified-common-9.8.7-runtime.jar: R8: Expected stack map table for method with non-linear control flow. In later version of R8, the method may be assumed not reachable.
WARNING: /home/toph/.gradle/caches/8.11.1/transforms/79b1d8448136953d4e0dfaff9dad0c06/transformed/jetified-common-9.8.7-runtime.jar: R8: Expected stack map table for method with non-linear control flow. In later version of R8, the method may be assumed not reachable.
WARNING: /home/toph/.gradle/caches/8.11.1/transforms/79b1d8448136953d4e0dfaff9dad0c06/transformed/jetified-common-9.8.7-runtime.jar: R8: Expected stack map table for method with non-linear control flow. In later version of R8, the method may be assumed not reachable.
WARNING: /home/toph/.gradle/caches/8.11.1/transforms/79b1d8448136953d4e0dfaff9dad0c06/transformed/jetified-common-9.8.7-runtime.jar: R8: Expected stack map table for method with non-linear control flow. In later version of R8, the method may be assumed not reachable.
WARNING: /home/toph/.gradle/caches/8.11.1/transforms/79b1d8448136953d4e0dfaff9dad0c06/transformed/jetified-common-9.8.7-runtime.jar: R8: Expected stack map table for method with non-linear control flow. In later version of R8, the method may be assumed not reachable.
WARNING: /home/toph/.gradle/caches/8.11.1/transforms/79b1d8448136953d4e0dfaff9dad0c06/transformed/jetified-common-9.8.7-runtime.jar: R8: Expected stack map table for method with non-linear control flow. In later version of R8, the method may be assumed not reachable.
WARNING: /home/toph/.gradle/caches/8.11.1/transforms/79b1d8448136953d4e0dfaff9dad0c06/transformed/jetified-common-9.8.7-runtime.jar: R8: Expected stack map table for method with non-linear control flow. In later version of R8, the method may be assumed not reachable.
WARNING: /home/toph/.gradle/caches/8.11.1/transforms/79b1d8448136953d4e0dfaff9dad0c06/transformed/jetified-common-9.8.7-runtime.jar: R8: Expected stack map table for method with non-linear control flow. In later version of R8, the method may be assumed not reachable.
WARNING: /home/toph/.gradle/caches/8.11.1/transforms/79b1d8448136953d4e0dfaff9dad0c06/transformed/jetified-common-9.8.7-runtime.jar: R8: Expected stack map table for method with non-linear control flow. In later version of R8, the method may be assumed not reachable.
WARNING: /home/toph/.gradle/caches/8.11.1/transforms/79b1d8448136953d4e0dfaff9dad0c06/transformed/jetified-common-9.8.7-runtime.jar: R8: Expected stack map table for method with non-linear control flow. In later version of R8, the method may be assumed not reachable.
WARNING: /home/toph/.gradle/caches/8.11.1/transforms/79b1d8448136953d4e0dfaff9dad0c06/transformed/jetified-common-9.8.7-runtime.jar: R8: Expected stack map table for method with non-linear control flow. In later version of R8, the method may be assumed not reachable.
WARNING: /home/toph/.gradle/caches/8.11.1/transforms/79b1d8448136953d4e0dfaff9dad0c06/transformed/jetified-common-9.8.7-runtime.jar: R8: Expected stack map table for method with non-linear control flow. In later version of R8, the method may be assumed not reachable.
WARNING: /home/toph/.gradle/caches/8.11.1/transforms/79b1d8448136953d4e0dfaff9dad0c06/transformed/jetified-common-9.8.7-runtime.jar: R8: Expected stack map table for method with non-linear control flow. In later version of R8, the method may be assumed not reachable.
WARNING: /home/toph/.gradle/caches/8.11.1/transforms/79b1d8448136953d4e0dfaff9dad0c06/transformed/jetified-common-9.8.7-runtime.jar: R8: Expected stack map table for method with non-linear control flow. In later version of R8, the method may be assumed not reachable.
WARNING: /home/toph/.gradle/caches/8.11.1/transforms/79b1d8448136953d4e0dfaff9dad0c06/transformed/jetified-common-9.8.7-runtime.jar: R8: Expected stack map table for method with non-linear control flow. In later version of R8, the method may be assumed not reachable.
WARNING: /home/toph/.gradle/caches/8.11.1/transforms/79b1d8448136953d4e0dfaff9dad0c06/transformed/jetified-common-9.8.7-runtime.jar: R8: Expected stack map table for method with non-linear control flow. In later version of R8, the method may be assumed not reachable.
WARNING: /home/toph/.gradle/caches/8.11.1/transforms/79b1d8448136953d4e0dfaff9dad0c06/transformed/jetified-common-9.8.7-runtime.jar: R8: Expected stack map table for method with non-linear control flow. In later version of R8, the method may be assumed not reachable.
WARNING: /home/toph/.gradle/caches/8.11.1/transforms/79b1d8448136953d4e0dfaff9dad0c06/transformed/jetified-common-9.8.7-runtime.jar: R8: Expected stack map table for method with non-linear control flow. In later version of R8, the method may be assumed not reachable.
WARNING: /home/toph/.gradle/caches/8.11.1/transforms/79b1d8448136953d4e0dfaff9dad0c06/transformed/jetified-common-9.8.7-runtime.jar: R8: Expected stack map table for method with non-linear control flow. In later version of R8, the method may be assumed not reachable.
WARNING: /home/toph/.gradle/caches/8.11.1/transforms/79b1d8448136953d4e0dfaff9dad0c06/transformed/jetified-common-9.8.7-runtime.jar: R8: Expected stack map table for method with non-linear control flow. In later version of R8, the method may be assumed not reachable.
WARNING: /home/toph/.gradle/caches/8.11.1/transforms/79b1d8448136953d4e0dfaff9dad0c06/transformed/jetified-common-9.8.7-runtime.jar: R8: Expected stack map table for method with non-linear control flow. In later version of R8, the method may be assumed not reachable.
WARNING: /home/toph/.gradle/caches/8.11.1/transforms/79b1d8448136953d4e0dfaff9dad0c06/transformed/jetified-common-9.8.7-runtime.jar: R8: Expected stack map table for method with non-linear control flow. In later version of R8, the method may be assumed not reachable.
WARNING: /home/toph/.gradle/caches/8.11.1/transforms/79b1d8448136953d4e0dfaff9dad0c06/transformed/jetified-common-9.8.7-runtime.jar: R8: Expected stack map table for method with non-linear control flow. In later version of R8, the method may be assumed not reachable.
WARNING: /home/toph/.gradle/caches/8.11.1/transforms/79b1d8448136953d4e0dfaff9dad0c06/transformed/jetified-common-9.8.7-runtime.jar: R8: Expected stack map table for method with non-linear control flow. In later version of R8, the method may be assumed not reachable.
WARNING: /home/toph/.gradle/caches/8.11.1/transforms/79b1d8448136953d4e0dfaff9dad0c06/transformed/jetified-common-9.8.7-runtime.jar: R8: Expected stack map table for method with non-linear control flow. In later version of R8, the method may be assumed not reachable.
WARNING: /home/toph/.gradle/caches/8.11.1/transforms/79b1d8448136953d4e0dfaff9dad0c06/transformed/jetified-common-9.8.7-runtime.jar: R8: Expected stack map table for method with non-linear control flow. In later version of R8, the method may be assumed not reachable.
WARNING: /home/toph/.gradle/caches/8.11.1/transforms/79b1d8448136953d4e0dfaff9dad0c06/transformed/jetified-common-9.8.7-runtime.jar: R8: Expected stack map table for method with non-linear control flow. In later version of R8, the method may be assumed not reachable.
WARNING: /home/toph/.gradle/caches/8.11.1/transforms/79b1d8448136953d4e0dfaff9dad0c06/transformed/jetified-common-9.8.7-runtime.jar: R8: Expected stack map table for method with non-linear control flow. In later version of R8, the method may be assumed not reachable.
WARNING: /home/toph/.gradle/caches/8.11.1/transforms/79b1d8448136953d4e0dfaff9dad0c06/transformed/jetified-common-9.8.7-runtime.jar: R8: Expected stack map table for method with non-linear control flow. In later version of R8, the method may be assumed not reachable.
WARNING: /home/toph/.gradle/caches/8.11.1/transforms/79b1d8448136953d4e0dfaff9dad0c06/transformed/jetified-common-9.8.7-runtime.jar: R8: Expected stack map table for method with non-linear control flow. In later version of R8, the method may be assumed not reachable.
WARNING: /home/toph/.gradle/caches/8.11.1/transforms/79b1d8448136953d4e0dfaff9dad0c06/transformed/jetified-common-9.8.7-runtime.jar: R8: Expected stack map table for method with non-linear control flow. In later version of R8, the method may be assumed not reachable.
WARNING: /home/toph/.gradle/caches/8.11.1/transforms/79b1d8448136953d4e0dfaff9dad0c06/transformed/jetified-common-9.8.7-runtime.jar: R8: Expected stack map table for method with non-linear control flow. In later version of R8, the method may be assumed not reachable.
WARNING: /home/toph/.gradle/caches/8.11.1/transforms/79b1d8448136953d4e0dfaff9dad0c06/transformed/jetified-common-9.8.7-runtime.jar: R8: Expected stack map table for method with non-linear control flow. In later version of R8, the method may be assumed not reachable.
WARNING: /home/toph/.gradle/caches/8.11.1/transforms/79b1d8448136953d4e0dfaff9dad0c06/transformed/jetified-common-9.8.7-runtime.jar: R8: Expected stack map table for method with non-linear control flow. In later version of R8, the method may be assumed not reachable.
WARNING: /home/toph/.gradle/caches/8.11.1/transforms/79b1d8448136953d4e0dfaff9dad0c06/transformed/jetified-common-9.8.7-runtime.jar: R8: Expected stack map table for method with non-linear control flow. In later version of R8, the method may be assumed not reachable.
WARNING: /home/toph/.gradle/caches/8.11.1/transforms/79b1d8448136953d4e0dfaff9dad0c06/transformed/jetified-common-9.8.7-runtime.jar: R8: Expected stack map table for method with non-linear control flow. In later version of R8, the method may be assumed not reachable.
WARNING: /home/toph/.gradle/caches/8.11.1/transforms/79b1d8448136953d4e0dfaff9dad0c06/transformed/jetified-common-9.8.7-runtime.jar: R8: Expected stack map table for method with non-linear control flow. In later version of R8, the method may be assumed not reachable.
WARNING: /home/toph/.gradle/caches/8.11.1/transforms/79b1d8448136953d4e0dfaff9dad0c06/transformed/jetified-common-9.8.7-runtime.jar: R8: Expected stack map table for method with non-linear control flow. In later version of R8, the method may be assumed not reachable.
WARNING: /home/toph/.gradle/caches/8.11.1/transforms/79b1d8448136953d4e0dfaff9dad0c06/transformed/jetified-common-9.8.7-runtime.jar: R8: Expected stack map table for method with non-linear control flow. In later version of R8, the method may be assumed not reachable.
WARNING: /home/toph/.gradle/caches/8.11.1/transforms/79b1d8448136953d4e0dfaff9dad0c06/transformed/jetified-common-9.8.7-runtime.jar: R8: Expected stack map table for method with non-linear control flow. In later version of R8, the method may be assumed not reachable.
WARNING: /home/toph/.gradle/caches/8.11.1/transforms/79b1d8448136953d4e0dfaff9dad0c06/transformed/jetified-common-9.8.7-runtime.jar: R8: Expected stack map table for method with non-linear control flow. In later version of R8, the method may be assumed not reachable.
WARNING: /home/toph/.gradle/caches/8.11.1/transforms/79b1d8448136953d4e0dfaff9dad0c06/transformed/jetified-common-9.8.7-runtime.jar: R8: Expected stack map table for method with non-linear control flow. In later version of R8, the method may be assumed not reachable.
WARNING: /home/toph/.gradle/caches/8.11.1/transforms/79b1d8448136953d4e0dfaff9dad0c06/transformed/jetified-common-9.8.7-runtime.jar: R8: Expected stack map table for method with non-linear control flow. In later version of R8, the method may be assumed not reachable.
WARNING: /home/toph/.gradle/caches/8.11.1/transforms/79b1d8448136953d4e0dfaff9dad0c06/transformed/jetified-common-9.8.7-runtime.jar: R8: Expected stack map table for method with non-linear control flow. In later version of R8, the method may be assumed not reachable.
WARNING: /home/toph/.gradle/caches/8.11.1/transforms/79b1d8448136953d4e0dfaff9dad0c06/transformed/jetified-common-9.8.7-runtime.jar: R8: Expected stack map table for method with non-linear control flow. In later version of R8, the method may be assumed not reachable.
WARNING: /home/toph/.gradle/caches/8.11.1/transforms/79b1d8448136953d4e0dfaff9dad0c06/transformed/jetified-common-9.8.7-runtime.jar: R8: Expected stack map table for method with non-linear control flow. In later version of R8, the method may be assumed not reachable.
WARNING: /home/toph/.gradle/caches/8.11.1/transforms/79b1d8448136953d4e0dfaff9dad0c06/transformed/jetified-common-9.8.7-runtime.jar: R8: Expected stack map table for method with non-linear control flow. In later version of R8, the method may be assumed not reachable.
WARNING: /home/toph/.gradle/caches/8.11.1/transforms/79b1d8448136953d4e0dfaff9dad0c06/transformed/jetified-common-9.8.7-runtime.jar: R8: Expected stack map table for method with non-linear control flow. In later version of R8, the method may be assumed not reachable.
WARNING: /home/toph/.gradle/caches/8.11.1/transforms/79b1d8448136953d4e0dfaff9dad0c06/transformed/jetified-common-9.8.7-runtime.jar: R8: Expected stack map table for method with non-linear control flow. In later version of R8, the method may be assumed not reachable.
WARNING: /home/toph/.gradle/caches/8.11.1/transforms/79b1d8448136953d4e0dfaff9dad0c06/transformed/jetified-common-9.8.7-runtime.jar: R8: Expected stack map table for method with non-linear control flow. In later version of R8, the method may be assumed not reachable.
WARNING: /home/toph/.gradle/caches/8.11.1/transforms/79b1d8448136953d4e0dfaff9dad0c06/transformed/jetified-common-9.8.7-runtime.jar: R8: Expected stack map table for method with non-linear control flow. In later version of R8, the method may be assumed not reachable.
WARNING: /home/toph/.gradle/caches/8.11.1/transforms/79b1d8448136953d4e0dfaff9dad0c06/transformed/jetified-common-9.8.7-runtime.jar: R8: Expected stack map table for method with non-linear control flow. In later version of R8, the method may be assumed not reachable.
WARNING: /home/toph/.gradle/caches/8.11.1/transforms/79b1d8448136953d4e0dfaff9dad0c06/transformed/jetified-common-9.8.7-runtime.jar: R8: Expected stack map table for method with non-linear control flow. In later version of R8, the method may be assumed not reachable.
WARNING: /home/toph/.gradle/caches/8.11.1/transforms/79b1d8448136953d4e0dfaff9dad0c06/transformed/jetified-common-9.8.7-runtime.jar: R8: Expected stack map table for method with non-linear control flow. In later version of R8, the method may be assumed not reachable.
WARNING: /home/toph/.gradle/caches/8.11.1/transforms/79b1d8448136953d4e0dfaff9dad0c06/transformed/jetified-common-9.8.7-runtime.jar: R8: Expected stack map table for method with non-linear control flow. In later version of R8, the method may be assumed not reachable.
WARNING: /home/toph/.gradle/caches/8.11.1/transforms/79b1d8448136953d4e0dfaff9dad0c06/transformed/jetified-common-9.8.7-runtime.jar: R8: Expected stack map table for method with non-linear control flow. In later version of R8, the method may be assumed not reachable.
WARNING: /home/toph/.gradle/caches/8.11.1/transforms/79b1d8448136953d4e0dfaff9dad0c06/transformed/jetified-common-9.8.7-runtime.jar: R8: Expected stack map table for method with non-linear control flow. In later version of R8, the method may be assumed not reachable.
WARNING: /home/toph/.gradle/caches/8.11.1/transforms/79b1d8448136953d4e0dfaff9dad0c06/transformed/jetified-common-9.8.7-runtime.jar: R8: Expected stack map table for method with non-linear control flow. In later version of R8, the method may be assumed not reachable.
WARNING: /home/toph/.gradle/caches/8.11.1/transforms/79b1d8448136953d4e0dfaff9dad0c06/transformed/jetified-common-9.8.7-runtime.jar: R8: Expected stack map table for method with non-linear control flow. In later version of R8, the method may be assumed not reachable.
WARNING: /home/toph/.gradle/caches/8.11.1/transforms/79b1d8448136953d4e0dfaff9dad0c06/transformed/jetified-common-9.8.7-runtime.jar: R8: Expected stack map table for method with non-linear control flow. In later version of R8, the method may be assumed not reachable.
WARNING: /home/toph/.gradle/caches/8.11.1/transforms/79b1d8448136953d4e0dfaff9dad0c06/transformed/jetified-common-9.8.7-runtime.jar: R8: Expected stack map table for method with non-linear control flow. In later version of R8, the method may be assumed not reachable.
WARNING: /home/toph/.gradle/caches/8.11.1/transforms/79b1d8448136953d4e0dfaff9dad0c06/transformed/jetified-common-9.8.7-runtime.jar: R8: Expected stack map table for method with non-linear control flow. In later version of R8, the method may be assumed not reachable.
WARNING: /home/toph/.gradle/caches/8.11.1/transforms/79b1d8448136953d4e0dfaff9dad0c06/transformed/jetified-common-9.8.7-runtime.jar: R8: Expected stack map table for method with non-linear control flow. In later version of R8, the method may be assumed not reachable.
WARNING: /home/toph/.gradle/caches/8.11.1/transforms/79b1d8448136953d4e0dfaff9dad0c06/transformed/jetified-common-9.8.7-runtime.jar: R8: Expected stack map table for method with non-linear control flow. In later version of R8, the method may be assumed not reachable.
WARNING: /home/toph/.gradle/caches/8.11.1/transforms/79b1d8448136953d4e0dfaff9dad0c06/transformed/jetified-common-9.8.7-runtime.jar: R8: Expected stack map table for method with non-linear control flow. In later version of R8, the method may be assumed not reachable.
WARNING: /home/toph/.gradle/caches/8.11.1/transforms/79b1d8448136953d4e0dfaff9dad0c06/transformed/jetified-common-9.8.7-runtime.jar: R8: Expected stack map table for method with non-linear control flow. In later version of R8, the method may be assumed not reachable.
WARNING: /home/toph/.gradle/caches/8.11.1/transforms/79b1d8448136953d4e0dfaff9dad0c06/transformed/jetified-common-9.8.7-runtime.jar: R8: Expected stack map table for method with non-linear control flow. In later version of R8, the method may be assumed not reachable.
WARNING: /home/toph/.gradle/caches/8.11.1/transforms/79b1d8448136953d4e0dfaff9dad0c06/transformed/jetified-common-9.8.7-runtime.jar: R8: Expected stack map table for method with non-linear control flow. In later version of R8, the method may be assumed not reachable.
WARNING: /home/toph/.gradle/caches/8.11.1/transforms/79b1d8448136953d4e0dfaff9dad0c06/transformed/jetified-common-9.8.7-runtime.jar: R8: Expected stack map table for method with non-linear control flow. In later version of R8, the method may be assumed not reachable.
WARNING: /home/toph/.gradle/caches/8.11.1/transforms/79b1d8448136953d4e0dfaff9dad0c06/transformed/jetified-common-9.8.7-runtime.jar: R8: Expected stack map table for method with non-linear control flow. In later version of R8, the method may be assumed not reachable.
WARNING: /home/toph/.gradle/caches/8.11.1/transforms/79b1d8448136953d4e0dfaff9dad0c06/transformed/jetified-common-9.8.7-runtime.jar: R8: Expected stack map table for method with non-linear control flow. In later version of R8, the method may be assumed not reachable.
WARNING: /home/toph/.gradle/caches/8.11.1/transforms/79b1d8448136953d4e0dfaff9dad0c06/transformed/jetified-common-9.8.7-runtime.jar: R8: Expected stack map table for method with non-linear control flow. In later version of R8, the method may be assumed not reachable.
WARNING: /home/toph/.gradle/caches/8.11.1/transforms/79b1d8448136953d4e0dfaff9dad0c06/transformed/jetified-common-9.8.7-runtime.jar: R8: Expected stack map table for method with non-linear control flow. In later version of R8, the method may be assumed not reachable.
WARNING: /home/toph/.gradle/caches/8.11.1/transforms/79b1d8448136953d4e0dfaff9dad0c06/transformed/jetified-common-9.8.7-runtime.jar: R8: Expected stack map table for method with non-linear control flow. In later version of R8, the method may be assumed not reachable.
WARNING: /home/toph/.gradle/caches/8.11.1/transforms/79b1d8448136953d4e0dfaff9dad0c06/transformed/jetified-common-9.8.7-runtime.jar: R8: Expected stack map table for method with non-linear control flow. In later version of R8, the method may be assumed not reachable.
WARNING: /home/toph/.gradle/caches/8.11.1/transforms/79b1d8448136953d4e0dfaff9dad0c06/transformed/jetified-common-9.8.7-runtime.jar: R8: Expected stack map table for method with non-linear control flow. In later version of R8, the method may be assumed not reachable.
WARNING: /home/toph/.gradle/caches/8.11.1/transforms/79b1d8448136953d4e0dfaff9dad0c06/transformed/jetified-common-9.8.7-runtime.jar: R8: Expected stack map table for method with non-linear control flow. In later version of R8, the method may be assumed not reachable.
WARNING: /home/toph/.gradle/caches/8.11.1/transforms/79b1d8448136953d4e0dfaff9dad0c06/transformed/jetified-common-9.8.7-runtime.jar: R8: Expected stack map table for method with non-linear control flow. In later version of R8, the method may be assumed not reachable.
WARNING: /home/toph/.gradle/caches/8.11.1/transforms/79b1d8448136953d4e0dfaff9dad0c06/transformed/jetified-common-9.8.7-runtime.jar: R8: Expected stack map table for method with non-linear control flow. In later version of R8, the method may be assumed not reachable.
WARNING: /home/toph/.gradle/caches/8.11.1/transforms/79b1d8448136953d4e0dfaff9dad0c06/transformed/jetified-common-9.8.7-runtime.jar: R8: Expected stack map table for method with non-linear control flow. In later version of R8, the method may be assumed not reachable.
WARNING: /home/toph/.gradle/caches/8.11.1/transforms/79b1d8448136953d4e0dfaff9dad0c06/transformed/jetified-common-9.8.7-runtime.jar: R8: Expected stack map table for method with non-linear control flow. In later version of R8, the method may be assumed not reachable.
WARNING: /home/toph/.gradle/caches/8.11.1/transforms/79b1d8448136953d4e0dfaff9dad0c06/transformed/jetified-common-9.8.7-runtime.jar: R8: Expected stack map table for method with non-linear control flow. In later version of R8, the method may be assumed not reachable.
WARNING: /home/toph/.gradle/caches/8.11.1/transforms/79b1d8448136953d4e0dfaff9dad0c06/transformed/jetified-common-9.8.7-runtime.jar: R8: Expected stack map table for method with non-linear control flow. In later version of R8, the method may be assumed not reachable.
WARNING: /home/toph/.gradle/caches/8.11.1/transforms/79b1d8448136953d4e0dfaff9dad0c06/transformed/jetified-common-9.8.7-runtime.jar: R8: Expected stack map table for method with non-linear control flow. In later version of R8, the method may be assumed not reachable.
WARNING: /home/toph/.gradle/caches/8.11.1/transforms/79b1d8448136953d4e0dfaff9dad0c06/transformed/jetified-common-9.8.7-runtime.jar: R8: Expected stack map table for method with non-linear control flow. In later version of R8, the method may be assumed not reachable.
WARNING: /home/toph/.gradle/caches/8.11.1/transforms/79b1d8448136953d4e0dfaff9dad0c06/transformed/jetified-common-9.8.7-runtime.jar: R8: Expected stack map table for method with non-linear control flow. In later version of R8, the method may be assumed not reachable.
WARNING: /home/toph/.gradle/caches/8.11.1/transforms/79b1d8448136953d4e0dfaff9dad0c06/transformed/jetified-common-9.8.7-runtime.jar: R8: Expected stack map table for method with non-linear control flow. In later version of R8, the method may be assumed not reachable.
WARNING: /home/toph/.gradle/caches/8.11.1/transforms/79b1d8448136953d4e0dfaff9dad0c06/transformed/jetified-common-9.8.7-runtime.jar: R8: Expected stack map table for method with non-linear control flow. In later version of R8, the method may be assumed not reachable.
WARNING: /home/toph/.gradle/caches/8.11.1/transforms/79b1d8448136953d4e0dfaff9dad0c06/transformed/jetified-common-9.8.7-runtime.jar: R8: Expected stack map table for method with non-linear control flow. In later version of R8, the method may be assumed not reachable.
WARNING: /home/toph/.gradle/caches/8.11.1/transforms/79b1d8448136953d4e0dfaff9dad0c06/transformed/jetified-common-9.8.7-runtime.jar: R8: Expected stack map table for method with non-linear control flow. In later version of R8, the method may be assumed not reachable.
WARNING: /home/toph/.gradle/caches/8.11.1/transforms/79b1d8448136953d4e0dfaff9dad0c06/transformed/jetified-common-9.8.7-runtime.jar: R8: Expected stack map table for method with non-linear control flow. In later version of R8, the method may be assumed not reachable.
WARNING: /home/toph/.gradle/caches/8.11.1/transforms/79b1d8448136953d4e0dfaff9dad0c06/transformed/jetified-common-9.8.7-runtime.jar: R8: Expected stack map table for method with non-linear control flow. In later version of R8, the method may be assumed not reachable.
WARNING: /home/toph/.gradle/caches/8.11.1/transforms/79b1d8448136953d4e0dfaff9dad0c06/transformed/jetified-common-9.8.7-runtime.jar: R8: Expected stack map table for method with non-linear control flow. In later version of R8, the method may be assumed not reachable.
WARNING: /home/toph/.gradle/caches/8.11.1/transforms/79b1d8448136953d4e0dfaff9dad0c06/transformed/jetified-common-9.8.7-runtime.jar: R8: Expected stack map table for method with non-linear control flow. In later version of R8, the method may be assumed not reachable.
WARNING: /home/toph/.gradle/caches/8.11.1/transforms/79b1d8448136953d4e0dfaff9dad0c06/transformed/jetified-common-9.8.7-runtime.jar: R8: Expected stack map table for method with non-linear control flow. In later version of R8, the method may be assumed not reachable.
WARNING: /home/toph/.gradle/caches/8.11.1/transforms/79b1d8448136953d4e0dfaff9dad0c06/transformed/jetified-common-9.8.7-runtime.jar: R8: Expected stack map table for method with non-linear control flow. In later version of R8, the method may be assumed not reachable.
WARNING: /home/toph/.gradle/caches/8.11.1/transforms/79b1d8448136953d4e0dfaff9dad0c06/transformed/jetified-common-9.8.7-runtime.jar: R8: Expected stack map table for method with non-linear control flow. In later version of R8, the method may be assumed not reachable.
WARNING: /home/toph/.gradle/caches/8.11.1/transforms/79b1d8448136953d4e0dfaff9dad0c06/transformed/jetified-common-9.8.7-runtime.jar: R8: Expected stack map table for method with non-linear control flow. In later version of R8, the method may be assumed not reachable.
WARNING: /home/toph/.gradle/caches/8.11.1/transforms/79b1d8448136953d4e0dfaff9dad0c06/transformed/jetified-common-9.8.7-runtime.jar: R8: Expected stack map table for method with non-linear control flow. In later version of R8, the method may be assumed not reachable.
WARNING: /home/toph/.gradle/caches/8.11.1/transforms/79b1d8448136953d4e0dfaff9dad0c06/transformed/jetified-common-9.8.7-runtime.jar: R8: Expected stack map table for method with non-linear control flow. In later version of R8, the method may be assumed not reachable.
WARNING: /home/toph/.gradle/caches/8.11.1/transforms/79b1d8448136953d4e0dfaff9dad0c06/transformed/jetified-common-9.8.7-runtime.jar: R8: Expected stack map table for method with non-linear control flow. In later version of R8, the method may be assumed not reachable.
WARNING: /home/toph/.gradle/caches/8.11.1/transforms/79b1d8448136953d4e0dfaff9dad0c06/transformed/jetified-common-9.8.7-runtime.jar: R8: Expected stack map table for method with non-linear control flow. In later version of R8, the method may be assumed not reachable.
WARNING: /home/toph/.gradle/caches/8.11.1/transforms/79b1d8448136953d4e0dfaff9dad0c06/transformed/jetified-common-9.8.7-runtime.jar: R8: Expected stack map table for method with non-linear control flow. In later version of R8, the method may be assumed not reachable.
WARNING: /home/toph/.gradle/caches/8.11.1/transforms/79b1d8448136953d4e0dfaff9dad0c06/transformed/jetified-common-9.8.7-runtime.jar: R8: Expected stack map table for method with non-linear control flow. In later version of R8, the method may be assumed not reachable.
WARNING: /home/toph/.gradle/caches/8.11.1/transforms/79b1d8448136953d4e0dfaff9dad0c06/transformed/jetified-common-9.8.7-runtime.jar: R8: Expected stack map table for method with non-linear control flow. In later version of R8, the method may be assumed not reachable.
WARNING: /home/toph/.gradle/caches/8.11.1/transforms/79b1d8448136953d4e0dfaff9dad0c06/transformed/jetified-common-9.8.7-runtime.jar: R8: Expected stack map table for method with non-linear control flow. In later version of R8, the method may be assumed not reachable.
WARNING: /home/toph/.gradle/caches/8.11.1/transforms/79b1d8448136953d4e0dfaff9dad0c06/transformed/jetified-common-9.8.7-runtime.jar: R8: Expected stack map table for method with non-linear control flow. In later version of R8, the method may be assumed not reachable.
WARNING: /home/toph/.gradle/caches/8.11.1/transforms/79b1d8448136953d4e0dfaff9dad0c06/transformed/jetified-common-9.8.7-runtime.jar: R8: Expected stack map table for method with non-linear control flow. In later version of R8, the method may be assumed not reachable.
WARNING: /home/toph/.gradle/caches/8.11.1/transforms/79b1d8448136953d4e0dfaff9dad0c06/transformed/jetified-common-9.8.7-runtime.jar: R8: Expected stack map table for method with non-linear control flow. In later version of R8, the method may be assumed not reachable.
WARNING: /home/toph/.gradle/caches/8.11.1/transforms/79b1d8448136953d4e0dfaff9dad0c06/transformed/jetified-common-9.8.7-runtime.jar: R8: Expected stack map table for method with non-linear control flow. In later version of R8, the method may be assumed not reachable.
WARNING: /home/toph/.gradle/caches/8.11.1/transforms/79b1d8448136953d4e0dfaff9dad0c06/transformed/jetified-common-9.8.7-runtime.jar: R8: Expected stack map table for method with non-linear control flow. In later version of R8, the method may be assumed not reachable.
WARNING: /home/toph/.gradle/caches/8.11.1/transforms/79b1d8448136953d4e0dfaff9dad0c06/transformed/jetified-common-9.8.7-runtime.jar: R8: Expected stack map table for method with non-linear control flow. In later version of R8, the method may be assumed not reachable.
WARNING: /home/toph/.gradle/caches/8.11.1/transforms/79b1d8448136953d4e0dfaff9dad0c06/transformed/jetified-common-9.8.7-runtime.jar: R8: Expected stack map table for method with non-linear control flow. In later version of R8, the method may be assumed not reachable.
WARNING: /home/toph/.gradle/caches/8.11.1/transforms/79b1d8448136953d4e0dfaff9dad0c06/transformed/jetified-common-9.8.7-runtime.jar: R8: Expected stack map table for method with non-linear control flow. In later version of R8, the method may be assumed not reachable.
WARNING: /home/toph/.gradle/caches/8.11.1/transforms/79b1d8448136953d4e0dfaff9dad0c06/transformed/jetified-common-9.8.7-runtime.jar: R8: Expected stack map table for method with non-linear control flow. In later version of R8, the method may be assumed not reachable.
WARNING: /home/toph/.gradle/caches/8.11.1/transforms/79b1d8448136953d4e0dfaff9dad0c06/transformed/jetified-common-9.8.7-runtime.jar: R8: Expected stack map table for method with non-linear control flow. In later version of R8, the method may be assumed not reachable.
WARNING: /home/toph/.gradle/caches/8.11.1/transforms/79b1d8448136953d4e0dfaff9dad0c06/transformed/jetified-common-9.8.7-runtime.jar: R8: Expected stack map table for method with non-linear control flow. In later version of R8, the method may be assumed not reachable.
WARNING: /home/toph/.gradle/caches/8.11.1/transforms/79b1d8448136953d4e0dfaff9dad0c06/transformed/jetified-common-9.8.7-runtime.jar: R8: Expected stack map table for method with non-linear control flow. In later version of R8, the method may be assumed not reachable.
WARNING: /home/toph/.gradle/caches/8.11.1/transforms/79b1d8448136953d4e0dfaff9dad0c06/transformed/jetified-common-9.8.7-runtime.jar: R8: Expected stack map table for method with non-linear control flow. In later version of R8, the method may be assumed not reachable.
WARNING: /home/toph/.gradle/caches/8.11.1/transforms/79b1d8448136953d4e0dfaff9dad0c06/transformed/jetified-common-9.8.7-runtime.jar: R8: Expected stack map table for method with non-linear control flow. In later version of R8, the method may be assumed not reachable.
WARNING: /home/toph/.gradle/caches/8.11.1/transforms/79b1d8448136953d4e0dfaff9dad0c06/transformed/jetified-common-9.8.7-runtime.jar: R8: Expected stack map table for method with non-linear control flow. In later version of R8, the method may be assumed not reachable.
WARNING: /home/toph/.gradle/caches/8.11.1/transforms/79b1d8448136953d4e0dfaff9dad0c06/transformed/jetified-common-9.8.7-runtime.jar: R8: Expected stack map table for method with non-linear control flow. In later version of R8, the method may be assumed not reachable.
WARNING: /home/toph/.gradle/caches/8.11.1/transforms/79b1d8448136953d4e0dfaff9dad0c06/transformed/jetified-common-9.8.7-runtime.jar: R8: Expected stack map table for method with non-linear control flow. In later version of R8, the method may be assumed not reachable.
WARNING: /home/toph/.gradle/caches/8.11.1/transforms/79b1d8448136953d4e0dfaff9dad0c06/transformed/jetified-common-9.8.7-runtime.jar: R8: Expected stack map table for method with non-linear control flow. In later version of R8, the method may be assumed not reachable.
WARNING: /home/toph/.gradle/caches/8.11.1/transforms/79b1d8448136953d4e0dfaff9dad0c06/transformed/jetified-common-9.8.7-runtime.jar: R8: Expected stack map table for method with non-linear control flow. In later version of R8, the method may be assumed not reachable.
WARNING: /home/toph/.gradle/caches/8.11.1/transforms/79b1d8448136953d4e0dfaff9dad0c06/transformed/jetified-common-9.8.7-runtime.jar: R8: Expected stack map table for method with non-linear control flow. In later version of R8, the method may be assumed not reachable.
WARNING: /home/toph/.gradle/caches/8.11.1/transforms/79b1d8448136953d4e0dfaff9dad0c06/transformed/jetified-common-9.8.7-runtime.jar: R8: Expected stack map table for method with non-linear control flow. In later version of R8, the method may be assumed not reachable.
WARNING: /home/toph/.gradle/caches/8.11.1/transforms/79b1d8448136953d4e0dfaff9dad0c06/transformed/jetified-common-9.8.7-runtime.jar: R8: Expected stack map table for method with non-linear control flow. In later version of R8, the method may be assumed not reachable.
WARNING: /home/toph/.gradle/caches/8.11.1/transforms/79b1d8448136953d4e0dfaff9dad0c06/transformed/jetified-common-9.8.7-runtime.jar: R8: Expected stack map table for method with non-linear control flow. In later version of R8, the method may be assumed not reachable.
WARNING: /home/toph/.gradle/caches/8.11.1/transforms/79b1d8448136953d4e0dfaff9dad0c06/transformed/jetified-common-9.8.7-runtime.jar: R8: Expected stack map table for method with non-linear control flow. In later version of R8, the method may be assumed not reachable.
WARNING: /home/toph/.gradle/caches/8.11.1/transforms/79b1d8448136953d4e0dfaff9dad0c06/transformed/jetified-common-9.8.7-runtime.jar: R8: Expected stack map table for method with non-linear control flow. In later version of R8, the method may be assumed not reachable.
WARNING: /home/toph/.gradle/caches/8.11.1/transforms/79b1d8448136953d4e0dfaff9dad0c06/transformed/jetified-common-9.8.7-runtime.jar: R8: Expected stack map table for method with non-linear control flow. In later version of R8, the method may be assumed not reachable.
WARNING: /home/toph/.gradle/caches/8.11.1/transforms/79b1d8448136953d4e0dfaff9dad0c06/transformed/jetified-common-9.8.7-runtime.jar: R8: Expected stack map table for method with non-linear control flow. In later version of R8, the method may be assumed not reachable.
WARNING: /home/toph/.gradle/caches/8.11.1/transforms/79b1d8448136953d4e0dfaff9dad0c06/transformed/jetified-common-9.8.7-runtime.jar: R8: Expected stack map table for method with non-linear control flow. In later version of R8, the method may be assumed not reachable.
WARNING: /home/toph/.gradle/caches/8.11.1/transforms/79b1d8448136953d4e0dfaff9dad0c06/transformed/jetified-common-9.8.7-runtime.jar: R8: Expected stack map table for method with non-linear control flow. In later version of R8, the method may be assumed not reachable.
WARNING: /home/toph/.gradle/caches/8.11.1/transforms/79b1d8448136953d4e0dfaff9dad0c06/transformed/jetified-common-9.8.7-runtime.jar: R8: Expected stack map table for method with non-linear control flow. In later version of R8, the method may be assumed not reachable.
WARNING: /home/toph/.gradle/caches/8.11.1/transforms/79b1d8448136953d4e0dfaff9dad0c06/transformed/jetified-common-9.8.7-runtime.jar: R8: Expected stack map table for method with non-linear control flow. In later version of R8, the method may be assumed not reachable.
WARNING: /home/toph/.gradle/caches/8.11.1/transforms/79b1d8448136953d4e0dfaff9dad0c06/transformed/jetified-common-9.8.7-runtime.jar: R8: Expected stack map table for method with non-linear control flow. In later version of R8, the method may be assumed not reachable.
WARNING: /home/toph/.gradle/caches/8.11.1/transforms/79b1d8448136953d4e0dfaff9dad0c06/transformed/jetified-common-9.8.7-runtime.jar: R8: Expected stack map table for method with non-linear control flow. In later version of R8, the method may be assumed not reachable.
WARNING: /home/toph/.gradle/caches/8.11.1/transforms/79b1d8448136953d4e0dfaff9dad0c06/transformed/jetified-common-9.8.7-runtime.jar: R8: Expected stack map table for method with non-linear control flow. In later version of R8, the method may be assumed not reachable.
WARNING: /home/toph/.gradle/caches/8.11.1/transforms/79b1d8448136953d4e0dfaff9dad0c06/transformed/jetified-common-9.8.7-runtime.jar: R8: Expected stack map table for method with non-linear control flow. In later version of R8, the method may be assumed not reachable.
WARNING: /home/toph/.gradle/caches/8.11.1/transforms/79b1d8448136953d4e0dfaff9dad0c06/transformed/jetified-common-9.8.7-runtime.jar: R8: Expected stack map table for method with non-linear control flow. In later version of R8, the method may be assumed not reachable.
WARNING: /home/toph/.gradle/caches/8.11.1/transforms/79b1d8448136953d4e0dfaff9dad0c06/transformed/jetified-common-9.8.7-runtime.jar: R8: Expected stack map table for method with non-linear control flow. In later version of R8, the method may be assumed not reachable.
WARNING: /home/toph/.gradle/caches/8.11.1/transforms/79b1d8448136953d4e0dfaff9dad0c06/transformed/jetified-common-9.8.7-runtime.jar: R8: Expected stack map table for method with non-linear control flow. In later version of R8, the method may be assumed not reachable.
WARNING: /home/toph/.gradle/caches/8.11.1/transforms/79b1d8448136953d4e0dfaff9dad0c06/transformed/jetified-common-9.8.7-runtime.jar: R8: Expected stack map table for method with non-linear control flow. In later version of R8, the method may be assumed not reachable.
WARNING: /home/toph/.gradle/caches/8.11.1/transforms/79b1d8448136953d4e0dfaff9dad0c06/transformed/jetified-common-9.8.7-runtime.jar: R8: Expected stack map table for method with non-linear control flow. In later version of R8, the method may be assumed not reachable.
WARNING: /home/toph/.gradle/caches/8.11.1/transforms/79b1d8448136953d4e0dfaff9dad0c06/transformed/jetified-common-9.8.7-runtime.jar: R8: Expected stack map table for method with non-linear control flow. In later version of R8, the method may be assumed not reachable.
WARNING: /home/toph/.gradle/caches/8.11.1/transforms/79b1d8448136953d4e0dfaff9dad0c06/transformed/jetified-common-9.8.7-runtime.jar: R8: Expected stack map table for method with non-linear control flow. In later version of R8, the method may be assumed not reachable.
WARNING: /home/toph/.gradle/caches/8.11.1/transforms/79b1d8448136953d4e0dfaff9dad0c06/transformed/jetified-common-9.8.7-runtime.jar: R8: Expected stack map table for method with non-linear control flow. In later version of R8, the method may be assumed not reachable.
WARNING: /home/toph/.gradle/caches/8.11.1/transforms/79b1d8448136953d4e0dfaff9dad0c06/transformed/jetified-common-9.8.7-runtime.jar: R8: Expected stack map table for method with non-linear control flow. In later version of R8, the method may be assumed not reachable.
WARNING: /home/toph/.gradle/caches/8.11.1/transforms/79b1d8448136953d4e0dfaff9dad0c06/transformed/jetified-common-9.8.7-runtime.jar: R8: Expected stack map table for method with non-linear control flow. In later version of R8, the method may be assumed not reachable.
WARNING: /home/toph/.gradle/caches/8.11.1/transforms/79b1d8448136953d4e0dfaff9dad0c06/transformed/jetified-common-9.8.7-runtime.jar: R8: Expected stack map table for method with non-linear control flow. In later version of R8, the method may be assumed not reachable.
WARNING: /home/toph/.gradle/caches/8.11.1/transforms/79b1d8448136953d4e0dfaff9dad0c06/transformed/jetified-common-9.8.7-runtime.jar: R8: Expected stack map table for method with non-linear control flow. In later version of R8, the method may be assumed not reachable.
WARNING: /home/toph/.gradle/caches/8.11.1/transforms/79b1d8448136953d4e0dfaff9dad0c06/transformed/jetified-common-9.8.7-runtime.jar: R8: Expected stack map table for method with non-linear control flow. In later version of R8, the method may be assumed not reachable.
WARNING: /home/toph/.gradle/caches/8.11.1/transforms/79b1d8448136953d4e0dfaff9dad0c06/transformed/jetified-common-9.8.7-runtime.jar: R8: Expected stack map table for method with non-linear control flow. In later version of R8, the method may be assumed not reachable.
WARNING: /home/toph/.gradle/caches/8.11.1/transforms/79b1d8448136953d4e0dfaff9dad0c06/transformed/jetified-common-9.8.7-runtime.jar: R8: Expected stack map table for method with non-linear control flow. In later version of R8, the method may be assumed not reachable.
WARNING: /home/toph/.gradle/caches/8.11.1/transforms/79b1d8448136953d4e0dfaff9dad0c06/transformed/jetified-common-9.8.7-runtime.jar: R8: Expected stack map table for method with non-linear control flow. In later version of R8, the method may be assumed not reachable.
WARNING: /home/toph/.gradle/caches/8.11.1/transforms/79b1d8448136953d4e0dfaff9dad0c06/transformed/jetified-common-9.8.7-runtime.jar: R8: Expected stack map table for method with non-linear control flow. In later version of R8, the method may be assumed not reachable.
WARNING: /home/toph/.gradle/caches/8.11.1/transforms/79b1d8448136953d4e0dfaff9dad0c06/transformed/jetified-common-9.8.7-runtime.jar: R8: Expected stack map table for method with non-linear control flow. In later version of R8, the method may be assumed not reachable.
WARNING: /home/toph/.gradle/caches/8.11.1/transforms/79b1d8448136953d4e0dfaff9dad0c06/transformed/jetified-common-9.8.7-runtime.jar: R8: Expected stack map table for method with non-linear control flow. In later version of R8, the method may be assumed not reachable.
WARNING: /home/toph/.gradle/caches/8.11.1/transforms/79b1d8448136953d4e0dfaff9dad0c06/transformed/jetified-common-9.8.7-runtime.jar: R8: Expected stack map table for method with non-linear control flow. In later version of R8, the method may be assumed not reachable.
WARNING: /home/toph/.gradle/caches/8.11.1/transforms/79b1d8448136953d4e0dfaff9dad0c06/transformed/jetified-common-9.8.7-runtime.jar: R8: Expected stack map table for method with non-linear control flow. In later version of R8, the method may be assumed not reachable.
WARNING: /home/toph/.gradle/caches/8.11.1/transforms/79b1d8448136953d4e0dfaff9dad0c06/transformed/jetified-common-9.8.7-runtime.jar: R8: Expected stack map table for method with non-linear control flow. In later version of R8, the method may be assumed not reachable.
WARNING: /home/toph/.gradle/caches/8.11.1/transforms/79b1d8448136953d4e0dfaff9dad0c06/transformed/jetified-common-9.8.7-runtime.jar: R8: Expected stack map table for method with non-linear control flow. In later version of R8, the method may be assumed not reachable.
WARNING: /home/toph/.gradle/caches/8.11.1/transforms/79b1d8448136953d4e0dfaff9dad0c06/transformed/jetified-common-9.8.7-runtime.jar: R8: Expected stack map table for method with non-linear control flow. In later version of R8, the method may be assumed not reachable.
WARNING: /home/toph/.gradle/caches/8.11.1/transforms/79b1d8448136953d4e0dfaff9dad0c06/transformed/jetified-common-9.8.7-runtime.jar: R8: Expected stack map table for method with non-linear control flow. In later version of R8, the method may be assumed not reachable.
WARNING: /home/toph/.gradle/caches/8.11.1/transforms/79b1d8448136953d4e0dfaff9dad0c06/transformed/jetified-common-9.8.7-runtime.jar: R8: Expected stack map table for method with non-linear control flow. In later version of R8, the method may be assumed not reachable.
WARNING: /home/toph/.gradle/caches/8.11.1/transforms/79b1d8448136953d4e0dfaff9dad0c06/transformed/jetified-common-9.8.7-runtime.jar: R8: Expected stack map table for method with non-linear control flow. In later version of R8, the method may be assumed not reachable.
WARNING: /home/toph/.gradle/caches/8.11.1/transforms/79b1d8448136953d4e0dfaff9dad0c06/transformed/jetified-common-9.8.7-runtime.jar: R8: Expected stack map table for method with non-linear control flow. In later version of R8, the method may be assumed not reachable.
WARNING: /home/toph/.gradle/caches/8.11.1/transforms/79b1d8448136953d4e0dfaff9dad0c06/transformed/jetified-common-9.8.7-runtime.jar: R8: Expected stack map table for method with non-linear control flow. In later version of R8, the method may be assumed not reachable.
WARNING: /home/toph/.gradle/caches/8.11.1/transforms/79b1d8448136953d4e0dfaff9dad0c06/transformed/jetified-common-9.8.7-runtime.jar: R8: Expected stack map table for method with non-linear control flow. In later version of R8, the method may be assumed not reachable.
WARNING: /home/toph/.gradle/caches/8.11.1/transforms/79b1d8448136953d4e0dfaff9dad0c06/transformed/jetified-common-9.8.7-runtime.jar: R8: Expected stack map table for method with non-linear control flow. In later version of R8, the method may be assumed not reachable.
WARNING: /home/toph/.gradle/caches/8.11.1/transforms/79b1d8448136953d4e0dfaff9dad0c06/transformed/jetified-common-9.8.7-runtime.jar: R8: Expected stack map table for method with non-linear control flow. In later version of R8, the method may be assumed not reachable.
WARNING: /home/toph/.gradle/caches/8.11.1/transforms/79b1d8448136953d4e0dfaff9dad0c06/transformed/jetified-common-9.8.7-runtime.jar: R8: Expected stack map table for method with non-linear control flow. In later version of R8, the method may be assumed not reachable.
WARNING: /home/toph/.gradle/caches/8.11.1/transforms/79b1d8448136953d4e0dfaff9dad0c06/transformed/jetified-common-9.8.7-runtime.jar: R8: Expected stack map table for method with non-linear control flow. In later version of R8, the method may be assumed not reachable.
WARNING: /home/toph/.gradle/caches/8.11.1/transforms/79b1d8448136953d4e0dfaff9dad0c06/transformed/jetified-common-9.8.7-runtime.jar: R8: Expected stack map table for method with non-linear control flow. In later version of R8, the method may be assumed not reachable.
WARNING: /home/toph/.gradle/caches/8.11.1/transforms/79b1d8448136953d4e0dfaff9dad0c06/transformed/jetified-common-9.8.7-runtime.jar: R8: Expected stack map table for method with non-linear control flow. In later version of R8, the method may be assumed not reachable.
WARNING: /home/toph/.gradle/caches/8.11.1/transforms/79b1d8448136953d4e0dfaff9dad0c06/transformed/jetified-common-9.8.7-runtime.jar: R8: Expected stack map table for method with non-linear control flow. In later version of R8, the method may be assumed not reachable.
WARNING: /home/toph/.gradle/caches/8.11.1/transforms/79b1d8448136953d4e0dfaff9dad0c06/transformed/jetified-common-9.8.7-runtime.jar: R8: Expected stack map table for method with non-linear control flow. In later version of R8, the method may be assumed not reachable.
WARNING: /home/toph/.gradle/caches/8.11.1/transforms/79b1d8448136953d4e0dfaff9dad0c06/transformed/jetified-common-9.8.7-runtime.jar: R8: Expected stack map table for method with non-linear control flow. In later version of R8, the method may be assumed not reachable.
WARNING: /home/toph/.gradle/caches/8.11.1/transforms/79b1d8448136953d4e0dfaff9dad0c06/transformed/jetified-common-9.8.7-runtime.jar: R8: Expected stack map table for method with non-linear control flow. In later version of R8, the method may be assumed not reachable.
WARNING: /home/toph/.gradle/caches/8.11.1/transforms/79b1d8448136953d4e0dfaff9dad0c06/transformed/jetified-common-9.8.7-runtime.jar: R8: Expected stack map table for method with non-linear control flow. In later version of R8, the method may be assumed not reachable.
WARNING: /home/toph/.gradle/caches/8.11.1/transforms/79b1d8448136953d4e0dfaff9dad0c06/transformed/jetified-common-9.8.7-runtime.jar: R8: Expected stack map table for method with non-linear control flow. In later version of R8, the method may be assumed not reachable.
WARNING: /home/toph/.gradle/caches/8.11.1/transforms/79b1d8448136953d4e0dfaff9dad0c06/transformed/jetified-common-9.8.7-runtime.jar: R8: Expected stack map table for method with non-linear control flow. In later version of R8, the method may be assumed not reachable.
WARNING: /home/toph/.gradle/caches/8.11.1/transforms/79b1d8448136953d4e0dfaff9dad0c06/transformed/jetified-common-9.8.7-runtime.jar: R8: Expected stack map table for method with non-linear control flow. In later version of R8, the method may be assumed not reachable.
WARNING: /home/toph/.gradle/caches/8.11.1/transforms/79b1d8448136953d4e0dfaff9dad0c06/transformed/jetified-common-9.8.7-runtime.jar: R8: Expected stack map table for method with non-linear control flow. In later version of R8, the method may be assumed not reachable.
WARNING: /home/toph/.gradle/caches/8.11.1/transforms/79b1d8448136953d4e0dfaff9dad0c06/transformed/jetified-common-9.8.7-runtime.jar: R8: Expected stack map table for method with non-linear control flow. In later version of R8, the method may be assumed not reachable.
WARNING: /home/toph/.gradle/caches/8.11.1/transforms/79b1d8448136953d4e0dfaff9dad0c06/transformed/jetified-common-9.8.7-runtime.jar: R8: Expected stack map table for method with non-linear control flow. In later version of R8, the method may be assumed not reachable.
WARNING: /home/toph/.gradle/caches/8.11.1/transforms/79b1d8448136953d4e0dfaff9dad0c06/transformed/jetified-common-9.8.7-runtime.jar: R8: Expected stack map table for method with non-linear control flow. In later version of R8, the method may be assumed not reachable.
WARNING: /home/toph/.gradle/caches/8.11.1/transforms/79b1d8448136953d4e0dfaff9dad0c06/transformed/jetified-common-9.8.7-runtime.jar: R8: Expected stack map table for method with non-linear control flow. In later version of R8, the method may be assumed not reachable.
WARNING: /home/toph/.gradle/caches/8.11.1/transforms/79b1d8448136953d4e0dfaff9dad0c06/transformed/jetified-common-9.8.7-runtime.jar: R8: Expected stack map table for method with non-linear control flow. In later version of R8, the method may be assumed not reachable.
WARNING: /home/toph/.gradle/caches/8.11.1/transforms/79b1d8448136953d4e0dfaff9dad0c06/transformed/jetified-common-9.8.7-runtime.jar: R8: Expected stack map table for method with non-linear control flow. In later version of R8, the method may be assumed not reachable.
WARNING: /home/toph/.gradle/caches/8.11.1/transforms/79b1d8448136953d4e0dfaff9dad0c06/transformed/jetified-common-9.8.7-runtime.jar: R8: Expected stack map table for method with non-linear control flow. In later version of R8, the method may be assumed not reachable.
WARNING: /home/toph/.gradle/caches/8.11.1/transforms/79b1d8448136953d4e0dfaff9dad0c06/transformed/jetified-common-9.8.7-runtime.jar: R8: Expected stack map table for method with non-linear control flow. In later version of R8, the method may be assumed not reachable.
WARNING: /home/toph/.gradle/caches/8.11.1/transforms/79b1d8448136953d4e0dfaff9dad0c06/transformed/jetified-common-9.8.7-runtime.jar: R8: Expected stack map table for method with non-linear control flow. In later version of R8, the method may be assumed not reachable.
WARNING: /home/toph/.gradle/caches/8.11.1/transforms/79b1d8448136953d4e0dfaff9dad0c06/transformed/jetified-common-9.8.7-runtime.jar: R8: Expected stack map table for method with non-linear control flow. In later version of R8, the method may be assumed not reachable.
WARNING: /home/toph/.gradle/caches/8.11.1/transforms/79b1d8448136953d4e0dfaff9dad0c06/transformed/jetified-common-9.8.7-runtime.jar: R8: Expected stack map table for method with non-linear control flow. In later version of R8, the method may be assumed not reachable.
WARNING: /home/toph/.gradle/caches/8.11.1/transforms/79b1d8448136953d4e0dfaff9dad0c06/transformed/jetified-common-9.8.7-runtime.jar: R8: Expected stack map table for method with non-linear control flow. In later version of R8, the method may be assumed not reachable.
WARNING: /home/toph/.gradle/caches/8.11.1/transforms/79b1d8448136953d4e0dfaff9dad0c06/transformed/jetified-common-9.8.7-runtime.jar: R8: Expected stack map table for method with non-linear control flow. In later version of R8, the method may be assumed not reachable.
WARNING: /home/toph/.gradle/caches/8.11.1/transforms/79b1d8448136953d4e0dfaff9dad0c06/transformed/jetified-common-9.8.7-runtime.jar: R8: Expected stack map table for method with non-linear control flow. In later version of R8, the method may be assumed not reachable.
WARNING: /home/toph/.gradle/caches/8.11.1/transforms/79b1d8448136953d4e0dfaff9dad0c06/transformed/jetified-common-9.8.7-runtime.jar: R8: Expected stack map table for method with non-linear control flow. In later version of R8, the method may be assumed not reachable.
WARNING: /home/toph/.gradle/caches/8.11.1/transforms/79b1d8448136953d4e0dfaff9dad0c06/transformed/jetified-common-9.8.7-runtime.jar: R8: Expected stack map table for method with non-linear control flow. In later version of R8, the method may be assumed not reachable.
WARNING: /home/toph/.gradle/caches/8.11.1/transforms/79b1d8448136953d4e0dfaff9dad0c06/transformed/jetified-common-9.8.7-runtime.jar: R8: Expected stack map table for method with non-linear control flow. In later version of R8, the method may be assumed not reachable.
WARNING: /home/toph/.gradle/caches/8.11.1/transforms/79b1d8448136953d4e0dfaff9dad0c06/transformed/jetified-common-9.8.7-runtime.jar: R8: Expected stack map table for method with non-linear control flow. In later version of R8, the method may be assumed not reachable.
WARNING: /home/toph/.gradle/caches/8.11.1/transforms/79b1d8448136953d4e0dfaff9dad0c06/transformed/jetified-common-9.8.7-runtime.jar: R8: Expected stack map table for method with non-linear control flow. In later version of R8, the method may be assumed not reachable.
WARNING: /home/toph/.gradle/caches/8.11.1/transforms/79b1d8448136953d4e0dfaff9dad0c06/transformed/jetified-common-9.8.7-runtime.jar: R8: Expected stack map table for method with non-linear control flow. In later version of R8, the method may be assumed not reachable.
WARNING: /home/toph/.gradle/caches/8.11.1/transforms/79b1d8448136953d4e0dfaff9dad0c06/transformed/jetified-common-9.8.7-runtime.jar: R8: Expected stack map table for method with non-linear control flow. In later version of R8, the method may be assumed not reachable.
WARNING: /home/toph/.gradle/caches/8.11.1/transforms/79b1d8448136953d4e0dfaff9dad0c06/transformed/jetified-common-9.8.7-runtime.jar: R8: Expected stack map table for method with non-linear control flow. In later version of R8, the method may be assumed not reachable.
WARNING: /home/toph/.gradle/caches/8.11.1/transforms/79b1d8448136953d4e0dfaff9dad0c06/transformed/jetified-common-9.8.7-runtime.jar: R8: Expected stack map table for method with non-linear control flow. In later version of R8, the method may be assumed not reachable.
WARNING: /home/toph/.gradle/caches/8.11.1/transforms/79b1d8448136953d4e0dfaff9dad0c06/transformed/jetified-common-9.8.7-runtime.jar: R8: Expected stack map table for method with non-linear control flow. In later version of R8, the method may be assumed not reachable.
WARNING: /home/toph/.gradle/caches/8.11.1/transforms/79b1d8448136953d4e0dfaff9dad0c06/transformed/jetified-common-9.8.7-runtime.jar: R8: Expected stack map table for method with non-linear control flow. In later version of R8, the method may be assumed not reachable.
WARNING: /home/toph/.gradle/caches/8.11.1/transforms/79b1d8448136953d4e0dfaff9dad0c06/transformed/jetified-common-9.8.7-runtime.jar: R8: Expected stack map table for method with non-linear control flow. In later version of R8, the method may be assumed not reachable.
WARNING: /home/toph/.gradle/caches/8.11.1/transforms/79b1d8448136953d4e0dfaff9dad0c06/transformed/jetified-common-9.8.7-runtime.jar: R8: Expected stack map table for method with non-linear control flow. In later version of R8, the method may be assumed not reachable.
WARNING: /home/toph/.gradle/caches/8.11.1/transforms/79b1d8448136953d4e0dfaff9dad0c06/transformed/jetified-common-9.8.7-runtime.jar: R8: Expected stack map table for method with non-linear control flow. In later version of R8, the method may be assumed not reachable.
WARNING: /home/toph/.gradle/caches/8.11.1/transforms/79b1d8448136953d4e0dfaff9dad0c06/transformed/jetified-common-9.8.7-runtime.jar: R8: Expected stack map table for method with non-linear control flow. In later version of R8, the method may be assumed not reachable.
WARNING: /home/toph/.gradle/caches/8.11.1/transforms/79b1d8448136953d4e0dfaff9dad0c06/transformed/jetified-common-9.8.7-runtime.jar: R8: Expected stack map table for method with non-linear control flow. In later version of R8, the method may be assumed not reachable.
WARNING: /home/toph/.gradle/caches/8.11.1/transforms/79b1d8448136953d4e0dfaff9dad0c06/transformed/jetified-common-9.8.7-runtime.jar: R8: Expected stack map table for method with non-linear control flow. In later version of R8, the method may be assumed not reachable.
WARNING: /home/toph/.gradle/caches/8.11.1/transforms/79b1d8448136953d4e0dfaff9dad0c06/transformed/jetified-common-9.8.7-runtime.jar: R8: Expected stack map table for method with non-linear control flow. In later version of R8, the method may be assumed not reachable.
WARNING: /home/toph/.gradle/caches/8.11.1/transforms/79b1d8448136953d4e0dfaff9dad0c06/transformed/jetified-common-9.8.7-runtime.jar: R8: Expected stack map table for method with non-linear control flow. In later version of R8, the method may be assumed not reachable.
WARNING: /home/toph/.gradle/caches/8.11.1/transforms/79b1d8448136953d4e0dfaff9dad0c06/transformed/jetified-common-9.8.7-runtime.jar: R8: Expected stack map table for method with non-linear control flow. In later version of R8, the method may be assumed not reachable.
WARNING: /home/toph/.gradle/caches/8.11.1/transforms/79b1d8448136953d4e0dfaff9dad0c06/transformed/jetified-common-9.8.7-runtime.jar: R8: Expected stack map table for method with non-linear control flow. In later version of R8, the method may be assumed not reachable.
WARNING: /home/toph/.gradle/caches/8.11.1/transforms/79b1d8448136953d4e0dfaff9dad0c06/transformed/jetified-common-9.8.7-runtime.jar: R8: Expected stack map table for method with non-linear control flow. In later version of R8, the method may be assumed not reachable.
WARNING: /home/toph/.gradle/caches/8.11.1/transforms/79b1d8448136953d4e0dfaff9dad0c06/transformed/jetified-common-9.8.7-runtime.jar: R8: Expected stack map table for method with non-linear control flow. In later version of R8, the method may be assumed not reachable.
WARNING: /home/toph/.gradle/caches/8.11.1/transforms/79b1d8448136953d4e0dfaff9dad0c06/transformed/jetified-common-9.8.7-runtime.jar: R8: Expected stack map table for method with non-linear control flow. In later version of R8, the method may be assumed not reachable.
WARNING: /home/toph/.gradle/caches/8.11.1/transforms/79b1d8448136953d4e0dfaff9dad0c06/transformed/jetified-common-9.8.7-runtime.jar: R8: Expected stack map table for method with non-linear control flow. In later version of R8, the method may be assumed not reachable.
WARNING: /home/toph/.gradle/caches/8.11.1/transforms/79b1d8448136953d4e0dfaff9dad0c06/transformed/jetified-common-9.8.7-runtime.jar: R8: Expected stack map table for method with non-linear control flow. In later version of R8, the method may be assumed not reachable.
WARNING: /home/toph/.gradle/caches/8.11.1/transforms/79b1d8448136953d4e0dfaff9dad0c06/transformed/jetified-common-9.8.7-runtime.jar: R8: Expected stack map table for method with non-linear control flow. In later version of R8, the method may be assumed not reachable.
WARNING: /home/toph/.gradle/caches/8.11.1/transforms/79b1d8448136953d4e0dfaff9dad0c06/transformed/jetified-common-9.8.7-runtime.jar: R8: Expected stack map table for method with non-linear control flow. In later version of R8, the method may be assumed not reachable.
WARNING: /home/toph/.gradle/caches/8.11.1/transforms/79b1d8448136953d4e0dfaff9dad0c06/transformed/jetified-common-9.8.7-runtime.jar: R8: Expected stack map table for method with non-linear control flow. In later version of R8, the method may be assumed not reachable.
WARNING: /home/toph/.gradle/caches/8.11.1/transforms/79b1d8448136953d4e0dfaff9dad0c06/transformed/jetified-common-9.8.7-runtime.jar: R8: Expected stack map table for method with non-linear control flow. In later version of R8, the method may be assumed not reachable.
WARNING: /home/toph/.gradle/caches/8.11.1/transforms/79b1d8448136953d4e0dfaff9dad0c06/transformed/jetified-common-9.8.7-runtime.jar: R8: Expected stack map table for method with non-linear control flow. In later version of R8, the method may be assumed not reachable.
WARNING: /home/toph/.gradle/caches/8.11.1/transforms/79b1d8448136953d4e0dfaff9dad0c06/transformed/jetified-common-9.8.7-runtime.jar: R8: Expected stack map table for method with non-linear control flow. In later version of R8, the method may be assumed not reachable.
WARNING: /home/toph/.gradle/caches/8.11.1/transforms/79b1d8448136953d4e0dfaff9dad0c06/transformed/jetified-common-9.8.7-runtime.jar: R8: Expected stack map table for method with non-linear control flow. In later version of R8, the method may be assumed not reachable.
WARNING: /home/toph/.gradle/caches/8.11.1/transforms/79b1d8448136953d4e0dfaff9dad0c06/transformed/jetified-common-9.8.7-runtime.jar: R8: Expected stack map table for method with non-linear control flow. In later version of R8, the method may be assumed not reachable.
WARNING: /home/toph/.gradle/caches/8.11.1/transforms/79b1d8448136953d4e0dfaff9dad0c06/transformed/jetified-common-9.8.7-runtime.jar: R8: Expected stack map table for method with non-linear control flow. In later version of R8, the method may be assumed not reachable.
WARNING: /home/toph/.gradle/caches/8.11.1/transforms/79b1d8448136953d4e0dfaff9dad0c06/transformed/jetified-common-9.8.7-runtime.jar: R8: Expected stack map table for method with non-linear control flow. In later version of R8, the method may be assumed not reachable.
WARNING: /home/toph/.gradle/caches/8.11.1/transforms/79b1d8448136953d4e0dfaff9dad0c06/transformed/jetified-common-9.8.7-runtime.jar: R8: Expected stack map table for method with non-linear control flow. In later version of R8, the method may be assumed not reachable.
WARNING: /home/toph/.gradle/caches/8.11.1/transforms/79b1d8448136953d4e0dfaff9dad0c06/transformed/jetified-common-9.8.7-runtime.jar: R8: Expected stack map table for method with non-linear control flow. In later version of R8, the method may be assumed not reachable.
WARNING: /home/toph/.gradle/caches/8.11.1/transforms/79b1d8448136953d4e0dfaff9dad0c06/transformed/jetified-common-9.8.7-runtime.jar: R8: Expected stack map table for method with non-linear control flow. In later version of R8, the method may be assumed not reachable.
WARNING: /home/toph/.gradle/caches/8.11.1/transforms/79b1d8448136953d4e0dfaff9dad0c06/transformed/jetified-common-9.8.7-runtime.jar: R8: Expected stack map table for method with non-linear control flow. In later version of R8, the method may be assumed not reachable.
WARNING: /home/toph/.gradle/caches/8.11.1/transforms/79b1d8448136953d4e0dfaff9dad0c06/transformed/jetified-common-9.8.7-runtime.jar: R8: Expected stack map table for method with non-linear control flow. In later version of R8, the method may be assumed not reachable.
WARNING: /home/toph/.gradle/caches/8.11.1/transforms/79b1d8448136953d4e0dfaff9dad0c06/transformed/jetified-common-9.8.7-runtime.jar: R8: Expected stack map table for method with non-linear control flow. In later version of R8, the method may be assumed not reachable.
WARNING: /home/toph/.gradle/caches/8.11.1/transforms/79b1d8448136953d4e0dfaff9dad0c06/transformed/jetified-common-9.8.7-runtime.jar: R8: Expected stack map table for method with non-linear control flow. In later version of R8, the method may be assumed not reachable.
WARNING: /home/toph/.gradle/caches/8.11.1/transforms/79b1d8448136953d4e0dfaff9dad0c06/transformed/jetified-common-9.8.7-runtime.jar: R8: Expected stack map table for method with non-linear control flow. In later version of R8, the method may be assumed not reachable.
WARNING: /home/toph/.gradle/caches/8.11.1/transforms/79b1d8448136953d4e0dfaff9dad0c06/transformed/jetified-common-9.8.7-runtime.jar: R8: Expected stack map table for method with non-linear control flow. In later version of R8, the method may be assumed not reachable.
WARNING: /home/toph/.gradle/caches/8.11.1/transforms/79b1d8448136953d4e0dfaff9dad0c06/transformed/jetified-common-9.8.7-runtime.jar: R8: Expected stack map table for method with non-linear control flow. In later version of R8, the method may be assumed not reachable.
WARNING: /home/toph/.gradle/caches/8.11.1/transforms/79b1d8448136953d4e0dfaff9dad0c06/transformed/jetified-common-9.8.7-runtime.jar: R8: Expected stack map table for method with non-linear control flow. In later version of R8, the method may be assumed not reachable.
WARNING: /home/toph/.gradle/caches/8.11.1/transforms/79b1d8448136953d4e0dfaff9dad0c06/transformed/jetified-common-9.8.7-runtime.jar: R8: Expected stack map table for method with non-linear control flow. In later version of R8, the method may be assumed not reachable.
WARNING: /home/toph/.gradle/caches/8.11.1/transforms/79b1d8448136953d4e0dfaff9dad0c06/transformed/jetified-common-9.8.7-runtime.jar: R8: Expected stack map table for method with non-linear control flow. In later version of R8, the method may be assumed not reachable.
WARNING: /home/toph/.gradle/caches/8.11.1/transforms/79b1d8448136953d4e0dfaff9dad0c06/transformed/jetified-common-9.8.7-runtime.jar: R8: Expected stack map table for method with non-linear control flow. In later version of R8, the method may be assumed not reachable.
WARNING: /home/toph/.gradle/caches/8.11.1/transforms/79b1d8448136953d4e0dfaff9dad0c06/transformed/jetified-common-9.8.7-runtime.jar: R8: Expected stack map table for method with non-linear control flow. In later version of R8, the method may be assumed not reachable.
WARNING: /home/toph/.gradle/caches/8.11.1/transforms/79b1d8448136953d4e0dfaff9dad0c06/transformed/jetified-common-9.8.7-runtime.jar: R8: Expected stack map table for method with non-linear control flow. In later version of R8, the method may be assumed not reachable.
WARNING: /home/toph/.gradle/caches/8.11.1/transforms/79b1d8448136953d4e0dfaff9dad0c06/transformed/jetified-common-9.8.7-runtime.jar: R8: Expected stack map table for method with non-linear control flow. In later version of R8, the method may be assumed not reachable.
WARNING: /home/toph/.gradle/caches/8.11.1/transforms/79b1d8448136953d4e0dfaff9dad0c06/transformed/jetified-common-9.8.7-runtime.jar: R8: Expected stack map table for method with non-linear control flow. In later version of R8, the method may be assumed not reachable.
WARNING: /home/toph/.gradle/caches/8.11.1/transforms/79b1d8448136953d4e0dfaff9dad0c06/transformed/jetified-common-9.8.7-runtime.jar: R8: Expected stack map table for method with non-linear control flow. In later version of R8, the method may be assumed not reachable.
WARNING: /home/toph/.gradle/caches/8.11.1/transforms/79b1d8448136953d4e0dfaff9dad0c06/transformed/jetified-common-9.8.7-runtime.jar: R8: Expected stack map table for method with non-linear control flow. In later version of R8, the method may be assumed not reachable.
WARNING: /home/toph/.gradle/caches/8.11.1/transforms/79b1d8448136953d4e0dfaff9dad0c06/transformed/jetified-common-9.8.7-runtime.jar: R8: Expected stack map table for method with non-linear control flow. In later version of R8, the method may be assumed not reachable.
WARNING: /home/toph/.gradle/caches/8.11.1/transforms/79b1d8448136953d4e0dfaff9dad0c06/transformed/jetified-common-9.8.7-runtime.jar: R8: Expected stack map table for method with non-linear control flow. In later version of R8, the method may be assumed not reachable.
WARNING: /home/toph/.gradle/caches/8.11.1/transforms/79b1d8448136953d4e0dfaff9dad0c06/transformed/jetified-common-9.8.7-runtime.jar: R8: Expected stack map table for method with non-linear control flow. In later version of R8, the method may be assumed not reachable.
WARNING: /home/toph/.gradle/caches/8.11.1/transforms/79b1d8448136953d4e0dfaff9dad0c06/transformed/jetified-common-9.8.7-runtime.jar: R8: Expected stack map table for method with non-linear control flow. In later version of R8, the method may be assumed not reachable.
WARNING: /home/toph/.gradle/caches/8.11.1/transforms/79b1d8448136953d4e0dfaff9dad0c06/transformed/jetified-common-9.8.7-runtime.jar: R8: Expected stack map table for method with non-linear control flow. In later version of R8, the method may be assumed not reachable.
WARNING: /home/toph/.gradle/caches/8.11.1/transforms/79b1d8448136953d4e0dfaff9dad0c06/transformed/jetified-common-9.8.7-runtime.jar: R8: Expected stack map table for method with non-linear control flow. In later version of R8, the method may be assumed not reachable.
WARNING: /home/toph/.gradle/caches/8.11.1/transforms/79b1d8448136953d4e0dfaff9dad0c06/transformed/jetified-common-9.8.7-runtime.jar: R8: Expected stack map table for method with non-linear control flow. In later version of R8, the method may be assumed not reachable.
WARNING: /home/toph/.gradle/caches/8.11.1/transforms/79b1d8448136953d4e0dfaff9dad0c06/transformed/jetified-common-9.8.7-runtime.jar: R8: Expected stack map table for method with non-linear control flow. In later version of R8, the method may be assumed not reachable.
WARNING: /home/toph/.gradle/caches/8.11.1/transforms/79b1d8448136953d4e0dfaff9dad0c06/transformed/jetified-common-9.8.7-runtime.jar: R8: Expected stack map table for method with non-linear control flow. In later version of R8, the method may be assumed not reachable.
WARNING: /home/toph/.gradle/caches/8.11.1/transforms/79b1d8448136953d4e0dfaff9dad0c06/transformed/jetified-common-9.8.7-runtime.jar: R8: Expected stack map table for method with non-linear control flow. In later version of R8, the method may be assumed not reachable.
WARNING: /home/toph/.gradle/caches/8.11.1/transforms/79b1d8448136953d4e0dfaff9dad0c06/transformed/jetified-common-9.8.7-runtime.jar: R8: Expected stack map table for method with non-linear control flow. In later version of R8, the method may be assumed not reachable.
WARNING: /home/toph/.gradle/caches/8.11.1/transforms/79b1d8448136953d4e0dfaff9dad0c06/transformed/jetified-common-9.8.7-runtime.jar: R8: Expected stack map table for method with non-linear control flow. In later version of R8, the method may be assumed not reachable.
WARNING: /home/toph/.gradle/caches/8.11.1/transforms/79b1d8448136953d4e0dfaff9dad0c06/transformed/jetified-common-9.8.7-runtime.jar: R8: Expected stack map table for method with non-linear control flow. In later version of R8, the method may be assumed not reachable.
WARNING: /home/toph/.gradle/caches/8.11.1/transforms/79b1d8448136953d4e0dfaff9dad0c06/transformed/jetified-common-9.8.7-runtime.jar: R8: Expected stack map table for method with non-linear control flow. In later version of R8, the method may be assumed not reachable.
WARNING: /home/toph/.gradle/caches/8.11.1/transforms/79b1d8448136953d4e0dfaff9dad0c06/transformed/jetified-common-9.8.7-runtime.jar: R8: Expected stack map table for method with non-linear control flow. In later version of R8, the method may be assumed not reachable.
WARNING: /home/toph/.gradle/caches/8.11.1/transforms/79b1d8448136953d4e0dfaff9dad0c06/transformed/jetified-common-9.8.7-runtime.jar: R8: Expected stack map table for method with non-linear control flow. In later version of R8, the method may be assumed not reachable.
WARNING: /home/toph/.gradle/caches/8.11.1/transforms/79b1d8448136953d4e0dfaff9dad0c06/transformed/jetified-common-9.8.7-runtime.jar: R8: Expected stack map table for method with non-linear control flow. In later version of R8, the method may be assumed not reachable.
WARNING: /home/toph/.gradle/caches/8.11.1/transforms/79b1d8448136953d4e0dfaff9dad0c06/transformed/jetified-common-9.8.7-runtime.jar: R8: Expected stack map table for method with non-linear control flow. In later version of R8, the method may be assumed not reachable.
WARNING: /home/toph/.gradle/caches/8.11.1/transforms/79b1d8448136953d4e0dfaff9dad0c06/transformed/jetified-common-9.8.7-runtime.jar: R8: Expected stack map table for method with non-linear control flow. In later version of R8, the method may be assumed not reachable.
WARNING: /home/toph/.gradle/caches/8.11.1/transforms/79b1d8448136953d4e0dfaff9dad0c06/transformed/jetified-common-9.8.7-runtime.jar: R8: Expected stack map table for method with non-linear control flow. In later version of R8, the method may be assumed not reachable.
WARNING: /home/toph/.gradle/caches/8.11.1/transforms/79b1d8448136953d4e0dfaff9dad0c06/transformed/jetified-common-9.8.7-runtime.jar: R8: Expected stack map table for method with non-linear control flow. In later version of R8, the method may be assumed not reachable.
WARNING: /home/toph/.gradle/caches/8.11.1/transforms/79b1d8448136953d4e0dfaff9dad0c06/transformed/jetified-common-9.8.7-runtime.jar: R8: Expected stack map table for method with non-linear control flow. In later version of R8, the method may be assumed not reachable.
WARNING: /home/toph/.gradle/caches/8.11.1/transforms/79b1d8448136953d4e0dfaff9dad0c06/transformed/jetified-common-9.8.7-runtime.jar: R8: Expected stack map table for method with non-linear control flow. In later version of R8, the method may be assumed not reachable.
WARNING: /home/toph/.gradle/caches/8.11.1/transforms/79b1d8448136953d4e0dfaff9dad0c06/transformed/jetified-common-9.8.7-runtime.jar: R8: Expected stack map table for method with non-linear control flow. In later version of R8, the method may be assumed not reachable.
WARNING: /home/toph/.gradle/caches/8.11.1/transforms/79b1d8448136953d4e0dfaff9dad0c06/transformed/jetified-common-9.8.7-runtime.jar: R8: Expected stack map table for method with non-linear control flow. In later version of R8, the method may be assumed not reachable.
WARNING: /home/toph/.gradle/caches/8.11.1/transforms/79b1d8448136953d4e0dfaff9dad0c06/transformed/jetified-common-9.8.7-runtime.jar: R8: Expected stack map table for method with non-linear control flow. In later version of R8, the method may be assumed not reachable.
WARNING: /home/toph/.gradle/caches/8.11.1/transforms/79b1d8448136953d4e0dfaff9dad0c06/transformed/jetified-common-9.8.7-runtime.jar: R8: Expected stack map table for method with non-linear control flow. In later version of R8, the method may be assumed not reachable.
WARNING: /home/toph/.gradle/caches/8.11.1/transforms/79b1d8448136953d4e0dfaff9dad0c06/transformed/jetified-common-9.8.7-runtime.jar: R8: Expected stack map table for method with non-linear control flow. In later version of R8, the method may be assumed not reachable.
WARNING: /home/toph/.gradle/caches/8.11.1/transforms/79b1d8448136953d4e0dfaff9dad0c06/transformed/jetified-common-9.8.7-runtime.jar: R8: Expected stack map table for method with non-linear control flow. In later version of R8, the method may be assumed not reachable.
WARNING: /home/toph/.gradle/caches/8.11.1/transforms/79b1d8448136953d4e0dfaff9dad0c06/transformed/jetified-common-9.8.7-runtime.jar: R8: Expected stack map table for method with non-linear control flow. In later version of R8, the method may be assumed not reachable.
WARNING: /home/toph/.gradle/caches/8.11.1/transforms/79b1d8448136953d4e0dfaff9dad0c06/transformed/jetified-common-9.8.7-runtime.jar: R8: Expected stack map table for method with non-linear control flow. In later version of R8, the method may be assumed not reachable.
WARNING: /home/toph/.gradle/caches/8.11.1/transforms/79b1d8448136953d4e0dfaff9dad0c06/transformed/jetified-common-9.8.7-runtime.jar: R8: Expected stack map table for method with non-linear control flow. In later version of R8, the method may be assumed not reachable.
WARNING: /home/toph/.gradle/caches/8.11.1/transforms/79b1d8448136953d4e0dfaff9dad0c06/transformed/jetified-common-9.8.7-runtime.jar: R8: Expected stack map table for method with non-linear control flow. In later version of R8, the method may be assumed not reachable.
WARNING: /home/toph/.gradle/caches/8.11.1/transforms/79b1d8448136953d4e0dfaff9dad0c06/transformed/jetified-common-9.8.7-runtime.jar: R8: Expected stack map table for method with non-linear control flow. In later version of R8, the method may be assumed not reachable.
WARNING: /home/toph/.gradle/caches/8.11.1/transforms/79b1d8448136953d4e0dfaff9dad0c06/transformed/jetified-common-9.8.7-runtime.jar: R8: Expected stack map table for method with non-linear control flow. In later version of R8, the method may be assumed not reachable.
WARNING: /home/toph/.gradle/caches/8.11.1/transforms/79b1d8448136953d4e0dfaff9dad0c06/transformed/jetified-common-9.8.7-runtime.jar: R8: Expected stack map table for method with non-linear control flow. In later version of R8, the method may be assumed not reachable.
WARNING: /home/toph/.gradle/caches/8.11.1/transforms/79b1d8448136953d4e0dfaff9dad0c06/transformed/jetified-common-9.8.7-runtime.jar: R8: Expected stack map table for method with non-linear control flow. In later version of R8, the method may be assumed not reachable.
WARNING: /home/toph/.gradle/caches/8.11.1/transforms/79b1d8448136953d4e0dfaff9dad0c06/transformed/jetified-common-9.8.7-runtime.jar: R8: Expected stack map table for method with non-linear control flow. In later version of R8, the method may be assumed not reachable.
WARNING: /home/toph/.gradle/caches/8.11.1/transforms/79b1d8448136953d4e0dfaff9dad0c06/transformed/jetified-common-9.8.7-runtime.jar: R8: Expected stack map table for method with non-linear control flow. In later version of R8, the method may be assumed not reachable.
WARNING: /home/toph/.gradle/caches/8.11.1/transforms/79b1d8448136953d4e0dfaff9dad0c06/transformed/jetified-common-9.8.7-runtime.jar: R8: Expected stack map table for method with non-linear control flow. In later version of R8, the method may be assumed not reachable.
WARNING: /home/toph/.gradle/caches/8.11.1/transforms/79b1d8448136953d4e0dfaff9dad0c06/transformed/jetified-common-9.8.7-runtime.jar: R8: Expected stack map table for method with non-linear control flow. In later version of R8, the method may be assumed not reachable.
WARNING: /home/toph/.gradle/caches/8.11.1/transforms/79b1d8448136953d4e0dfaff9dad0c06/transformed/jetified-common-9.8.7-runtime.jar: R8: Expected stack map table for method with non-linear control flow. In later version of R8, the method may be assumed not reachable.
WARNING: /home/toph/.gradle/caches/8.11.1/transforms/79b1d8448136953d4e0dfaff9dad0c06/transformed/jetified-common-9.8.7-runtime.jar: R8: Expected stack map table for method with non-linear control flow. In later version of R8, the method may be assumed not reachable.
WARNING: /home/toph/.gradle/caches/8.11.1/transforms/79b1d8448136953d4e0dfaff9dad0c06/transformed/jetified-common-9.8.7-runtime.jar: R8: Expected stack map table for method with non-linear control flow. In later version of R8, the method may be assumed not reachable.
WARNING: /home/toph/.gradle/caches/8.11.1/transforms/79b1d8448136953d4e0dfaff9dad0c06/transformed/jetified-common-9.8.7-runtime.jar: R8: Expected stack map table for method with non-linear control flow. In later version of R8, the method may be assumed not reachable.
WARNING: /home/toph/.gradle/caches/8.11.1/transforms/79b1d8448136953d4e0dfaff9dad0c06/transformed/jetified-common-9.8.7-runtime.jar: R8: Expected stack map table for method with non-linear control flow. In later version of R8, the method may be assumed not reachable.
WARNING: /home/toph/.gradle/caches/8.11.1/transforms/79b1d8448136953d4e0dfaff9dad0c06/transformed/jetified-common-9.8.7-runtime.jar: R8: Expected stack map table for method with non-linear control flow. In later version of R8, the method may be assumed not reachable.
WARNING: /home/toph/.gradle/caches/8.11.1/transforms/79b1d8448136953d4e0dfaff9dad0c06/transformed/jetified-common-9.8.7-runtime.jar: R8: Expected stack map table for method with non-linear control flow. In later version of R8, the method may be assumed not reachable.
WARNING: /home/toph/.gradle/caches/8.11.1/transforms/79b1d8448136953d4e0dfaff9dad0c06/transformed/jetified-common-9.8.7-runtime.jar: R8: Expected stack map table for method with non-linear control flow. In later version of R8, the method may be assumed not reachable.
WARNING: /home/toph/.gradle/caches/8.11.1/transforms/79b1d8448136953d4e0dfaff9dad0c06/transformed/jetified-common-9.8.7-runtime.jar: R8: Expected stack map table for method with non-linear control flow. In later version of R8, the method may be assumed not reachable.
WARNING: /home/toph/.gradle/caches/8.11.1/transforms/79b1d8448136953d4e0dfaff9dad0c06/transformed/jetified-common-9.8.7-runtime.jar: R8: Expected stack map table for method with non-linear control flow. In later version of R8, the method may be assumed not reachable.
WARNING: /home/toph/.gradle/caches/8.11.1/transforms/79b1d8448136953d4e0dfaff9dad0c06/transformed/jetified-common-9.8.7-runtime.jar: R8: Expected stack map table for method with non-linear control flow. In later version of R8, the method may be assumed not reachable.
WARNING: /home/toph/.gradle/caches/8.11.1/transforms/79b1d8448136953d4e0dfaff9dad0c06/transformed/jetified-common-9.8.7-runtime.jar: R8: Expected stack map table for method with non-linear control flow. In later version of R8, the method may be assumed not reachable.
WARNING: /home/toph/.gradle/caches/8.11.1/transforms/79b1d8448136953d4e0dfaff9dad0c06/transformed/jetified-common-9.8.7-runtime.jar: R8: Expected stack map table for method with non-linear control flow. In later version of R8, the method may be assumed not reachable.
WARNING: /home/toph/.gradle/caches/8.11.1/transforms/79b1d8448136953d4e0dfaff9dad0c06/transformed/jetified-common-9.8.7-runtime.jar: R8: Expected stack map table for method with non-linear control flow. In later version of R8, the method may be assumed not reachable.
WARNING: /home/toph/.gradle/caches/8.11.1/transforms/79b1d8448136953d4e0dfaff9dad0c06/transformed/jetified-common-9.8.7-runtime.jar: R8: Expected stack map table for method with non-linear control flow. In later version of R8, the method may be assumed not reachable.
WARNING: /home/toph/.gradle/caches/8.11.1/transforms/79b1d8448136953d4e0dfaff9dad0c06/transformed/jetified-common-9.8.7-runtime.jar: R8: Expected stack map table for method with non-linear control flow. In later version of R8, the method may be assumed not reachable.
WARNING: /home/toph/.gradle/caches/8.11.1/transforms/79b1d8448136953d4e0dfaff9dad0c06/transformed/jetified-common-9.8.7-runtime.jar: R8: Expected stack map table for method with non-linear control flow. In later version of R8, the method may be assumed not reachable.
WARNING: /home/toph/.gradle/caches/8.11.1/transforms/79b1d8448136953d4e0dfaff9dad0c06/transformed/jetified-common-9.8.7-runtime.jar: R8: Expected stack map table for method with non-linear control flow. In later version of R8, the method may be assumed not reachable.
WARNING: /home/toph/.gradle/caches/8.11.1/transforms/79b1d8448136953d4e0dfaff9dad0c06/transformed/jetified-common-9.8.7-runtime.jar: R8: Expected stack map table for method with non-linear control flow. In later version of R8, the method may be assumed not reachable.
WARNING: /home/toph/.gradle/caches/8.11.1/transforms/79b1d8448136953d4e0dfaff9dad0c06/transformed/jetified-common-9.8.7-runtime.jar: R8: Expected stack map table for method with non-linear control flow. In later version of R8, the method may be assumed not reachable.
WARNING: /home/toph/.gradle/caches/8.11.1/transforms/79b1d8448136953d4e0dfaff9dad0c06/transformed/jetified-common-9.8.7-runtime.jar: R8: Expected stack map table for method with non-linear control flow. In later version of R8, the method may be assumed not reachable.
WARNING: /home/toph/.gradle/caches/8.11.1/transforms/79b1d8448136953d4e0dfaff9dad0c06/transformed/jetified-common-9.8.7-runtime.jar: R8: Expected stack map table for method with non-linear control flow. In later version of R8, the method may be assumed not reachable.
WARNING: /home/toph/.gradle/caches/8.11.1/transforms/79b1d8448136953d4e0dfaff9dad0c06/transformed/jetified-common-9.8.7-runtime.jar: R8: Expected stack map table for method with non-linear control flow. In later version of R8, the method may be assumed not reachable.
WARNING: /home/toph/.gradle/caches/8.11.1/transforms/79b1d8448136953d4e0dfaff9dad0c06/transformed/jetified-common-9.8.7-runtime.jar: R8: Expected stack map table for method with non-linear control flow. In later version of R8, the method may be assumed not reachable.
WARNING: /home/toph/.gradle/caches/8.11.1/transforms/79b1d8448136953d4e0dfaff9dad0c06/transformed/jetified-common-9.8.7-runtime.jar: R8: Expected stack map table for method with non-linear control flow. In later version of R8, the method may be assumed not reachable.
WARNING: /home/toph/.gradle/caches/8.11.1/transforms/79b1d8448136953d4e0dfaff9dad0c06/transformed/jetified-common-9.8.7-runtime.jar: R8: Expected stack map table for method with non-linear control flow. In later version of R8, the method may be assumed not reachable.
WARNING: /home/toph/.gradle/caches/8.11.1/transforms/79b1d8448136953d4e0dfaff9dad0c06/transformed/jetified-common-9.8.7-runtime.jar: R8: Expected stack map table for method with non-linear control flow. In later version of R8, the method may be assumed not reachable.
WARNING: /home/toph/.gradle/caches/8.11.1/transforms/79b1d8448136953d4e0dfaff9dad0c06/transformed/jetified-common-9.8.7-runtime.jar: R8: Expected stack map table for method with non-linear control flow. In later version of R8, the method may be assumed not reachable.
WARNING: /home/toph/.gradle/caches/8.11.1/transforms/79b1d8448136953d4e0dfaff9dad0c06/transformed/jetified-common-9.8.7-runtime.jar: R8: Expected stack map table for method with non-linear control flow. In later version of R8, the method may be assumed not reachable.
WARNING: /home/toph/.gradle/caches/8.11.1/transforms/79b1d8448136953d4e0dfaff9dad0c06/transformed/jetified-common-9.8.7-runtime.jar: R8: Expected stack map table for method with non-linear control flow. In later version of R8, the method may be assumed not reachable.
WARNING: /home/toph/.gradle/caches/8.11.1/transforms/79b1d8448136953d4e0dfaff9dad0c06/transformed/jetified-common-9.8.7-runtime.jar: R8: Expected stack map table for method with non-linear control flow. In later version of R8, the method may be assumed not reachable.
WARNING: /home/toph/.gradle/caches/8.11.1/transforms/79b1d8448136953d4e0dfaff9dad0c06/transformed/jetified-common-9.8.7-runtime.jar: R8: Expected stack map table for method with non-linear control flow. In later version of R8, the method may be assumed not reachable.
WARNING: /home/toph/.gradle/caches/8.11.1/transforms/79b1d8448136953d4e0dfaff9dad0c06/transformed/jetified-common-9.8.7-runtime.jar: R8: Expected stack map table for method with non-linear control flow. In later version of R8, the method may be assumed not reachable.
WARNING: /home/toph/.gradle/caches/8.11.1/transforms/79b1d8448136953d4e0dfaff9dad0c06/transformed/jetified-common-9.8.7-runtime.jar: R8: Expected stack map table for method with non-linear control flow. In later version of R8, the method may be assumed not reachable.
WARNING: /home/toph/.gradle/caches/8.11.1/transforms/79b1d8448136953d4e0dfaff9dad0c06/transformed/jetified-common-9.8.7-runtime.jar: R8: Expected stack map table for method with non-linear control flow. In later version of R8, the method may be assumed not reachable.
WARNING: /home/toph/.gradle/caches/8.11.1/transforms/79b1d8448136953d4e0dfaff9dad0c06/transformed/jetified-common-9.8.7-runtime.jar: R8: Expected stack map table for method with non-linear control flow. In later version of R8, the method may be assumed not reachable.
WARNING: /home/toph/.gradle/caches/8.11.1/transforms/79b1d8448136953d4e0dfaff9dad0c06/transformed/jetified-common-9.8.7-runtime.jar: R8: Expected stack map table for method with non-linear control flow. In later version of R8, the method may be assumed not reachable.
WARNING: /home/toph/.gradle/caches/8.11.1/transforms/79b1d8448136953d4e0dfaff9dad0c06/transformed/jetified-common-9.8.7-runtime.jar: R8: Expected stack map table for method with non-linear control flow. In later version of R8, the method may be assumed not reachable.
WARNING: /home/toph/.gradle/caches/8.11.1/transforms/79b1d8448136953d4e0dfaff9dad0c06/transformed/jetified-common-9.8.7-runtime.jar: R8: Expected stack map table for method with non-linear control flow. In later version of R8, the method may be assumed not reachable.
WARNING: /home/toph/.gradle/caches/8.11.1/transforms/79b1d8448136953d4e0dfaff9dad0c06/transformed/jetified-common-9.8.7-runtime.jar: R8: Expected stack map table for method with non-linear control flow. In later version of R8, the method may be assumed not reachable.
WARNING: /home/toph/.gradle/caches/8.11.1/transforms/79b1d8448136953d4e0dfaff9dad0c06/transformed/jetified-common-9.8.7-runtime.jar: R8: Expected stack map table for method with non-linear control flow. In later version of R8, the method may be assumed not reachable.
WARNING: /home/toph/.gradle/caches/8.11.1/transforms/79b1d8448136953d4e0dfaff9dad0c06/transformed/jetified-common-9.8.7-runtime.jar: R8: Expected stack map table for method with non-linear control flow. In later version of R8, the method may be assumed not reachable.
WARNING: /home/toph/.gradle/caches/8.11.1/transforms/79b1d8448136953d4e0dfaff9dad0c06/transformed/jetified-common-9.8.7-runtime.jar: R8: Expected stack map table for method with non-linear control flow. In later version of R8, the method may be assumed not reachable.
WARNING: /home/toph/.gradle/caches/8.11.1/transforms/79b1d8448136953d4e0dfaff9dad0c06/transformed/jetified-common-9.8.7-runtime.jar: R8: Expected stack map table for method with non-linear control flow. In later version of R8, the method may be assumed not reachable.
WARNING: /home/toph/.gradle/caches/8.11.1/transforms/79b1d8448136953d4e0dfaff9dad0c06/transformed/jetified-common-9.8.7-runtime.jar: R8: Expected stack map table for method with non-linear control flow. In later version of R8, the method may be assumed not reachable.
WARNING: /home/toph/.gradle/caches/8.11.1/transforms/79b1d8448136953d4e0dfaff9dad0c06/transformed/jetified-common-9.8.7-runtime.jar: R8: Expected stack map table for method with non-linear control flow. In later version of R8, the method may be assumed not reachable.
WARNING: /home/toph/.gradle/caches/8.11.1/transforms/79b1d8448136953d4e0dfaff9dad0c06/transformed/jetified-common-9.8.7-runtime.jar: R8: Expected stack map table for method with non-linear control flow. In later version of R8, the method may be assumed not reachable.
WARNING: /home/toph/.gradle/caches/8.11.1/transforms/79b1d8448136953d4e0dfaff9dad0c06/transformed/jetified-common-9.8.7-runtime.jar: R8: Expected stack map table for method with non-linear control flow. In later version of R8, the method may be assumed not reachable.
WARNING: /home/toph/.gradle/caches/8.11.1/transforms/79b1d8448136953d4e0dfaff9dad0c06/transformed/jetified-common-9.8.7-runtime.jar: R8: Expected stack map table for method with non-linear control flow. In later version of R8, the method may be assumed not reachable.
WARNING: /home/toph/.gradle/caches/8.11.1/transforms/79b1d8448136953d4e0dfaff9dad0c06/transformed/jetified-common-9.8.7-runtime.jar: R8: Expected stack map table for method with non-linear control flow. In later version of R8, the method may be assumed not reachable.
WARNING: /home/toph/.gradle/caches/8.11.1/transforms/79b1d8448136953d4e0dfaff9dad0c06/transformed/jetified-common-9.8.7-runtime.jar: R8: Expected stack map table for method with non-linear control flow. In later version of R8, the method may be assumed not reachable.
WARNING: /home/toph/.gradle/caches/8.11.1/transforms/79b1d8448136953d4e0dfaff9dad0c06/transformed/jetified-common-9.8.7-runtime.jar: R8: Expected stack map table for method with non-linear control flow. In later version of R8, the method may be assumed not reachable.
WARNING: /home/toph/.gradle/caches/8.11.1/transforms/79b1d8448136953d4e0dfaff9dad0c06/transformed/jetified-common-9.8.7-runtime.jar: R8: Expected stack map table for method with non-linear control flow. In later version of R8, the method may be assumed not reachable.
WARNING: /home/toph/.gradle/caches/8.11.1/transforms/79b1d8448136953d4e0dfaff9dad0c06/transformed/jetified-common-9.8.7-runtime.jar: R8: Expected stack map table for method with non-linear control flow. In later version of R8, the method may be assumed not reachable.
WARNING: /home/toph/.gradle/caches/8.11.1/transforms/79b1d8448136953d4e0dfaff9dad0c06/transformed/jetified-common-9.8.7-runtime.jar: R8: Expected stack map table for method with non-linear control flow. In later version of R8, the method may be assumed not reachable.
WARNING: /home/toph/.gradle/caches/8.11.1/transforms/79b1d8448136953d4e0dfaff9dad0c06/transformed/jetified-common-9.8.7-runtime.jar: R8: Expected stack map table for method with non-linear control flow. In later version of R8, the method may be assumed not reachable.
WARNING: /home/toph/.gradle/caches/8.11.1/transforms/79b1d8448136953d4e0dfaff9dad0c06/transformed/jetified-common-9.8.7-runtime.jar: R8: Expected stack map table for method with non-linear control flow. In later version of R8, the method may be assumed not reachable.
WARNING: /home/toph/.gradle/caches/8.11.1/transforms/79b1d8448136953d4e0dfaff9dad0c06/transformed/jetified-common-9.8.7-runtime.jar: R8: Expected stack map table for method with non-linear control flow. In later version of R8, the method may be assumed not reachable.
WARNING: /home/toph/.gradle/caches/8.11.1/transforms/79b1d8448136953d4e0dfaff9dad0c06/transformed/jetified-common-9.8.7-runtime.jar: R8: Expected stack map table for method with non-linear control flow. In later version of R8, the method may be assumed not reachable.
WARNING: /home/toph/.gradle/caches/8.11.1/transforms/79b1d8448136953d4e0dfaff9dad0c06/transformed/jetified-common-9.8.7-runtime.jar: R8: Expected stack map table for method with non-linear control flow. In later version of R8, the method may be assumed not reachable.
WARNING: /home/toph/.gradle/caches/8.11.1/transforms/79b1d8448136953d4e0dfaff9dad0c06/transformed/jetified-common-9.8.7-runtime.jar: R8: Expected stack map table for method with non-linear control flow. In later version of R8, the method may be assumed not reachable.
WARNING: /home/toph/.gradle/caches/8.11.1/transforms/79b1d8448136953d4e0dfaff9dad0c06/transformed/jetified-common-9.8.7-runtime.jar: R8: Expected stack map table for method with non-linear control flow. In later version of R8, the method may be assumed not reachable.
WARNING: /home/toph/.gradle/caches/8.11.1/transforms/79b1d8448136953d4e0dfaff9dad0c06/transformed/jetified-common-9.8.7-runtime.jar: R8: Expected stack map table for method with non-linear control flow. In later version of R8, the method may be assumed not reachable.
WARNING: /home/toph/.gradle/caches/8.11.1/transforms/79b1d8448136953d4e0dfaff9dad0c06/transformed/jetified-common-9.8.7-runtime.jar: R8: Expected stack map table for method with non-linear control flow. In later version of R8, the method may be assumed not reachable.
WARNING: /home/toph/.gradle/caches/8.11.1/transforms/79b1d8448136953d4e0dfaff9dad0c06/transformed/jetified-common-9.8.7-runtime.jar: R8: Expected stack map table for method with non-linear control flow. In later version of R8, the method may be assumed not reachable.
WARNING: /home/toph/.gradle/caches/8.11.1/transforms/79b1d8448136953d4e0dfaff9dad0c06/transformed/jetified-common-9.8.7-runtime.jar: R8: Expected stack map table for method with non-linear control flow. In later version of R8, the method may be assumed not reachable.
WARNING: /home/toph/.gradle/caches/8.11.1/transforms/79b1d8448136953d4e0dfaff9dad0c06/transformed/jetified-common-9.8.7-runtime.jar: R8: Expected stack map table for method with non-linear control flow. In later version of R8, the method may be assumed not reachable.
WARNING: /home/toph/.gradle/caches/8.11.1/transforms/79b1d8448136953d4e0dfaff9dad0c06/transformed/jetified-common-9.8.7-runtime.jar: R8: Expected stack map table for method with non-linear control flow. In later version of R8, the method may be assumed not reachable.
WARNING: /home/toph/.gradle/caches/8.11.1/transforms/79b1d8448136953d4e0dfaff9dad0c06/transformed/jetified-common-9.8.7-runtime.jar: R8: Expected stack map table for method with non-linear control flow. In later version of R8, the method may be assumed not reachable.
WARNING: /home/toph/.gradle/caches/8.11.1/transforms/79b1d8448136953d4e0dfaff9dad0c06/transformed/jetified-common-9.8.7-runtime.jar: R8: Expected stack map table for method with non-linear control flow. In later version of R8, the method may be assumed not reachable.
WARNING: /home/toph/.gradle/caches/8.11.1/transforms/79b1d8448136953d4e0dfaff9dad0c06/transformed/jetified-common-9.8.7-runtime.jar: R8: Expected stack map table for method with non-linear control flow. In later version of R8, the method may be assumed not reachable.
WARNING: /home/toph/.gradle/caches/8.11.1/transforms/79b1d8448136953d4e0dfaff9dad0c06/transformed/jetified-common-9.8.7-runtime.jar: R8: Expected stack map table for method with non-linear control flow. In later version of R8, the method may be assumed not reachable.
WARNING: /home/toph/.gradle/caches/8.11.1/transforms/79b1d8448136953d4e0dfaff9dad0c06/transformed/jetified-common-9.8.7-runtime.jar: R8: Expected stack map table for method with non-linear control flow. In later version of R8, the method may be assumed not reachable.
WARNING: /home/toph/.gradle/caches/8.11.1/transforms/79b1d8448136953d4e0dfaff9dad0c06/transformed/jetified-common-9.8.7-runtime.jar: R8: Expected stack map table for method with non-linear control flow. In later version of R8, the method may be assumed not reachable.
WARNING: /home/toph/.gradle/caches/8.11.1/transforms/79b1d8448136953d4e0dfaff9dad0c06/transformed/jetified-common-9.8.7-runtime.jar: R8: Expected stack map table for method with non-linear control flow. In later version of R8, the method may be assumed not reachable.
WARNING: /home/toph/.gradle/caches/8.11.1/transforms/79b1d8448136953d4e0dfaff9dad0c06/transformed/jetified-common-9.8.7-runtime.jar: R8: Expected stack map table for method with non-linear control flow. In later version of R8, the method may be assumed not reachable.
WARNING: /home/toph/.gradle/caches/8.11.1/transforms/79b1d8448136953d4e0dfaff9dad0c06/transformed/jetified-common-9.8.7-runtime.jar: R8: Expected stack map table for method with non-linear control flow. In later version of R8, the method may be assumed not reachable.
WARNING: /home/toph/.gradle/caches/8.11.1/transforms/79b1d8448136953d4e0dfaff9dad0c06/transformed/jetified-common-9.8.7-runtime.jar: R8: Expected stack map table for method with non-linear control flow. In later version of R8, the method may be assumed not reachable.
WARNING: /home/toph/.gradle/caches/8.11.1/transforms/79b1d8448136953d4e0dfaff9dad0c06/transformed/jetified-common-9.8.7-runtime.jar: R8: Expected stack map table for method with non-linear control flow. In later version of R8, the method may be assumed not reachable.
WARNING: /home/toph/.gradle/caches/8.11.1/transforms/79b1d8448136953d4e0dfaff9dad0c06/transformed/jetified-common-9.8.7-runtime.jar: R8: Expected stack map table for method with non-linear control flow. In later version of R8, the method may be assumed not reachable.
WARNING: /home/toph/.gradle/caches/8.11.1/transforms/79b1d8448136953d4e0dfaff9dad0c06/transformed/jetified-common-9.8.7-runtime.jar: R8: Expected stack map table for method with non-linear control flow. In later version of R8, the method may be assumed not reachable.
WARNING: /home/toph/.gradle/caches/8.11.1/transforms/79b1d8448136953d4e0dfaff9dad0c06/transformed/jetified-common-9.8.7-runtime.jar: R8: Expected stack map table for method with non-linear control flow. In later version of R8, the method may be assumed not reachable.
WARNING: /home/toph/.gradle/caches/8.11.1/transforms/79b1d8448136953d4e0dfaff9dad0c06/transformed/jetified-common-9.8.7-runtime.jar: R8: Expected stack map table for method with non-linear control flow. In later version of R8, the method may be assumed not reachable.
WARNING: /home/toph/.gradle/caches/8.11.1/transforms/79b1d8448136953d4e0dfaff9dad0c06/transformed/jetified-common-9.8.7-runtime.jar: R8: Expected stack map table for method with non-linear control flow. In later version of R8, the method may be assumed not reachable.
WARNING: /home/toph/.gradle/caches/8.11.1/transforms/79b1d8448136953d4e0dfaff9dad0c06/transformed/jetified-common-9.8.7-runtime.jar: R8: Expected stack map table for method with non-linear control flow. In later version of R8, the method may be assumed not reachable.
WARNING: /home/toph/.gradle/caches/8.11.1/transforms/79b1d8448136953d4e0dfaff9dad0c06/transformed/jetified-common-9.8.7-runtime.jar: R8: Expected stack map table for method with non-linear control flow. In later version of R8, the method may be assumed not reachable.
WARNING: /home/toph/.gradle/caches/8.11.1/transforms/79b1d8448136953d4e0dfaff9dad0c06/transformed/jetified-common-9.8.7-runtime.jar: R8: Expected stack map table for method with non-linear control flow. In later version of R8, the method may be assumed not reachable.
WARNING: /home/toph/.gradle/caches/8.11.1/transforms/79b1d8448136953d4e0dfaff9dad0c06/transformed/jetified-common-9.8.7-runtime.jar: R8: Expected stack map table for method with non-linear control flow. In later version of R8, the method may be assumed not reachable.
WARNING: /home/toph/.gradle/caches/8.11.1/transforms/79b1d8448136953d4e0dfaff9dad0c06/transformed/jetified-common-9.8.7-runtime.jar: R8: Expected stack map table for method with non-linear control flow. In later version of R8, the method may be assumed not reachable.
WARNING: /home/toph/.gradle/caches/8.11.1/transforms/79b1d8448136953d4e0dfaff9dad0c06/transformed/jetified-common-9.8.7-runtime.jar: R8: Expected stack map table for method with non-linear control flow. In later version of R8, the method may be assumed not reachable.
WARNING: /home/toph/.gradle/caches/8.11.1/transforms/79b1d8448136953d4e0dfaff9dad0c06/transformed/jetified-common-9.8.7-runtime.jar: R8: Expected stack map table for method with non-linear control flow. In later version of R8, the method may be assumed not reachable.
WARNING: /home/toph/.gradle/caches/8.11.1/transforms/79b1d8448136953d4e0dfaff9dad0c06/transformed/jetified-common-9.8.7-runtime.jar: R8: Expected stack map table for method with non-linear control flow. In later version of R8, the method may be assumed not reachable.
WARNING: /home/toph/.gradle/caches/8.11.1/transforms/79b1d8448136953d4e0dfaff9dad0c06/transformed/jetified-common-9.8.7-runtime.jar: R8: Expected stack map table for method with non-linear control flow. In later version of R8, the method may be assumed not reachable.
WARNING: /home/toph/.gradle/caches/8.11.1/transforms/79b1d8448136953d4e0dfaff9dad0c06/transformed/jetified-common-9.8.7-runtime.jar: R8: Expected stack map table for method with non-linear control flow. In later version of R8, the method may be assumed not reachable.
WARNING: /home/toph/.gradle/caches/8.11.1/transforms/79b1d8448136953d4e0dfaff9dad0c06/transformed/jetified-common-9.8.7-runtime.jar: R8: Expected stack map table for method with non-linear control flow. In later version of R8, the method may be assumed not reachable.
WARNING: /home/toph/.gradle/caches/8.11.1/transforms/79b1d8448136953d4e0dfaff9dad0c06/transformed/jetified-common-9.8.7-runtime.jar: R8: Expected stack map table for method with non-linear control flow. In later version of R8, the method may be assumed not reachable.
WARNING: /home/toph/.gradle/caches/8.11.1/transforms/79b1d8448136953d4e0dfaff9dad0c06/transformed/jetified-common-9.8.7-runtime.jar: R8: Expected stack map table for method with non-linear control flow. In later version of R8, the method may be assumed not reachable.
WARNING: /home/toph/.gradle/caches/8.11.1/transforms/79b1d8448136953d4e0dfaff9dad0c06/transformed/jetified-common-9.8.7-runtime.jar: R8: Expected stack map table for method with non-linear control flow. In later version of R8, the method may be assumed not reachable.
WARNING: /home/toph/.gradle/caches/8.11.1/transforms/79b1d8448136953d4e0dfaff9dad0c06/transformed/jetified-common-9.8.7-runtime.jar: R8: Expected stack map table for method with non-linear control flow. In later version of R8, the method may be assumed not reachable.
WARNING: /home/toph/.gradle/caches/8.11.1/transforms/79b1d8448136953d4e0dfaff9dad0c06/transformed/jetified-common-9.8.7-runtime.jar: R8: Expected stack map table for method with non-linear control flow. In later version of R8, the method may be assumed not reachable.
WARNING: /home/toph/.gradle/caches/8.11.1/transforms/79b1d8448136953d4e0dfaff9dad0c06/transformed/jetified-common-9.8.7-runtime.jar: R8: Expected stack map table for method with non-linear control flow. In later version of R8, the method may be assumed not reachable.
WARNING: /home/toph/.gradle/caches/8.11.1/transforms/79b1d8448136953d4e0dfaff9dad0c06/transformed/jetified-common-9.8.7-runtime.jar: R8: Expected stack map table for method with non-linear control flow. In later version of R8, the method may be assumed not reachable.
WARNING: /home/toph/.gradle/caches/8.11.1/transforms/79b1d8448136953d4e0dfaff9dad0c06/transformed/jetified-common-9.8.7-runtime.jar: R8: Expected stack map table for method with non-linear control flow. In later version of R8, the method may be assumed not reachable.
WARNING: /home/toph/.gradle/caches/8.11.1/transforms/79b1d8448136953d4e0dfaff9dad0c06/transformed/jetified-common-9.8.7-runtime.jar: R8: Expected stack map table for method with non-linear control flow. In later version of R8, the method may be assumed not reachable.
WARNING: /home/toph/.gradle/caches/8.11.1/transforms/79b1d8448136953d4e0dfaff9dad0c06/transformed/jetified-common-9.8.7-runtime.jar: R8: Expected stack map table for method with non-linear control flow. In later version of R8, the method may be assumed not reachable.
WARNING: /home/toph/.gradle/caches/8.11.1/transforms/79b1d8448136953d4e0dfaff9dad0c06/transformed/jetified-common-9.8.7-runtime.jar: R8: Expected stack map table for method with non-linear control flow. In later version of R8, the method may be assumed not reachable.
WARNING: /home/toph/.gradle/caches/8.11.1/transforms/79b1d8448136953d4e0dfaff9dad0c06/transformed/jetified-common-9.8.7-runtime.jar: R8: Expected stack map table for method with non-linear control flow. In later version of R8, the method may be assumed not reachable.
WARNING: /home/toph/.gradle/caches/8.11.1/transforms/79b1d8448136953d4e0dfaff9dad0c06/transformed/jetified-common-9.8.7-runtime.jar: R8: Expected stack map table for method with non-linear control flow. In later version of R8, the method may be assumed not reachable.
WARNING: /home/toph/.gradle/caches/8.11.1/transforms/79b1d8448136953d4e0dfaff9dad0c06/transformed/jetified-common-9.8.7-runtime.jar: R8: Expected stack map table for method with non-linear control flow. In later version of R8, the method may be assumed not reachable.
WARNING: /home/toph/.gradle/caches/8.11.1/transforms/79b1d8448136953d4e0dfaff9dad0c06/transformed/jetified-common-9.8.7-runtime.jar: R8: Expected stack map table for method with non-linear control flow. In later version of R8, the method may be assumed not reachable.
WARNING: /home/toph/.gradle/caches/8.11.1/transforms/79b1d8448136953d4e0dfaff9dad0c06/transformed/jetified-common-9.8.7-runtime.jar: R8: Expected stack map table for method with non-linear control flow. In later version of R8, the method may be assumed not reachable.
WARNING: /home/toph/.gradle/caches/8.11.1/transforms/79b1d8448136953d4e0dfaff9dad0c06/transformed/jetified-common-9.8.7-runtime.jar: R8: Expected stack map table for method with non-linear control flow. In later version of R8, the method may be assumed not reachable.
WARNING: /home/toph/.gradle/caches/8.11.1/transforms/79b1d8448136953d4e0dfaff9dad0c06/transformed/jetified-common-9.8.7-runtime.jar: R8: Expected stack map table for method with non-linear control flow. In later version of R8, the method may be assumed not reachable.
WARNING: /home/toph/.gradle/caches/8.11.1/transforms/79b1d8448136953d4e0dfaff9dad0c06/transformed/jetified-common-9.8.7-runtime.jar: R8: Expected stack map table for method with non-linear control flow. In later version of R8, the method may be assumed not reachable.
WARNING: /home/toph/.gradle/caches/8.11.1/transforms/79b1d8448136953d4e0dfaff9dad0c06/transformed/jetified-common-9.8.7-runtime.jar: R8: Expected stack map table for method with non-linear control flow. In later version of R8, the method may be assumed not reachable.
WARNING: /home/toph/.gradle/caches/8.11.1/transforms/79b1d8448136953d4e0dfaff9dad0c06/transformed/jetified-common-9.8.7-runtime.jar: R8: Expected stack map table for method with non-linear control flow. In later version of R8, the method may be assumed not reachable.
WARNING: /home/toph/.gradle/caches/8.11.1/transforms/79b1d8448136953d4e0dfaff9dad0c06/transformed/jetified-common-9.8.7-runtime.jar: R8: Expected stack map table for method with non-linear control flow. In later version of R8, the method may be assumed not reachable.
WARNING: /home/toph/.gradle/caches/8.11.1/transforms/79b1d8448136953d4e0dfaff9dad0c06/transformed/jetified-common-9.8.7-runtime.jar: R8: Expected stack map table for method with non-linear control flow. In later version of R8, the method may be assumed not reachable.
WARNING: /home/toph/.gradle/caches/8.11.1/transforms/79b1d8448136953d4e0dfaff9dad0c06/transformed/jetified-common-9.8.7-runtime.jar: R8: Expected stack map table for method with non-linear control flow. In later version of R8, the method may be assumed not reachable.
WARNING: /home/toph/.gradle/caches/8.11.1/transforms/79b1d8448136953d4e0dfaff9dad0c06/transformed/jetified-common-9.8.7-runtime.jar: R8: Expected stack map table for method with non-linear control flow. In later version of R8, the method may be assumed not reachable.
WARNING: /home/toph/.gradle/caches/8.11.1/transforms/79b1d8448136953d4e0dfaff9dad0c06/transformed/jetified-common-9.8.7-runtime.jar: R8: Expected stack map table for method with non-linear control flow. In later version of R8, the method may be assumed not reachable.
WARNING: /home/toph/.gradle/caches/8.11.1/transforms/79b1d8448136953d4e0dfaff9dad0c06/transformed/jetified-common-9.8.7-runtime.jar: R8: Expected stack map table for method with non-linear control flow. In later version of R8, the method may be assumed not reachable.
WARNING: /home/toph/.gradle/caches/8.11.1/transforms/79b1d8448136953d4e0dfaff9dad0c06/transformed/jetified-common-9.8.7-runtime.jar: R8: Expected stack map table for method with non-linear control flow. In later version of R8, the method may be assumed not reachable.
WARNING: /home/toph/.gradle/caches/8.11.1/transforms/79b1d8448136953d4e0dfaff9dad0c06/transformed/jetified-common-9.8.7-runtime.jar: R8: Expected stack map table for method with non-linear control flow. In later version of R8, the method may be assumed not reachable.
WARNING: /home/toph/.gradle/caches/8.11.1/transforms/79b1d8448136953d4e0dfaff9dad0c06/transformed/jetified-common-9.8.7-runtime.jar: R8: Expected stack map table for method with non-linear control flow. In later version of R8, the method may be assumed not reachable.
WARNING: /home/toph/.gradle/caches/8.11.1/transforms/79b1d8448136953d4e0dfaff9dad0c06/transformed/jetified-common-9.8.7-runtime.jar: R8: Expected stack map table for method with non-linear control flow. In later version of R8, the method may be assumed not reachable.
WARNING: /home/toph/.gradle/caches/8.11.1/transforms/79b1d8448136953d4e0dfaff9dad0c06/transformed/jetified-common-9.8.7-runtime.jar: R8: Expected stack map table for method with non-linear control flow. In later version of R8, the method may be assumed not reachable.
WARNING: /home/toph/.gradle/caches/8.11.1/transforms/79b1d8448136953d4e0dfaff9dad0c06/transformed/jetified-common-9.8.7-runtime.jar: R8: Expected stack map table for method with non-linear control flow. In later version of R8, the method may be assumed not reachable.
WARNING: /home/toph/.gradle/caches/8.11.1/transforms/79b1d8448136953d4e0dfaff9dad0c06/transformed/jetified-common-9.8.7-runtime.jar: R8: Expected stack map table for method with non-linear control flow. In later version of R8, the method may be assumed not reachable.
WARNING: /home/toph/.gradle/caches/8.11.1/transforms/79b1d8448136953d4e0dfaff9dad0c06/transformed/jetified-common-9.8.7-runtime.jar: R8: Expected stack map table for method with non-linear control flow. In later version of R8, the method may be assumed not reachable.
WARNING: /home/toph/.gradle/caches/8.11.1/transforms/79b1d8448136953d4e0dfaff9dad0c06/transformed/jetified-common-9.8.7-runtime.jar: R8: Expected stack map table for method with non-linear control flow. In later version of R8, the method may be assumed not reachable.
WARNING: /home/toph/.gradle/caches/8.11.1/transforms/79b1d8448136953d4e0dfaff9dad0c06/transformed/jetified-common-9.8.7-runtime.jar: R8: Expected stack map table for method with non-linear control flow. In later version of R8, the method may be assumed not reachable.
WARNING: /home/toph/.gradle/caches/8.11.1/transforms/79b1d8448136953d4e0dfaff9dad0c06/transformed/jetified-common-9.8.7-runtime.jar: R8: Expected stack map table for method with non-linear control flow. In later version of R8, the method may be assumed not reachable.
WARNING: /home/toph/.gradle/caches/8.11.1/transforms/79b1d8448136953d4e0dfaff9dad0c06/transformed/jetified-common-9.8.7-runtime.jar: R8: Expected stack map table for method with non-linear control flow. In later version of R8, the method may be assumed not reachable.
WARNING: /home/toph/.gradle/caches/8.11.1/transforms/79b1d8448136953d4e0dfaff9dad0c06/transformed/jetified-common-9.8.7-runtime.jar: R8: Expected stack map table for method with non-linear control flow. In later version of R8, the method may be assumed not reachable.
WARNING: /home/toph/.gradle/caches/8.11.1/transforms/79b1d8448136953d4e0dfaff9dad0c06/transformed/jetified-common-9.8.7-runtime.jar: R8: Expected stack map table for method with non-linear control flow. In later version of R8, the method may be assumed not reachable.
WARNING: /home/toph/.gradle/caches/8.11.1/transforms/79b1d8448136953d4e0dfaff9dad0c06/transformed/jetified-common-9.8.7-runtime.jar: R8: Expected stack map table for method with non-linear control flow. In later version of R8, the method may be assumed not reachable.
WARNING: /home/toph/.gradle/caches/8.11.1/transforms/79b1d8448136953d4e0dfaff9dad0c06/transformed/jetified-common-9.8.7-runtime.jar: R8: Expected stack map table for method with non-linear control flow. In later version of R8, the method may be assumed not reachable.
WARNING: /home/toph/.gradle/caches/8.11.1/transforms/79b1d8448136953d4e0dfaff9dad0c06/transformed/jetified-common-9.8.7-runtime.jar: R8: Expected stack map table for method with non-linear control flow. In later version of R8, the method may be assumed not reachable.
WARNING: /home/toph/.gradle/caches/8.11.1/transforms/79b1d8448136953d4e0dfaff9dad0c06/transformed/jetified-common-9.8.7-runtime.jar: R8: Expected stack map table for method with non-linear control flow. In later version of R8, the method may be assumed not reachable.
WARNING: /home/toph/.gradle/caches/8.11.1/transforms/79b1d8448136953d4e0dfaff9dad0c06/transformed/jetified-common-9.8.7-runtime.jar: R8: Expected stack map table for method with non-linear control flow. In later version of R8, the method may be assumed not reachable.
WARNING: /home/toph/.gradle/caches/8.11.1/transforms/79b1d8448136953d4e0dfaff9dad0c06/transformed/jetified-common-9.8.7-runtime.jar: R8: Expected stack map table for method with non-linear control flow. In later version of R8, the method may be assumed not reachable.
WARNING: /home/toph/.gradle/caches/8.11.1/transforms/79b1d8448136953d4e0dfaff9dad0c06/transformed/jetified-common-9.8.7-runtime.jar: R8: Expected stack map table for method with non-linear control flow. In later version of R8, the method may be assumed not reachable.
WARNING: /home/toph/.gradle/caches/8.11.1/transforms/79b1d8448136953d4e0dfaff9dad0c06/transformed/jetified-common-9.8.7-runtime.jar: R8: Expected stack map table for method with non-linear control flow. In later version of R8, the method may be assumed not reachable.
WARNING: /home/toph/.gradle/caches/8.11.1/transforms/79b1d8448136953d4e0dfaff9dad0c06/transformed/jetified-common-9.8.7-runtime.jar: R8: Expected stack map table for method with non-linear control flow. In later version of R8, the method may be assumed not reachable.
WARNING: /home/toph/.gradle/caches/8.11.1/transforms/79b1d8448136953d4e0dfaff9dad0c06/transformed/jetified-common-9.8.7-runtime.jar: R8: Expected stack map table for method with non-linear control flow. In later version of R8, the method may be assumed not reachable.
WARNING: /home/toph/.gradle/caches/8.11.1/transforms/79b1d8448136953d4e0dfaff9dad0c06/transformed/jetified-common-9.8.7-runtime.jar: R8: Expected stack map table for method with non-linear control flow. In later version of R8, the method may be assumed not reachable.
WARNING: /home/toph/.gradle/caches/8.11.1/transforms/79b1d8448136953d4e0dfaff9dad0c06/transformed/jetified-common-9.8.7-runtime.jar: R8: Expected stack map table for method with non-linear control flow. In later version of R8, the method may be assumed not reachable.
WARNING: /home/toph/.gradle/caches/8.11.1/transforms/79b1d8448136953d4e0dfaff9dad0c06/transformed/jetified-common-9.8.7-runtime.jar: R8: Expected stack map table for method with non-linear control flow. In later version of R8, the method may be assumed not reachable.
WARNING: /home/toph/.gradle/caches/8.11.1/transforms/79b1d8448136953d4e0dfaff9dad0c06/transformed/jetified-common-9.8.7-runtime.jar: R8: Expected stack map table for method with non-linear control flow. In later version of R8, the method may be assumed not reachable.
WARNING: /home/toph/.gradle/caches/8.11.1/transforms/79b1d8448136953d4e0dfaff9dad0c06/transformed/jetified-common-9.8.7-runtime.jar: R8: Expected stack map table for method with non-linear control flow. In later version of R8, the method may be assumed not reachable.
WARNING: /home/toph/.gradle/caches/8.11.1/transforms/79b1d8448136953d4e0dfaff9dad0c06/transformed/jetified-common-9.8.7-runtime.jar: R8: Expected stack map table for method with non-linear control flow. In later version of R8, the method may be assumed not reachable.
WARNING: /home/toph/.gradle/caches/8.11.1/transforms/79b1d8448136953d4e0dfaff9dad0c06/transformed/jetified-common-9.8.7-runtime.jar: R8: Expected stack map table for method with non-linear control flow. In later version of R8, the method may be assumed not reachable.
WARNING: /home/toph/.gradle/caches/8.11.1/transforms/79b1d8448136953d4e0dfaff9dad0c06/transformed/jetified-common-9.8.7-runtime.jar: R8: Expected stack map table for method with non-linear control flow. In later version of R8, the method may be assumed not reachable.
WARNING: /home/toph/.gradle/caches/8.11.1/transforms/79b1d8448136953d4e0dfaff9dad0c06/transformed/jetified-common-9.8.7-runtime.jar: R8: Expected stack map table for method with non-linear control flow. In later version of R8, the method may be assumed not reachable.
WARNING: /home/toph/.gradle/caches/8.11.1/transforms/79b1d8448136953d4e0dfaff9dad0c06/transformed/jetified-common-9.8.7-runtime.jar: R8: Expected stack map table for method with non-linear control flow. In later version of R8, the method may be assumed not reachable.
WARNING: /home/toph/.gradle/caches/8.11.1/transforms/79b1d8448136953d4e0dfaff9dad0c06/transformed/jetified-common-9.8.7-runtime.jar: R8: Expected stack map table for method with non-linear control flow. In later version of R8, the method may be assumed not reachable.
WARNING: /home/toph/.gradle/caches/8.11.1/transforms/79b1d8448136953d4e0dfaff9dad0c06/transformed/jetified-common-9.8.7-runtime.jar: R8: Expected stack map table for method with non-linear control flow. In later version of R8, the method may be assumed not reachable.
WARNING: /home/toph/.gradle/caches/8.11.1/transforms/79b1d8448136953d4e0dfaff9dad0c06/transformed/jetified-common-9.8.7-runtime.jar: R8: Expected stack map table for method with non-linear control flow. In later version of R8, the method may be assumed not reachable.
WARNING: /home/toph/.gradle/caches/8.11.1/transforms/79b1d8448136953d4e0dfaff9dad0c06/transformed/jetified-common-9.8.7-runtime.jar: R8: Expected stack map table for method with non-linear control flow. In later version of R8, the method may be assumed not reachable.
WARNING: /home/toph/.gradle/caches/8.11.1/transforms/79b1d8448136953d4e0dfaff9dad0c06/transformed/jetified-common-9.8.7-runtime.jar: R8: Expected stack map table for method with non-linear control flow. In later version of R8, the method may be assumed not reachable.
WARNING: /home/toph/.gradle/caches/8.11.1/transforms/79b1d8448136953d4e0dfaff9dad0c06/transformed/jetified-common-9.8.7-runtime.jar: R8: Expected stack map table for method with non-linear control flow. In later version of R8, the method may be assumed not reachable.
WARNING: /home/toph/.gradle/caches/8.11.1/transforms/79b1d8448136953d4e0dfaff9dad0c06/transformed/jetified-common-9.8.7-runtime.jar: R8: Expected stack map table for method with non-linear control flow. In later version of R8, the method may be assumed not reachable.
WARNING: /home/toph/.gradle/caches/8.11.1/transforms/79b1d8448136953d4e0dfaff9dad0c06/transformed/jetified-common-9.8.7-runtime.jar: R8: Expected stack map table for method with non-linear control flow. In later version of R8, the method may be assumed not reachable.
WARNING: /home/toph/.gradle/caches/8.11.1/transforms/79b1d8448136953d4e0dfaff9dad0c06/transformed/jetified-common-9.8.7-runtime.jar: R8: Expected stack map table for method with non-linear control flow. In later version of R8, the method may be assumed not reachable.
WARNING: /home/toph/.gradle/caches/8.11.1/transforms/79b1d8448136953d4e0dfaff9dad0c06/transformed/jetified-common-9.8.7-runtime.jar: R8: Expected stack map table for method with non-linear control flow. In later version of R8, the method may be assumed not reachable.
WARNING: /home/toph/.gradle/caches/8.11.1/transforms/79b1d8448136953d4e0dfaff9dad0c06/transformed/jetified-common-9.8.7-runtime.jar: R8: Expected stack map table for method with non-linear control flow. In later version of R8, the method may be assumed not reachable.
WARNING: /home/toph/.gradle/caches/8.11.1/transforms/79b1d8448136953d4e0dfaff9dad0c06/transformed/jetified-common-9.8.7-runtime.jar: R8: Expected stack map table for method with non-linear control flow. In later version of R8, the method may be assumed not reachable.
WARNING: /home/toph/.gradle/caches/8.11.1/transforms/79b1d8448136953d4e0dfaff9dad0c06/transformed/jetified-common-9.8.7-runtime.jar: R8: Expected stack map table for method with non-linear control flow. In later version of R8, the method may be assumed not reachable.
WARNING: /home/toph/.gradle/caches/8.11.1/transforms/79b1d8448136953d4e0dfaff9dad0c06/transformed/jetified-common-9.8.7-runtime.jar: R8: Expected stack map table for method with non-linear control flow. In later version of R8, the method may be assumed not reachable.
WARNING: /home/toph/.gradle/caches/8.11.1/transforms/79b1d8448136953d4e0dfaff9dad0c06/transformed/jetified-common-9.8.7-runtime.jar: R8: Expected stack map table for method with non-linear control flow. In later version of R8, the method may be assumed not reachable.
WARNING: /home/toph/.gradle/caches/8.11.1/transforms/79b1d8448136953d4e0dfaff9dad0c06/transformed/jetified-common-9.8.7-runtime.jar: R8: Expected stack map table for method with non-linear control flow. In later version of R8, the method may be assumed not reachable.
WARNING: /home/toph/.gradle/caches/8.11.1/transforms/79b1d8448136953d4e0dfaff9dad0c06/transformed/jetified-common-9.8.7-runtime.jar: R8: Expected stack map table for method with non-linear control flow. In later version of R8, the method may be assumed not reachable.
WARNING: /home/toph/.gradle/caches/8.11.1/transforms/79b1d8448136953d4e0dfaff9dad0c06/transformed/jetified-common-9.8.7-runtime.jar: R8: Expected stack map table for method with non-linear control flow. In later version of R8, the method may be assumed not reachable.
WARNING: /home/toph/.gradle/caches/8.11.1/transforms/79b1d8448136953d4e0dfaff9dad0c06/transformed/jetified-common-9.8.7-runtime.jar: R8: Expected stack map table for method with non-linear control flow. In later version of R8, the method may be assumed not reachable.
WARNING: /home/toph/.gradle/caches/8.11.1/transforms/79b1d8448136953d4e0dfaff9dad0c06/transformed/jetified-common-9.8.7-runtime.jar: R8: Expected stack map table for method with non-linear control flow. In later version of R8, the method may be assumed not reachable.
WARNING: /home/toph/.gradle/caches/8.11.1/transforms/79b1d8448136953d4e0dfaff9dad0c06/transformed/jetified-common-9.8.7-runtime.jar: R8: Expected stack map table for method with non-linear control flow. In later version of R8, the method may be assumed not reachable.
WARNING: /home/toph/.gradle/caches/8.11.1/transforms/79b1d8448136953d4e0dfaff9dad0c06/transformed/jetified-common-9.8.7-runtime.jar: R8: Expected stack map table for method with non-linear control flow. In later version of R8, the method may be assumed not reachable.
WARNING: /home/toph/.gradle/caches/8.11.1/transforms/79b1d8448136953d4e0dfaff9dad0c06/transformed/jetified-common-9.8.7-runtime.jar: R8: Expected stack map table for method with non-linear control flow. In later version of R8, the method may be assumed not reachable.
WARNING: /home/toph/.gradle/caches/8.11.1/transforms/79b1d8448136953d4e0dfaff9dad0c06/transformed/jetified-common-9.8.7-runtime.jar: R8: Expected stack map table for method with non-linear control flow. In later version of R8, the method may be assumed not reachable.
WARNING: /home/toph/.gradle/caches/8.11.1/transforms/79b1d8448136953d4e0dfaff9dad0c06/transformed/jetified-common-9.8.7-runtime.jar: R8: Expected stack map table for method with non-linear control flow. In later version of R8, the method may be assumed not reachable.
WARNING: /home/toph/.gradle/caches/8.11.1/transforms/79b1d8448136953d4e0dfaff9dad0c06/transformed/jetified-common-9.8.7-runtime.jar: R8: Expected stack map table for method with non-linear control flow. In later version of R8, the method may be assumed not reachable.
WARNING: /home/toph/.gradle/caches/8.11.1/transforms/79b1d8448136953d4e0dfaff9dad0c06/transformed/jetified-common-9.8.7-runtime.jar: R8: Expected stack map table for method with non-linear control flow. In later version of R8, the method may be assumed not reachable.
WARNING: /home/toph/.gradle/caches/8.11.1/transforms/79b1d8448136953d4e0dfaff9dad0c06/transformed/jetified-common-9.8.7-runtime.jar: R8: Expected stack map table for method with non-linear control flow. In later version of R8, the method may be assumed not reachable.
WARNING: /home/toph/.gradle/caches/8.11.1/transforms/79b1d8448136953d4e0dfaff9dad0c06/transformed/jetified-common-9.8.7-runtime.jar: R8: Expected stack map table for method with non-linear control flow. In later version of R8, the method may be assumed not reachable.
WARNING: /home/toph/.gradle/caches/8.11.1/transforms/79b1d8448136953d4e0dfaff9dad0c06/transformed/jetified-common-9.8.7-runtime.jar: R8: Expected stack map table for method with non-linear control flow. In later version of R8, the method may be assumed not reachable.
WARNING: /home/toph/.gradle/caches/8.11.1/transforms/79b1d8448136953d4e0dfaff9dad0c06/transformed/jetified-common-9.8.7-runtime.jar: R8: Expected stack map table for method with non-linear control flow. In later version of R8, the method may be assumed not reachable.
WARNING: /home/toph/.gradle/caches/8.11.1/transforms/79b1d8448136953d4e0dfaff9dad0c06/transformed/jetified-common-9.8.7-runtime.jar: R8: Expected stack map table for method with non-linear control flow. In later version of R8, the method may be assumed not reachable.
WARNING: /home/toph/.gradle/caches/8.11.1/transforms/79b1d8448136953d4e0dfaff9dad0c06/transformed/jetified-common-9.8.7-runtime.jar: R8: Expected stack map table for method with non-linear control flow. In later version of R8, the method may be assumed not reachable.
WARNING: /home/toph/.gradle/caches/8.11.1/transforms/79b1d8448136953d4e0dfaff9dad0c06/transformed/jetified-common-9.8.7-runtime.jar: R8: Expected stack map table for method with non-linear control flow. In later version of R8, the method may be assumed not reachable.
WARNING: /home/toph/.gradle/caches/8.11.1/transforms/79b1d8448136953d4e0dfaff9dad0c06/transformed/jetified-common-9.8.7-runtime.jar: R8: Expected stack map table for method with non-linear control flow. In later version of R8, the method may be assumed not reachable.
WARNING: /home/toph/.gradle/caches/8.11.1/transforms/79b1d8448136953d4e0dfaff9dad0c06/transformed/jetified-common-9.8.7-runtime.jar: R8: Expected stack map table for method with non-linear control flow. In later version of R8, the method may be assumed not reachable.
WARNING: /home/toph/.gradle/caches/8.11.1/transforms/79b1d8448136953d4e0dfaff9dad0c06/transformed/jetified-common-9.8.7-runtime.jar: R8: Expected stack map table for method with non-linear control flow. In later version of R8, the method may be assumed not reachable.
WARNING: /home/toph/.gradle/caches/8.11.1/transforms/79b1d8448136953d4e0dfaff9dad0c06/transformed/jetified-common-9.8.7-runtime.jar: R8: Expected stack map table for method with non-linear control flow. In later version of R8, the method may be assumed not reachable.
WARNING: /home/toph/.gradle/caches/8.11.1/transforms/79b1d8448136953d4e0dfaff9dad0c06/transformed/jetified-common-9.8.7-runtime.jar: R8: Expected stack map table for method with non-linear control flow. In later version of R8, the method may be assumed not reachable.
WARNING: /home/toph/.gradle/caches/8.11.1/transforms/79b1d8448136953d4e0dfaff9dad0c06/transformed/jetified-common-9.8.7-runtime.jar: R8: Expected stack map table for method with non-linear control flow. In later version of R8, the method may be assumed not reachable.
WARNING: /home/toph/.gradle/caches/8.11.1/transforms/79b1d8448136953d4e0dfaff9dad0c06/transformed/jetified-common-9.8.7-runtime.jar: R8: Expected stack map table for method with non-linear control flow. In later version of R8, the method may be assumed not reachable.
WARNING: /home/toph/.gradle/caches/8.11.1/transforms/79b1d8448136953d4e0dfaff9dad0c06/transformed/jetified-common-9.8.7-runtime.jar: R8: Expected stack map table for method with non-linear control flow. In later version of R8, the method may be assumed not reachable.
WARNING: /home/toph/.gradle/caches/8.11.1/transforms/79b1d8448136953d4e0dfaff9dad0c06/transformed/jetified-common-9.8.7-runtime.jar: R8: Expected stack map table for method with non-linear control flow. In later version of R8, the method may be assumed not reachable.
WARNING: /home/toph/.gradle/caches/8.11.1/transforms/79b1d8448136953d4e0dfaff9dad0c06/transformed/jetified-common-9.8.7-runtime.jar: R8: Expected stack map table for method with non-linear control flow. In later version of R8, the method may be assumed not reachable.
WARNING: /home/toph/.gradle/caches/8.11.1/transforms/79b1d8448136953d4e0dfaff9dad0c06/transformed/jetified-common-9.8.7-runtime.jar: R8: Expected stack map table for method with non-linear control flow. In later version of R8, the method may be assumed not reachable.
WARNING: /home/toph/.gradle/caches/8.11.1/transforms/79b1d8448136953d4e0dfaff9dad0c06/transformed/jetified-common-9.8.7-runtime.jar: R8: Expected stack map table for method with non-linear control flow. In later version of R8, the method may be assumed not reachable.
WARNING: /home/toph/.gradle/caches/8.11.1/transforms/79b1d8448136953d4e0dfaff9dad0c06/transformed/jetified-common-9.8.7-runtime.jar: R8: Expected stack map table for method with non-linear control flow. In later version of R8, the method may be assumed not reachable.
WARNING: /home/toph/.gradle/caches/8.11.1/transforms/79b1d8448136953d4e0dfaff9dad0c06/transformed/jetified-common-9.8.7-runtime.jar: R8: Expected stack map table for method with non-linear control flow. In later version of R8, the method may be assumed not reachable.
WARNING: /home/toph/.gradle/caches/8.11.1/transforms/79b1d8448136953d4e0dfaff9dad0c06/transformed/jetified-common-9.8.7-runtime.jar: R8: Expected stack map table for method with non-linear control flow. In later version of R8, the method may be assumed not reachable.
WARNING: /home/toph/.gradle/caches/8.11.1/transforms/79b1d8448136953d4e0dfaff9dad0c06/transformed/jetified-common-9.8.7-runtime.jar: R8: Expected stack map table for method with non-linear control flow. In later version of R8, the method may be assumed not reachable.
WARNING: /home/toph/.gradle/caches/8.11.1/transforms/79b1d8448136953d4e0dfaff9dad0c06/transformed/jetified-common-9.8.7-runtime.jar: R8: Expected stack map table for method with non-linear control flow. In later version of R8, the method may be assumed not reachable.
WARNING: /home/toph/.gradle/caches/8.11.1/transforms/79b1d8448136953d4e0dfaff9dad0c06/transformed/jetified-common-9.8.7-runtime.jar: R8: Expected stack map table for method with non-linear control flow. In later version of R8, the method may be assumed not reachable.
WARNING: /home/toph/.gradle/caches/8.11.1/transforms/79b1d8448136953d4e0dfaff9dad0c06/transformed/jetified-common-9.8.7-runtime.jar: R8: Expected stack map table for method with non-linear control flow. In later version of R8, the method may be assumed not reachable.
WARNING: /home/toph/.gradle/caches/8.11.1/transforms/79b1d8448136953d4e0dfaff9dad0c06/transformed/jetified-common-9.8.7-runtime.jar: R8: Expected stack map table for method with non-linear control flow. In later version of R8, the method may be assumed not reachable.
WARNING: /home/toph/.gradle/caches/8.11.1/transforms/79b1d8448136953d4e0dfaff9dad0c06/transformed/jetified-common-9.8.7-runtime.jar: R8: Expected stack map table for method with non-linear control flow. In later version of R8, the method may be assumed not reachable.
WARNING: /home/toph/.gradle/caches/8.11.1/transforms/79b1d8448136953d4e0dfaff9dad0c06/transformed/jetified-common-9.8.7-runtime.jar: R8: Expected stack map table for method with non-linear control flow. In later version of R8, the method may be assumed not reachable.
WARNING: /home/toph/.gradle/caches/8.11.1/transforms/79b1d8448136953d4e0dfaff9dad0c06/transformed/jetified-common-9.8.7-runtime.jar: R8: Expected stack map table for method with non-linear control flow. In later version of R8, the method may be assumed not reachable.
WARNING: /home/toph/.gradle/caches/8.11.1/transforms/79b1d8448136953d4e0dfaff9dad0c06/transformed/jetified-common-9.8.7-runtime.jar: R8: Expected stack map table for method with non-linear control flow. In later version of R8, the method may be assumed not reachable.
WARNING: /home/toph/.gradle/caches/8.11.1/transforms/79b1d8448136953d4e0dfaff9dad0c06/transformed/jetified-common-9.8.7-runtime.jar: R8: Expected stack map table for method with non-linear control flow. In later version of R8, the method may be assumed not reachable.
WARNING: /home/toph/.gradle/caches/8.11.1/transforms/79b1d8448136953d4e0dfaff9dad0c06/transformed/jetified-common-9.8.7-runtime.jar: R8: Expected stack map table for method with non-linear control flow. In later version of R8, the method may be assumed not reachable.
WARNING: /home/toph/.gradle/caches/8.11.1/transforms/79b1d8448136953d4e0dfaff9dad0c06/transformed/jetified-common-9.8.7-runtime.jar: R8: Expected stack map table for method with non-linear control flow. In later version of R8, the method may be assumed not reachable.
WARNING: /home/toph/.gradle/caches/8.11.1/transforms/79b1d8448136953d4e0dfaff9dad0c06/transformed/jetified-common-9.8.7-runtime.jar: R8: Expected stack map table for method with non-linear control flow. In later version of R8, the method may be assumed not reachable.
WARNING: /home/toph/.gradle/caches/8.11.1/transforms/79b1d8448136953d4e0dfaff9dad0c06/transformed/jetified-common-9.8.7-runtime.jar: R8: Expected stack map table for method with non-linear control flow. In later version of R8, the method may be assumed not reachable.
WARNING: /home/toph/.gradle/caches/8.11.1/transforms/79b1d8448136953d4e0dfaff9dad0c06/transformed/jetified-common-9.8.7-runtime.jar: R8: Expected stack map table for method with non-linear control flow. In later version of R8, the method may be assumed not reachable.
WARNING: /home/toph/.gradle/caches/8.11.1/transforms/79b1d8448136953d4e0dfaff9dad0c06/transformed/jetified-common-9.8.7-runtime.jar: R8: Expected stack map table for method with non-linear control flow. In later version of R8, the method may be assumed not reachable.
WARNING: /home/toph/.gradle/caches/8.11.1/transforms/79b1d8448136953d4e0dfaff9dad0c06/transformed/jetified-common-9.8.7-runtime.jar: R8: Expected stack map table for method with non-linear control flow. In later version of R8, the method may be assumed not reachable.
WARNING: /home/toph/.gradle/caches/8.11.1/transforms/79b1d8448136953d4e0dfaff9dad0c06/transformed/jetified-common-9.8.7-runtime.jar: R8: Expected stack map table for method with non-linear control flow. In later version of R8, the method may be assumed not reachable.
WARNING: /home/toph/.gradle/caches/8.11.1/transforms/79b1d8448136953d4e0dfaff9dad0c06/transformed/jetified-common-9.8.7-runtime.jar: R8: Expected stack map table for method with non-linear control flow. In later version of R8, the method may be assumed not reachable.
WARNING: /home/toph/.gradle/caches/8.11.1/transforms/79b1d8448136953d4e0dfaff9dad0c06/transformed/jetified-common-9.8.7-runtime.jar: R8: Expected stack map table for method with non-linear control flow. In later version of R8, the method may be assumed not reachable.
WARNING: /home/toph/.gradle/caches/8.11.1/transforms/79b1d8448136953d4e0dfaff9dad0c06/transformed/jetified-common-9.8.7-runtime.jar: R8: Expected stack map table for method with non-linear control flow. In later version of R8, the method may be assumed not reachable.
WARNING: /home/toph/.gradle/caches/8.11.1/transforms/79b1d8448136953d4e0dfaff9dad0c06/transformed/jetified-common-9.8.7-runtime.jar: R8: Expected stack map table for method with non-linear control flow. In later version of R8, the method may be assumed not reachable.
WARNING: /home/toph/.gradle/caches/8.11.1/transforms/79b1d8448136953d4e0dfaff9dad0c06/transformed/jetified-common-9.8.7-runtime.jar: R8: Expected stack map table for method with non-linear control flow. In later version of R8, the method may be assumed not reachable.
WARNING: /home/toph/.gradle/caches/8.11.1/transforms/79b1d8448136953d4e0dfaff9dad0c06/transformed/jetified-common-9.8.7-runtime.jar: R8: Expected stack map table for method with non-linear control flow. In later version of R8, the method may be assumed not reachable.
WARNING: /home/toph/.gradle/caches/8.11.1/transforms/79b1d8448136953d4e0dfaff9dad0c06/transformed/jetified-common-9.8.7-runtime.jar: R8: Expected stack map table for method with non-linear control flow. In later version of R8, the method may be assumed not reachable.
WARNING: /home/toph/.gradle/caches/8.11.1/transforms/79b1d8448136953d4e0dfaff9dad0c06/transformed/jetified-common-9.8.7-runtime.jar: R8: Expected stack map table for method with non-linear control flow. In later version of R8, the method may be assumed not reachable.
WARNING: /home/toph/.gradle/caches/8.11.1/transforms/79b1d8448136953d4e0dfaff9dad0c06/transformed/jetified-common-9.8.7-runtime.jar: R8: Expected stack map table for method with non-linear control flow. In later version of R8, the method may be assumed not reachable.
WARNING: /home/toph/.gradle/caches/8.11.1/transforms/79b1d8448136953d4e0dfaff9dad0c06/transformed/jetified-common-9.8.7-runtime.jar: R8: Expected stack map table for method with non-linear control flow. In later version of R8, the method may be assumed not reachable.
WARNING: /home/toph/.gradle/caches/8.11.1/transforms/79b1d8448136953d4e0dfaff9dad0c06/transformed/jetified-common-9.8.7-runtime.jar: R8: Expected stack map table for method with non-linear control flow. In later version of R8, the method may be assumed not reachable.
WARNING: /home/toph/.gradle/caches/8.11.1/transforms/79b1d8448136953d4e0dfaff9dad0c06/transformed/jetified-common-9.8.7-runtime.jar: R8: Expected stack map table for method with non-linear control flow. In later version of R8, the method may be assumed not reachable.
WARNING: /home/toph/.gradle/caches/8.11.1/transforms/79b1d8448136953d4e0dfaff9dad0c06/transformed/jetified-common-9.8.7-runtime.jar: R8: Expected stack map table for method with non-linear control flow. In later version of R8, the method may be assumed not reachable.
WARNING: /home/toph/.gradle/caches/8.11.1/transforms/79b1d8448136953d4e0dfaff9dad0c06/transformed/jetified-common-9.8.7-runtime.jar: R8: Expected stack map table for method with non-linear control flow. In later version of R8, the method may be assumed not reachable.
WARNING: /home/toph/.gradle/caches/8.11.1/transforms/79b1d8448136953d4e0dfaff9dad0c06/transformed/jetified-common-9.8.7-runtime.jar: R8: Expected stack map table for method with non-linear control flow. In later version of R8, the method may be assumed not reachable.
WARNING: /home/toph/.gradle/caches/8.11.1/transforms/79b1d8448136953d4e0dfaff9dad0c06/transformed/jetified-common-9.8.7-runtime.jar: R8: Expected stack map table for method with non-linear control flow. In later version of R8, the method may be assumed not reachable.
WARNING: /home/toph/.gradle/caches/8.11.1/transforms/79b1d8448136953d4e0dfaff9dad0c06/transformed/jetified-common-9.8.7-runtime.jar: R8: Expected stack map table for method with non-linear control flow. In later version of R8, the method may be assumed not reachable.
WARNING: /home/toph/.gradle/caches/8.11.1/transforms/79b1d8448136953d4e0dfaff9dad0c06/transformed/jetified-common-9.8.7-runtime.jar: R8: Expected stack map table for method with non-linear control flow. In later version of R8, the method may be assumed not reachable.
WARNING: /home/toph/.gradle/caches/8.11.1/transforms/79b1d8448136953d4e0dfaff9dad0c06/transformed/jetified-common-9.8.7-runtime.jar: R8: Expected stack map table for method with non-linear control flow. In later version of R8, the method may be assumed not reachable.
WARNING: /home/toph/.gradle/caches/8.11.1/transforms/79b1d8448136953d4e0dfaff9dad0c06/transformed/jetified-common-9.8.7-runtime.jar: R8: Expected stack map table for method with non-linear control flow. In later version of R8, the method may be assumed not reachable.
WARNING: /home/toph/.gradle/caches/8.11.1/transforms/79b1d8448136953d4e0dfaff9dad0c06/transformed/jetified-common-9.8.7-runtime.jar: R8: Expected stack map table for method with non-linear control flow. In later version of R8, the method may be assumed not reachable.
WARNING: /home/toph/.gradle/caches/8.11.1/transforms/79b1d8448136953d4e0dfaff9dad0c06/transformed/jetified-common-9.8.7-runtime.jar: R8: Expected stack map table for method with non-linear control flow. In later version of R8, the method may be assumed not reachable.
WARNING: /home/toph/.gradle/caches/8.11.1/transforms/79b1d8448136953d4e0dfaff9dad0c06/transformed/jetified-common-9.8.7-runtime.jar: R8: Expected stack map table for method with non-linear control flow. In later version of R8, the method may be assumed not reachable.
WARNING: /home/toph/.gradle/caches/8.11.1/transforms/79b1d8448136953d4e0dfaff9dad0c06/transformed/jetified-common-9.8.7-runtime.jar: R8: Expected stack map table for method with non-linear control flow. In later version of R8, the method may be assumed not reachable.
WARNING: /home/toph/.gradle/caches/8.11.1/transforms/79b1d8448136953d4e0dfaff9dad0c06/transformed/jetified-common-9.8.7-runtime.jar: R8: Expected stack map table for method with non-linear control flow. In later version of R8, the method may be assumed not reachable.
WARNING: /home/toph/.gradle/caches/8.11.1/transforms/79b1d8448136953d4e0dfaff9dad0c06/transformed/jetified-common-9.8.7-runtime.jar: R8: Expected stack map table for method with non-linear control flow. In later version of R8, the method may be assumed not reachable.
WARNING: /home/toph/.gradle/caches/8.11.1/transforms/79b1d8448136953d4e0dfaff9dad0c06/transformed/jetified-common-9.8.7-runtime.jar: R8: Expected stack map table for method with non-linear control flow. In later version of R8, the method may be assumed not reachable.
WARNING: /home/toph/.gradle/caches/8.11.1/transforms/79b1d8448136953d4e0dfaff9dad0c06/transformed/jetified-common-9.8.7-runtime.jar: R8: Expected stack map table for method with non-linear control flow. In later version of R8, the method may be assumed not reachable.
WARNING: /home/toph/.gradle/caches/8.11.1/transforms/79b1d8448136953d4e0dfaff9dad0c06/transformed/jetified-common-9.8.7-runtime.jar: R8: Expected stack map table for method with non-linear control flow. In later version of R8, the method may be assumed not reachable.
WARNING: /home/toph/.gradle/caches/8.11.1/transforms/79b1d8448136953d4e0dfaff9dad0c06/transformed/jetified-common-9.8.7-runtime.jar: R8: Expected stack map table for method with non-linear control flow. In later version of R8, the method may be assumed not reachable.
WARNING: /home/toph/.gradle/caches/8.11.1/transforms/79b1d8448136953d4e0dfaff9dad0c06/transformed/jetified-common-9.8.7-runtime.jar: R8: Expected stack map table for method with non-linear control flow. In later version of R8, the method may be assumed not reachable.
WARNING: /home/toph/.gradle/caches/8.11.1/transforms/79b1d8448136953d4e0dfaff9dad0c06/transformed/jetified-common-9.8.7-runtime.jar: R8: Expected stack map table for method with non-linear control flow. In later version of R8, the method may be assumed not reachable.
WARNING: /home/toph/.gradle/caches/8.11.1/transforms/79b1d8448136953d4e0dfaff9dad0c06/transformed/jetified-common-9.8.7-runtime.jar: R8: Expected stack map table for method with non-linear control flow. In later version of R8, the method may be assumed not reachable.
WARNING: /home/toph/.gradle/caches/8.11.1/transforms/79b1d8448136953d4e0dfaff9dad0c06/transformed/jetified-common-9.8.7-runtime.jar: R8: Expected stack map table for method with non-linear control flow. In later version of R8, the method may be assumed not reachable.
WARNING: /home/toph/.gradle/caches/8.11.1/transforms/79b1d8448136953d4e0dfaff9dad0c06/transformed/jetified-common-9.8.7-runtime.jar: R8: Expected stack map table for method with non-linear control flow. In later version of R8, the method may be assumed not reachable.
WARNING: /home/toph/.gradle/caches/8.11.1/transforms/79b1d8448136953d4e0dfaff9dad0c06/transformed/jetified-common-9.8.7-runtime.jar: R8: Expected stack map table for method with non-linear control flow. In later version of R8, the method may be assumed not reachable.
WARNING: /home/toph/.gradle/caches/8.11.1/transforms/79b1d8448136953d4e0dfaff9dad0c06/transformed/jetified-common-9.8.7-runtime.jar: R8: Expected stack map table for method with non-linear control flow. In later version of R8, the method may be assumed not reachable.
WARNING: /home/toph/.gradle/caches/8.11.1/transforms/79b1d8448136953d4e0dfaff9dad0c06/transformed/jetified-common-9.8.7-runtime.jar: R8: Expected stack map table for method with non-linear control flow. In later version of R8, the method may be assumed not reachable.
WARNING: /home/toph/.gradle/caches/8.11.1/transforms/79b1d8448136953d4e0dfaff9dad0c06/transformed/jetified-common-9.8.7-runtime.jar: R8: Expected stack map table for method with non-linear control flow. In later version of R8, the method may be assumed not reachable.
WARNING: /home/toph/.gradle/caches/8.11.1/transforms/79b1d8448136953d4e0dfaff9dad0c06/transformed/jetified-common-9.8.7-runtime.jar: R8: Expected stack map table for method with non-linear control flow. In later version of R8, the method may be assumed not reachable.
WARNING: /home/toph/.gradle/caches/8.11.1/transforms/79b1d8448136953d4e0dfaff9dad0c06/transformed/jetified-common-9.8.7-runtime.jar: R8: Expected stack map table for method with non-linear control flow. In later version of R8, the method may be assumed not reachable.
WARNING: /home/toph/.gradle/caches/8.11.1/transforms/79b1d8448136953d4e0dfaff9dad0c06/transformed/jetified-common-9.8.7-runtime.jar: R8: Expected stack map table for method with non-linear control flow. In later version of R8, the method may be assumed not reachable.
WARNING: /home/toph/.gradle/caches/8.11.1/transforms/79b1d8448136953d4e0dfaff9dad0c06/transformed/jetified-common-9.8.7-runtime.jar: R8: Expected stack map table for method with non-linear control flow. In later version of R8, the method may be assumed not reachable.
WARNING: /home/toph/.gradle/caches/8.11.1/transforms/79b1d8448136953d4e0dfaff9dad0c06/transformed/jetified-common-9.8.7-runtime.jar: R8: Expected stack map table for method with non-linear control flow. In later version of R8, the method may be assumed not reachable.
WARNING: /home/toph/.gradle/caches/8.11.1/transforms/79b1d8448136953d4e0dfaff9dad0c06/transformed/jetified-common-9.8.7-runtime.jar: R8: Expected stack map table for method with non-linear control flow. In later version of R8, the method may be assumed not reachable.
WARNING: /home/toph/.gradle/caches/8.11.1/transforms/79b1d8448136953d4e0dfaff9dad0c06/transformed/jetified-common-9.8.7-runtime.jar: R8: Expected stack map table for method with non-linear control flow. In later version of R8, the method may be assumed not reachable.
WARNING: /home/toph/.gradle/caches/8.11.1/transforms/79b1d8448136953d4e0dfaff9dad0c06/transformed/jetified-common-9.8.7-runtime.jar: R8: Expected stack map table for method with non-linear control flow. In later version of R8, the method may be assumed not reachable.
WARNING: /home/toph/.gradle/caches/8.11.1/transforms/79b1d8448136953d4e0dfaff9dad0c06/transformed/jetified-common-9.8.7-runtime.jar: R8: Expected stack map table for method with non-linear control flow. In later version of R8, the method may be assumed not reachable.
WARNING: /home/toph/.gradle/caches/8.11.1/transforms/79b1d8448136953d4e0dfaff9dad0c06/transformed/jetified-common-9.8.7-runtime.jar: R8: Expected stack map table for method with non-linear control flow. In later version of R8, the method may be assumed not reachable.
WARNING: /home/toph/.gradle/caches/8.11.1/transforms/79b1d8448136953d4e0dfaff9dad0c06/transformed/jetified-common-9.8.7-runtime.jar: R8: Expected stack map table for method with non-linear control flow. In later version of R8, the method may be assumed not reachable.
WARNING: /home/toph/.gradle/caches/8.11.1/transforms/79b1d8448136953d4e0dfaff9dad0c06/transformed/jetified-common-9.8.7-runtime.jar: R8: Expected stack map table for method with non-linear control flow. In later version of R8, the method may be assumed not reachable.
WARNING: /home/toph/.gradle/caches/8.11.1/transforms/79b1d8448136953d4e0dfaff9dad0c06/transformed/jetified-common-9.8.7-runtime.jar: R8: Expected stack map table for method with non-linear control flow. In later version of R8, the method may be assumed not reachable.
WARNING: /home/toph/.gradle/caches/8.11.1/transforms/79b1d8448136953d4e0dfaff9dad0c06/transformed/jetified-common-9.8.7-runtime.jar: R8: Expected stack map table for method with non-linear control flow. In later version of R8, the method may be assumed not reachable.
WARNING: /home/toph/.gradle/caches/8.11.1/transforms/79b1d8448136953d4e0dfaff9dad0c06/transformed/jetified-common-9.8.7-runtime.jar: R8: Expected stack map table for method with non-linear control flow. In later version of R8, the method may be assumed not reachable.
WARNING: /home/toph/.gradle/caches/8.11.1/transforms/79b1d8448136953d4e0dfaff9dad0c06/transformed/jetified-common-9.8.7-runtime.jar: R8: Expected stack map table for method with non-linear control flow. In later version of R8, the method may be assumed not reachable.
WARNING: /home/toph/.gradle/caches/8.11.1/transforms/79b1d8448136953d4e0dfaff9dad0c06/transformed/jetified-common-9.8.7-runtime.jar: R8: Expected stack map table for method with non-linear control flow. In later version of R8, the method may be assumed not reachable.
WARNING: /home/toph/.gradle/caches/8.11.1/transforms/79b1d8448136953d4e0dfaff9dad0c06/transformed/jetified-common-9.8.7-runtime.jar: R8: Expected stack map table for method with non-linear control flow. In later version of R8, the method may be assumed not reachable.
WARNING: /home/toph/.gradle/caches/8.11.1/transforms/79b1d8448136953d4e0dfaff9dad0c06/transformed/jetified-common-9.8.7-runtime.jar: R8: Expected stack map table for method with non-linear control flow. In later version of R8, the method may be assumed not reachable.
WARNING: /home/toph/.gradle/caches/8.11.1/transforms/79b1d8448136953d4e0dfaff9dad0c06/transformed/jetified-common-9.8.7-runtime.jar: R8: Expected stack map table for method with non-linear control flow. In later version of R8, the method may be assumed not reachable.
WARNING: /home/toph/.gradle/caches/8.11.1/transforms/79b1d8448136953d4e0dfaff9dad0c06/transformed/jetified-common-9.8.7-runtime.jar: R8: Expected stack map table for method with non-linear control flow. In later version of R8, the method may be assumed not reachable.
WARNING: /home/toph/.gradle/caches/8.11.1/transforms/79b1d8448136953d4e0dfaff9dad0c06/transformed/jetified-common-9.8.7-runtime.jar: R8: Expected stack map table for method with non-linear control flow. In later version of R8, the method may be assumed not reachable.
WARNING: /home/toph/.gradle/caches/8.11.1/transforms/79b1d8448136953d4e0dfaff9dad0c06/transformed/jetified-common-9.8.7-runtime.jar: R8: Expected stack map table for method with non-linear control flow. In later version of R8, the method may be assumed not reachable.
WARNING: /home/toph/.gradle/caches/8.11.1/transforms/79b1d8448136953d4e0dfaff9dad0c06/transformed/jetified-common-9.8.7-runtime.jar: R8: Expected stack map table for method with non-linear control flow. In later version of R8, the method may be assumed not reachable.
WARNING: /home/toph/.gradle/caches/8.11.1/transforms/79b1d8448136953d4e0dfaff9dad0c06/transformed/jetified-common-9.8.7-runtime.jar: R8: Expected stack map table for method with non-linear control flow. In later version of R8, the method may be assumed not reachable.
WARNING: /home/toph/.gradle/caches/8.11.1/transforms/79b1d8448136953d4e0dfaff9dad0c06/transformed/jetified-common-9.8.7-runtime.jar: R8: Expected stack map table for method with non-linear control flow. In later version of R8, the method may be assumed not reachable.
WARNING: /home/toph/.gradle/caches/8.11.1/transforms/79b1d8448136953d4e0dfaff9dad0c06/transformed/jetified-common-9.8.7-runtime.jar: R8: Expected stack map table for method with non-linear control flow. In later version of R8, the method may be assumed not reachable.
WARNING: /home/toph/.gradle/caches/8.11.1/transforms/79b1d8448136953d4e0dfaff9dad0c06/transformed/jetified-common-9.8.7-runtime.jar: R8: Expected stack map table for method with non-linear control flow. In later version of R8, the method may be assumed not reachable.
WARNING: /home/toph/.gradle/caches/8.11.1/transforms/79b1d8448136953d4e0dfaff9dad0c06/transformed/jetified-common-9.8.7-runtime.jar: R8: Expected stack map table for method with non-linear control flow. In later version of R8, the method may be assumed not reachable.
WARNING: /home/toph/.gradle/caches/8.11.1/transforms/79b1d8448136953d4e0dfaff9dad0c06/transformed/jetified-common-9.8.7-runtime.jar: R8: Expected stack map table for method with non-linear control flow. In later version of R8, the method may be assumed not reachable.
WARNING: /home/toph/.gradle/caches/8.11.1/transforms/79b1d8448136953d4e0dfaff9dad0c06/transformed/jetified-common-9.8.7-runtime.jar: R8: Expected stack map table for method with non-linear control flow. In later version of R8, the method may be assumed not reachable.
WARNING: /home/toph/.gradle/caches/8.11.1/transforms/79b1d8448136953d4e0dfaff9dad0c06/transformed/jetified-common-9.8.7-runtime.jar: R8: Expected stack map table for method with non-linear control flow. In later version of R8, the method may be assumed not reachable.
WARNING: /home/toph/.gradle/caches/8.11.1/transforms/79b1d8448136953d4e0dfaff9dad0c06/transformed/jetified-common-9.8.7-runtime.jar: R8: Expected stack map table for method with non-linear control flow. In later version of R8, the method may be assumed not reachable.
WARNING: /home/toph/.gradle/caches/8.11.1/transforms/79b1d8448136953d4e0dfaff9dad0c06/transformed/jetified-common-9.8.7-runtime.jar: R8: Expected stack map table for method with non-linear control flow. In later version of R8, the method may be assumed not reachable.
WARNING: /home/toph/.gradle/caches/8.11.1/transforms/79b1d8448136953d4e0dfaff9dad0c06/transformed/jetified-common-9.8.7-runtime.jar: R8: Expected stack map table for method with non-linear control flow. In later version of R8, the method may be assumed not reachable.
WARNING: /home/toph/.gradle/caches/8.11.1/transforms/79b1d8448136953d4e0dfaff9dad0c06/transformed/jetified-common-9.8.7-runtime.jar: R8: Expected stack map table for method with non-linear control flow. In later version of R8, the method may be assumed not reachable.
WARNING: /home/toph/.gradle/caches/8.11.1/transforms/79b1d8448136953d4e0dfaff9dad0c06/transformed/jetified-common-9.8.7-runtime.jar: R8: Expected stack map table for method with non-linear control flow. In later version of R8, the method may be assumed not reachable.
WARNING: /home/toph/.gradle/caches/8.11.1/transforms/79b1d8448136953d4e0dfaff9dad0c06/transformed/jetified-common-9.8.7-runtime.jar: R8: Expected stack map table for method with non-linear control flow. In later version of R8, the method may be assumed not reachable.
WARNING: /home/toph/.gradle/caches/8.11.1/transforms/79b1d8448136953d4e0dfaff9dad0c06/transformed/jetified-common-9.8.7-runtime.jar: R8: Expected stack map table for method with non-linear control flow. In later version of R8, the method may be assumed not reachable.
WARNING: /home/toph/.gradle/caches/8.11.1/transforms/79b1d8448136953d4e0dfaff9dad0c06/transformed/jetified-common-9.8.7-runtime.jar: R8: Expected stack map table for method with non-linear control flow. In later version of R8, the method may be assumed not reachable.
WARNING: /home/toph/.gradle/caches/8.11.1/transforms/79b1d8448136953d4e0dfaff9dad0c06/transformed/jetified-common-9.8.7-runtime.jar: R8: Expected stack map table for method with non-linear control flow. In later version of R8, the method may be assumed not reachable.
WARNING: /home/toph/.gradle/caches/8.11.1/transforms/79b1d8448136953d4e0dfaff9dad0c06/transformed/jetified-common-9.8.7-runtime.jar: R8: Expected stack map table for method with non-linear control flow. In later version of R8, the method may be assumed not reachable.
WARNING: /home/toph/.gradle/caches/8.11.1/transforms/79b1d8448136953d4e0dfaff9dad0c06/transformed/jetified-common-9.8.7-runtime.jar: R8: Expected stack map table for method with non-linear control flow. In later version of R8, the method may be assumed not reachable.
WARNING: /home/toph/.gradle/caches/8.11.1/transforms/79b1d8448136953d4e0dfaff9dad0c06/transformed/jetified-common-9.8.7-runtime.jar: R8: Expected stack map table for method with non-linear control flow. In later version of R8, the method may be assumed not reachable.
WARNING: /home/toph/.gradle/caches/8.11.1/transforms/79b1d8448136953d4e0dfaff9dad0c06/transformed/jetified-common-9.8.7-runtime.jar: R8: Expected stack map table for method with non-linear control flow. In later version of R8, the method may be assumed not reachable.
WARNING: /home/toph/.gradle/caches/8.11.1/transforms/79b1d8448136953d4e0dfaff9dad0c06/transformed/jetified-common-9.8.7-runtime.jar: R8: Expected stack map table for method with non-linear control flow. In later version of R8, the method may be assumed not reachable.
WARNING: /home/toph/.gradle/caches/8.11.1/transforms/79b1d8448136953d4e0dfaff9dad0c06/transformed/jetified-common-9.8.7-runtime.jar: R8: Expected stack map table for method with non-linear control flow. In later version of R8, the method may be assumed not reachable.
WARNING: /home/toph/.gradle/caches/8.11.1/transforms/79b1d8448136953d4e0dfaff9dad0c06/transformed/jetified-common-9.8.7-runtime.jar: R8: Expected stack map table for method with non-linear control flow. In later version of R8, the method may be assumed not reachable.
WARNING: /home/toph/.gradle/caches/8.11.1/transforms/79b1d8448136953d4e0dfaff9dad0c06/transformed/jetified-common-9.8.7-runtime.jar: R8: Expected stack map table for method with non-linear control flow. In later version of R8, the method may be assumed not reachable.
WARNING: /home/toph/.gradle/caches/8.11.1/transforms/79b1d8448136953d4e0dfaff9dad0c06/transformed/jetified-common-9.8.7-runtime.jar: R8: Expected stack map table for method with non-linear control flow. In later version of R8, the method may be assumed not reachable.
WARNING: /home/toph/.gradle/caches/8.11.1/transforms/79b1d8448136953d4e0dfaff9dad0c06/transformed/jetified-common-9.8.7-runtime.jar: R8: Expected stack map table for method with non-linear control flow. In later version of R8, the method may be assumed not reachable.
WARNING: /home/toph/.gradle/caches/8.11.1/transforms/79b1d8448136953d4e0dfaff9dad0c06/transformed/jetified-common-9.8.7-runtime.jar: R8: Expected stack map table for method with non-linear control flow. In later version of R8, the method may be assumed not reachable.
WARNING: /home/toph/.gradle/caches/8.11.1/transforms/79b1d8448136953d4e0dfaff9dad0c06/transformed/jetified-common-9.8.7-runtime.jar: R8: Expected stack map table for method with non-linear control flow. In later version of R8, the method may be assumed not reachable.
WARNING: /home/toph/.gradle/caches/8.11.1/transforms/79b1d8448136953d4e0dfaff9dad0c06/transformed/jetified-common-9.8.7-runtime.jar: R8: Expected stack map table for method with non-linear control flow. In later version of R8, the method may be assumed not reachable.
WARNING: /home/toph/.gradle/caches/8.11.1/transforms/79b1d8448136953d4e0dfaff9dad0c06/transformed/jetified-common-9.8.7-runtime.jar: R8: Expected stack map table for method with non-linear control flow. In later version of R8, the method may be assumed not reachable.
WARNING: /home/toph/.gradle/caches/8.11.1/transforms/79b1d8448136953d4e0dfaff9dad0c06/transformed/jetified-common-9.8.7-runtime.jar: R8: Expected stack map table for method with non-linear control flow. In later version of R8, the method may be assumed not reachable.
WARNING: /home/toph/.gradle/caches/8.11.1/transforms/79b1d8448136953d4e0dfaff9dad0c06/transformed/jetified-common-9.8.7-runtime.jar: R8: Expected stack map table for method with non-linear control flow. In later version of R8, the method may be assumed not reachable.
WARNING: /home/toph/.gradle/caches/8.11.1/transforms/79b1d8448136953d4e0dfaff9dad0c06/transformed/jetified-common-9.8.7-runtime.jar: R8: Expected stack map table for method with non-linear control flow. In later version of R8, the method may be assumed not reachable.
WARNING: /home/toph/.gradle/caches/8.11.1/transforms/79b1d8448136953d4e0dfaff9dad0c06/transformed/jetified-common-9.8.7-runtime.jar: R8: Expected stack map table for method with non-linear control flow. In later version of R8, the method may be assumed not reachable.
WARNING: /home/toph/.gradle/caches/8.11.1/transforms/79b1d8448136953d4e0dfaff9dad0c06/transformed/jetified-common-9.8.7-runtime.jar: R8: Expected stack map table for method with non-linear control flow. In later version of R8, the method may be assumed not reachable.
WARNING: /home/toph/.gradle/caches/8.11.1/transforms/79b1d8448136953d4e0dfaff9dad0c06/transformed/jetified-common-9.8.7-runtime.jar: R8: Expected stack map table for method with non-linear control flow. In later version of R8, the method may be assumed not reachable.
WARNING: /home/toph/.gradle/caches/8.11.1/transforms/79b1d8448136953d4e0dfaff9dad0c06/transformed/jetified-common-9.8.7-runtime.jar: R8: Expected stack map table for method with non-linear control flow. In later version of R8, the method may be assumed not reachable.
WARNING: /home/toph/.gradle/caches/8.11.1/transforms/79b1d8448136953d4e0dfaff9dad0c06/transformed/jetified-common-9.8.7-runtime.jar: R8: Expected stack map table for method with non-linear control flow. In later version of R8, the method may be assumed not reachable.
WARNING: /home/toph/.gradle/caches/8.11.1/transforms/79b1d8448136953d4e0dfaff9dad0c06/transformed/jetified-common-9.8.7-runtime.jar: R8: Expected stack map table for method with non-linear control flow. In later version of R8, the method may be assumed not reachable.
WARNING: /home/toph/.gradle/caches/8.11.1/transforms/79b1d8448136953d4e0dfaff9dad0c06/transformed/jetified-common-9.8.7-runtime.jar: R8: Expected stack map table for method with non-linear control flow. In later version of R8, the method may be assumed not reachable.
WARNING: /home/toph/.gradle/caches/8.11.1/transforms/79b1d8448136953d4e0dfaff9dad0c06/transformed/jetified-common-9.8.7-runtime.jar: R8: Expected stack map table for method with non-linear control flow. In later version of R8, the method may be assumed not reachable.
WARNING: /home/toph/.gradle/caches/8.11.1/transforms/79b1d8448136953d4e0dfaff9dad0c06/transformed/jetified-common-9.8.7-runtime.jar: R8: Expected stack map table for method with non-linear control flow. In later version of R8, the method may be assumed not reachable.
WARNING: /home/toph/.gradle/caches/8.11.1/transforms/79b1d8448136953d4e0dfaff9dad0c06/transformed/jetified-common-9.8.7-runtime.jar: R8: Expected stack map table for method with non-linear control flow. In later version of R8, the method may be assumed not reachable.
WARNING: /home/toph/.gradle/caches/8.11.1/transforms/79b1d8448136953d4e0dfaff9dad0c06/transformed/jetified-common-9.8.7-runtime.jar: R8: Expected stack map table for method with non-linear control flow. In later version of R8, the method may be assumed not reachable.
WARNING: /home/toph/.gradle/caches/8.11.1/transforms/79b1d8448136953d4e0dfaff9dad0c06/transformed/jetified-common-9.8.7-runtime.jar: R8: Expected stack map table for method with non-linear control flow. In later version of R8, the method may be assumed not reachable.
WARNING: /home/toph/.gradle/caches/8.11.1/transforms/79b1d8448136953d4e0dfaff9dad0c06/transformed/jetified-common-9.8.7-runtime.jar: R8: Expected stack map table for method with non-linear control flow. In later version of R8, the method may be assumed not reachable.
WARNING: /home/toph/.gradle/caches/8.11.1/transforms/79b1d8448136953d4e0dfaff9dad0c06/transformed/jetified-common-9.8.7-runtime.jar: R8: Expected stack map table for method with non-linear control flow. In later version of R8, the method may be assumed not reachable.
WARNING: /home/toph/.gradle/caches/8.11.1/transforms/79b1d8448136953d4e0dfaff9dad0c06/transformed/jetified-common-9.8.7-runtime.jar: R8: Expected stack map table for method with non-linear control flow. In later version of R8, the method may be assumed not reachable.
WARNING: /home/toph/.gradle/caches/8.11.1/transforms/79b1d8448136953d4e0dfaff9dad0c06/transformed/jetified-common-9.8.7-runtime.jar: R8: Expected stack map table for method with non-linear control flow. In later version of R8, the method may be assumed not reachable.
WARNING: /home/toph/.gradle/caches/8.11.1/transforms/79b1d8448136953d4e0dfaff9dad0c06/transformed/jetified-common-9.8.7-runtime.jar: R8: Expected stack map table for method with non-linear control flow. In later version of R8, the method may be assumed not reachable.
WARNING: /home/toph/.gradle/caches/8.11.1/transforms/79b1d8448136953d4e0dfaff9dad0c06/transformed/jetified-common-9.8.7-runtime.jar: R8: Expected stack map table for method with non-linear control flow. In later version of R8, the method may be assumed not reachable.
WARNING: /home/toph/.gradle/caches/8.11.1/transforms/79b1d8448136953d4e0dfaff9dad0c06/transformed/jetified-common-9.8.7-runtime.jar: R8: Expected stack map table for method with non-linear control flow. In later version of R8, the method may be assumed not reachable.
WARNING: /home/toph/.gradle/caches/8.11.1/transforms/79b1d8448136953d4e0dfaff9dad0c06/transformed/jetified-common-9.8.7-runtime.jar: R8: Expected stack map table for method with non-linear control flow. In later version of R8, the method may be assumed not reachable.
WARNING: /home/toph/.gradle/caches/8.11.1/transforms/79b1d8448136953d4e0dfaff9dad0c06/transformed/jetified-common-9.8.7-runtime.jar: R8: Expected stack map table for method with non-linear control flow. In later version of R8, the method may be assumed not reachable.
WARNING: /home/toph/.gradle/caches/8.11.1/transforms/79b1d8448136953d4e0dfaff9dad0c06/transformed/jetified-common-9.8.7-runtime.jar: R8: Expected stack map table for method with non-linear control flow. In later version of R8, the method may be assumed not reachable.
WARNING: /home/toph/.gradle/caches/8.11.1/transforms/79b1d8448136953d4e0dfaff9dad0c06/transformed/jetified-common-9.8.7-runtime.jar: R8: Expected stack map table for method with non-linear control flow. In later version of R8, the method may be assumed not reachable.
WARNING: /home/toph/.gradle/caches/8.11.1/transforms/79b1d8448136953d4e0dfaff9dad0c06/transformed/jetified-common-9.8.7-runtime.jar: R8: Expected stack map table for method with non-linear control flow. In later version of R8, the method may be assumed not reachable.
WARNING: /home/toph/.gradle/caches/8.11.1/transforms/79b1d8448136953d4e0dfaff9dad0c06/transformed/jetified-common-9.8.7-runtime.jar: R8: Expected stack map table for method with non-linear control flow. In later version of R8, the method may be assumed not reachable.
WARNING: /home/toph/.gradle/caches/8.11.1/transforms/79b1d8448136953d4e0dfaff9dad0c06/transformed/jetified-common-9.8.7-runtime.jar: R8: Expected stack map table for method with non-linear control flow. In later version of R8, the method may be assumed not reachable.
WARNING: /home/toph/.gradle/caches/8.11.1/transforms/79b1d8448136953d4e0dfaff9dad0c06/transformed/jetified-common-9.8.7-runtime.jar: R8: Expected stack map table for method with non-linear control flow. In later version of R8, the method may be assumed not reachable.
WARNING: /home/toph/.gradle/caches/8.11.1/transforms/79b1d8448136953d4e0dfaff9dad0c06/transformed/jetified-common-9.8.7-runtime.jar: R8: Expected stack map table for method with non-linear control flow. In later version of R8, the method may be assumed not reachable.
WARNING: /home/toph/.gradle/caches/8.11.1/transforms/79b1d8448136953d4e0dfaff9dad0c06/transformed/jetified-common-9.8.7-runtime.jar: R8: Expected stack map table for method with non-linear control flow. In later version of R8, the method may be assumed not reachable.
WARNING: /home/toph/.gradle/caches/8.11.1/transforms/79b1d8448136953d4e0dfaff9dad0c06/transformed/jetified-common-9.8.7-runtime.jar: R8: Expected stack map table for method with non-linear control flow. In later version of R8, the method may be assumed not reachable.
WARNING: /home/toph/.gradle/caches/8.11.1/transforms/79b1d8448136953d4e0dfaff9dad0c06/transformed/jetified-common-9.8.7-runtime.jar: R8: Expected stack map table for method with non-linear control flow. In later version of R8, the method may be assumed not reachable.
WARNING: /home/toph/.gradle/caches/8.11.1/transforms/79b1d8448136953d4e0dfaff9dad0c06/transformed/jetified-common-9.8.7-runtime.jar: R8: Expected stack map table for method with non-linear control flow. In later version of R8, the method may be assumed not reachable.
WARNING: /home/toph/.gradle/caches/8.11.1/transforms/79b1d8448136953d4e0dfaff9dad0c06/transformed/jetified-common-9.8.7-runtime.jar: R8: Expected stack map table for method with non-linear control flow. In later version of R8, the method may be assumed not reachable.
WARNING: /home/toph/.gradle/caches/8.11.1/transforms/79b1d8448136953d4e0dfaff9dad0c06/transformed/jetified-common-9.8.7-runtime.jar: R8: Expected stack map table for method with non-linear control flow. In later version of R8, the method may be assumed not reachable.
WARNING: /home/toph/.gradle/caches/8.11.1/transforms/79b1d8448136953d4e0dfaff9dad0c06/transformed/jetified-common-9.8.7-runtime.jar: R8: Expected stack map table for method with non-linear control flow. In later version of R8, the method may be assumed not reachable.
WARNING: /home/toph/.gradle/caches/8.11.1/transforms/79b1d8448136953d4e0dfaff9dad0c06/transformed/jetified-common-9.8.7-runtime.jar: R8: Expected stack map table for method with non-linear control flow. In later version of R8, the method may be assumed not reachable.
WARNING: /home/toph/.gradle/caches/8.11.1/transforms/79b1d8448136953d4e0dfaff9dad0c06/transformed/jetified-common-9.8.7-runtime.jar: R8: Expected stack map table for method with non-linear control flow. In later version of R8, the method may be assumed not reachable.
WARNING: /home/toph/.gradle/caches/8.11.1/transforms/79b1d8448136953d4e0dfaff9dad0c06/transformed/jetified-common-9.8.7-runtime.jar: R8: Expected stack map table for method with non-linear control flow. In later version of R8, the method may be assumed not reachable.
WARNING: /home/toph/.gradle/caches/8.11.1/transforms/79b1d8448136953d4e0dfaff9dad0c06/transformed/jetified-common-9.8.7-runtime.jar: R8: Expected stack map table for method with non-linear control flow. In later version of R8, the method may be assumed not reachable.
WARNING: /home/toph/.gradle/caches/8.11.1/transforms/79b1d8448136953d4e0dfaff9dad0c06/transformed/jetified-common-9.8.7-runtime.jar: R8: Expected stack map table for method with non-linear control flow. In later version of R8, the method may be assumed not reachable.
WARNING: /home/toph/.gradle/caches/8.11.1/transforms/79b1d8448136953d4e0dfaff9dad0c06/transformed/jetified-common-9.8.7-runtime.jar: R8: Expected stack map table for method with non-linear control flow. In later version of R8, the method may be assumed not reachable.
WARNING: /home/toph/.gradle/caches/8.11.1/transforms/79b1d8448136953d4e0dfaff9dad0c06/transformed/jetified-common-9.8.7-runtime.jar: R8: Expected stack map table for method with non-linear control flow. In later version of R8, the method may be assumed not reachable.
WARNING: /home/toph/.gradle/caches/8.11.1/transforms/79b1d8448136953d4e0dfaff9dad0c06/transformed/jetified-common-9.8.7-runtime.jar: R8: Expected stack map table for method with non-linear control flow. In later version of R8, the method may be assumed not reachable.
WARNING: /home/toph/.gradle/caches/8.11.1/transforms/79b1d8448136953d4e0dfaff9dad0c06/transformed/jetified-common-9.8.7-runtime.jar: R8: Expected stack map table for method with non-linear control flow. In later version of R8, the method may be assumed not reachable.
WARNING: /home/toph/.gradle/caches/8.11.1/transforms/79b1d8448136953d4e0dfaff9dad0c06/transformed/jetified-common-9.8.7-runtime.jar: R8: Expected stack map table for method with non-linear control flow. In later version of R8, the method may be assumed not reachable.
WARNING: /home/toph/.gradle/caches/8.11.1/transforms/79b1d8448136953d4e0dfaff9dad0c06/transformed/jetified-common-9.8.7-runtime.jar: R8: Expected stack map table for method with non-linear control flow. In later version of R8, the method may be assumed not reachable.
WARNING: /home/toph/.gradle/caches/8.11.1/transforms/79b1d8448136953d4e0dfaff9dad0c06/transformed/jetified-common-9.8.7-runtime.jar: R8: Expected stack map table for method with non-linear control flow. In later version of R8, the method may be assumed not reachable.
WARNING: /home/toph/.gradle/caches/8.11.1/transforms/79b1d8448136953d4e0dfaff9dad0c06/transformed/jetified-common-9.8.7-runtime.jar: R8: Expected stack map table for method with non-linear control flow. In later version of R8, the method may be assumed not reachable.
WARNING: /home/toph/.gradle/caches/8.11.1/transforms/79b1d8448136953d4e0dfaff9dad0c06/transformed/jetified-common-9.8.7-runtime.jar: R8: Expected stack map table for method with non-linear control flow. In later version of R8, the method may be assumed not reachable.
WARNING: /home/toph/.gradle/caches/8.11.1/transforms/79b1d8448136953d4e0dfaff9dad0c06/transformed/jetified-common-9.8.7-runtime.jar: R8: Expected stack map table for method with non-linear control flow. In later version of R8, the method may be assumed not reachable.
WARNING: /home/toph/.gradle/caches/8.11.1/transforms/79b1d8448136953d4e0dfaff9dad0c06/transformed/jetified-common-9.8.7-runtime.jar: R8: Expected stack map table for method with non-linear control flow. In later version of R8, the method may be assumed not reachable.
WARNING: /home/toph/.gradle/caches/8.11.1/transforms/79b1d8448136953d4e0dfaff9dad0c06/transformed/jetified-common-9.8.7-runtime.jar: R8: Expected stack map table for method with non-linear control flow. In later version of R8, the method may be assumed not reachable.
WARNING: /home/toph/.gradle/caches/8.11.1/transforms/79b1d8448136953d4e0dfaff9dad0c06/transformed/jetified-common-9.8.7-runtime.jar: R8: Expected stack map table for method with non-linear control flow. In later version of R8, the method may be assumed not reachable.
WARNING: /home/toph/.gradle/caches/8.11.1/transforms/79b1d8448136953d4e0dfaff9dad0c06/transformed/jetified-common-9.8.7-runtime.jar: R8: Expected stack map table for method with non-linear control flow. In later version of R8, the method may be assumed not reachable.
WARNING: /home/toph/.gradle/caches/8.11.1/transforms/79b1d8448136953d4e0dfaff9dad0c06/transformed/jetified-common-9.8.7-runtime.jar: R8: Expected stack map table for method with non-linear control flow. In later version of R8, the method may be assumed not reachable.
WARNING: /home/toph/.gradle/caches/8.11.1/transforms/79b1d8448136953d4e0dfaff9dad0c06/transformed/jetified-common-9.8.7-runtime.jar: R8: Expected stack map table for method with non-linear control flow. In later version of R8, the method may be assumed not reachable.
WARNING: /home/toph/.gradle/caches/8.11.1/transforms/79b1d8448136953d4e0dfaff9dad0c06/transformed/jetified-common-9.8.7-runtime.jar: R8: Expected stack map table for method with non-linear control flow. In later version of R8, the method may be assumed not reachable.
WARNING: /home/toph/.gradle/caches/8.11.1/transforms/79b1d8448136953d4e0dfaff9dad0c06/transformed/jetified-common-9.8.7-runtime.jar: R8: Expected stack map table for method with non-linear control flow. In later version of R8, the method may be assumed not reachable.
WARNING: /home/toph/.gradle/caches/8.11.1/transforms/79b1d8448136953d4e0dfaff9dad0c06/transformed/jetified-common-9.8.7-runtime.jar: R8: Expected stack map table for method with non-linear control flow. In later version of R8, the method may be assumed not reachable.
WARNING: /home/toph/.gradle/caches/8.11.1/transforms/79b1d8448136953d4e0dfaff9dad0c06/transformed/jetified-common-9.8.7-runtime.jar: R8: Expected stack map table for method with non-linear control flow. In later version of R8, the method may be assumed not reachable.
WARNING: /home/toph/.gradle/caches/8.11.1/transforms/79b1d8448136953d4e0dfaff9dad0c06/transformed/jetified-common-9.8.7-runtime.jar: R8: Expected stack map table for method with non-linear control flow. In later version of R8, the method may be assumed not reachable.
WARNING: /home/toph/.gradle/caches/8.11.1/transforms/79b1d8448136953d4e0dfaff9dad0c06/transformed/jetified-common-9.8.7-runtime.jar: R8: Expected stack map table for method with non-linear control flow. In later version of R8, the method may be assumed not reachable.
WARNING: /home/toph/.gradle/caches/8.11.1/transforms/79b1d8448136953d4e0dfaff9dad0c06/transformed/jetified-common-9.8.7-runtime.jar: R8: Expected stack map table for method with non-linear control flow. In later version of R8, the method may be assumed not reachable.
WARNING: /home/toph/.gradle/caches/8.11.1/transforms/79b1d8448136953d4e0dfaff9dad0c06/transformed/jetified-common-9.8.7-runtime.jar: R8: Expected stack map table for method with non-linear control flow. In later version of R8, the method may be assumed not reachable.
WARNING: /home/toph/.gradle/caches/8.11.1/transforms/79b1d8448136953d4e0dfaff9dad0c06/transformed/jetified-common-9.8.7-runtime.jar: R8: Expected stack map table for method with non-linear control flow. In later version of R8, the method may be assumed not reachable.
WARNING: /home/toph/.gradle/caches/8.11.1/transforms/79b1d8448136953d4e0dfaff9dad0c06/transformed/jetified-common-9.8.7-runtime.jar: R8: Expected stack map table for method with non-linear control flow. In later version of R8, the method may be assumed not reachable.
WARNING: /home/toph/.gradle/caches/8.11.1/transforms/79b1d8448136953d4e0dfaff9dad0c06/transformed/jetified-common-9.8.7-runtime.jar: R8: Expected stack map table for method with non-linear control flow. In later version of R8, the method may be assumed not reachable.
WARNING: /home/toph/.gradle/caches/8.11.1/transforms/79b1d8448136953d4e0dfaff9dad0c06/transformed/jetified-common-9.8.7-runtime.jar: R8: Expected stack map table for method with non-linear control flow. In later version of R8, the method may be assumed not reachable.
WARNING: /home/toph/.gradle/caches/8.11.1/transforms/79b1d8448136953d4e0dfaff9dad0c06/transformed/jetified-common-9.8.7-runtime.jar: R8: Expected stack map table for method with non-linear control flow. In later version of R8, the method may be assumed not reachable.
WARNING: /home/toph/.gradle/caches/8.11.1/transforms/79b1d8448136953d4e0dfaff9dad0c06/transformed/jetified-common-9.8.7-runtime.jar: R8: Expected stack map table for method with non-linear control flow. In later version of R8, the method may be assumed not reachable.
WARNING: /home/toph/.gradle/caches/8.11.1/transforms/79b1d8448136953d4e0dfaff9dad0c06/transformed/jetified-common-9.8.7-runtime.jar: R8: Expected stack map table for method with non-linear control flow. In later version of R8, the method may be assumed not reachable.
WARNING: /home/toph/.gradle/caches/8.11.1/transforms/79b1d8448136953d4e0dfaff9dad0c06/transformed/jetified-common-9.8.7-runtime.jar: R8: Expected stack map table for method with non-linear control flow. In later version of R8, the method may be assumed not reachable.
WARNING: /home/toph/.gradle/caches/8.11.1/transforms/79b1d8448136953d4e0dfaff9dad0c06/transformed/jetified-common-9.8.7-runtime.jar: R8: Expected stack map table for method with non-linear control flow. In later version of R8, the method may be assumed not reachable.
WARNING: /home/toph/.gradle/caches/8.11.1/transforms/79b1d8448136953d4e0dfaff9dad0c06/transformed/jetified-common-9.8.7-runtime.jar: R8: Expected stack map table for method with non-linear control flow. In later version of R8, the method may be assumed not reachable.
WARNING: /home/toph/.gradle/caches/8.11.1/transforms/79b1d8448136953d4e0dfaff9dad0c06/transformed/jetified-common-9.8.7-runtime.jar: R8: Expected stack map table for method with non-linear control flow. In later version of R8, the method may be assumed not reachable.
WARNING: /home/toph/.gradle/caches/8.11.1/transforms/79b1d8448136953d4e0dfaff9dad0c06/transformed/jetified-common-9.8.7-runtime.jar: R8: Expected stack map table for method with non-linear control flow. In later version of R8, the method may be assumed not reachable.
WARNING: /home/toph/.gradle/caches/8.11.1/transforms/79b1d8448136953d4e0dfaff9dad0c06/transformed/jetified-common-9.8.7-runtime.jar: R8: Expected stack map table for method with non-linear control flow. In later version of R8, the method may be assumed not reachable.
WARNING: /home/toph/.gradle/caches/8.11.1/transforms/79b1d8448136953d4e0dfaff9dad0c06/transformed/jetified-common-9.8.7-runtime.jar: R8: Expected stack map table for method with non-linear control flow. In later version of R8, the method may be assumed not reachable.
WARNING: /home/toph/.gradle/caches/8.11.1/transforms/79b1d8448136953d4e0dfaff9dad0c06/transformed/jetified-common-9.8.7-runtime.jar: R8: Expected stack map table for method with non-linear control flow. In later version of R8, the method may be assumed not reachable.
WARNING: /home/toph/.gradle/caches/8.11.1/transforms/79b1d8448136953d4e0dfaff9dad0c06/transformed/jetified-common-9.8.7-runtime.jar: R8: Expected stack map table for method with non-linear control flow. In later version of R8, the method may be assumed not reachable.
WARNING: /home/toph/.gradle/caches/8.11.1/transforms/79b1d8448136953d4e0dfaff9dad0c06/transformed/jetified-common-9.8.7-runtime.jar: R8: Expected stack map table for method with non-linear control flow. In later version of R8, the method may be assumed not reachable.
WARNING: /home/toph/.gradle/caches/8.11.1/transforms/79b1d8448136953d4e0dfaff9dad0c06/transformed/jetified-common-9.8.7-runtime.jar: R8: Expected stack map table for method with non-linear control flow. In later version of R8, the method may be assumed not reachable.
WARNING: /home/toph/.gradle/caches/8.11.1/transforms/79b1d8448136953d4e0dfaff9dad0c06/transformed/jetified-common-9.8.7-runtime.jar: R8: Expected stack map table for method with non-linear control flow. In later version of R8, the method may be assumed not reachable.
WARNING: /home/toph/.gradle/caches/8.11.1/transforms/79b1d8448136953d4e0dfaff9dad0c06/transformed/jetified-common-9.8.7-runtime.jar: R8: Expected stack map table for method with non-linear control flow. In later version of R8, the method may be assumed not reachable.
WARNING: /home/toph/.gradle/caches/8.11.1/transforms/79b1d8448136953d4e0dfaff9dad0c06/transformed/jetified-common-9.8.7-runtime.jar: R8: Expected stack map table for method with non-linear control flow. In later version of R8, the method may be assumed not reachable.
WARNING: /home/toph/.gradle/caches/8.11.1/transforms/79b1d8448136953d4e0dfaff9dad0c06/transformed/jetified-common-9.8.7-runtime.jar: R8: Expected stack map table for method with non-linear control flow. In later version of R8, the method may be assumed not reachable.
WARNING: /home/toph/.gradle/caches/8.11.1/transforms/79b1d8448136953d4e0dfaff9dad0c06/transformed/jetified-common-9.8.7-runtime.jar: R8: Expected stack map table for method with non-linear control flow. In later version of R8, the method may be assumed not reachable.
WARNING: /home/toph/.gradle/caches/8.11.1/transforms/79b1d8448136953d4e0dfaff9dad0c06/transformed/jetified-common-9.8.7-runtime.jar: R8: Expected stack map table for method with non-linear control flow. In later version of R8, the method may be assumed not reachable.
WARNING: /home/toph/.gradle/caches/8.11.1/transforms/79b1d8448136953d4e0dfaff9dad0c06/transformed/jetified-common-9.8.7-runtime.jar: R8: Expected stack map table for method with non-linear control flow. In later version of R8, the method may be assumed not reachable.
WARNING: /home/toph/.gradle/caches/8.11.1/transforms/79b1d8448136953d4e0dfaff9dad0c06/transformed/jetified-common-9.8.7-runtime.jar: R8: Expected stack map table for method with non-linear control flow. In later version of R8, the method may be assumed not reachable.
WARNING: /home/toph/.gradle/caches/8.11.1/transforms/79b1d8448136953d4e0dfaff9dad0c06/transformed/jetified-common-9.8.7-runtime.jar: R8: Expected stack map table for method with non-linear control flow. In later version of R8, the method may be assumed not reachable.
WARNING: /home/toph/.gradle/caches/8.11.1/transforms/79b1d8448136953d4e0dfaff9dad0c06/transformed/jetified-common-9.8.7-runtime.jar: R8: Expected stack map table for method with non-linear control flow. In later version of R8, the method may be assumed not reachable.
WARNING: /home/toph/.gradle/caches/8.11.1/transforms/79b1d8448136953d4e0dfaff9dad0c06/transformed/jetified-common-9.8.7-runtime.jar: R8: Expected stack map table for method with non-linear control flow. In later version of R8, the method may be assumed not reachable.
WARNING: /home/toph/.gradle/caches/8.11.1/transforms/79b1d8448136953d4e0dfaff9dad0c06/transformed/jetified-common-9.8.7-runtime.jar: R8: Expected stack map table for method with non-linear control flow. In later version of R8, the method may be assumed not reachable.
WARNING: /home/toph/.gradle/caches/8.11.1/transforms/79b1d8448136953d4e0dfaff9dad0c06/transformed/jetified-common-9.8.7-runtime.jar: R8: Expected stack map table for method with non-linear control flow. In later version of R8, the method may be assumed not reachable.
WARNING: /home/toph/.gradle/caches/8.11.1/transforms/79b1d8448136953d4e0dfaff9dad0c06/transformed/jetified-common-9.8.7-runtime.jar: R8: Expected stack map table for method with non-linear control flow. In later version of R8, the method may be assumed not reachable.
WARNING: /home/toph/.gradle/caches/8.11.1/transforms/79b1d8448136953d4e0dfaff9dad0c06/transformed/jetified-common-9.8.7-runtime.jar: R8: Expected stack map table for method with non-linear control flow. In later version of R8, the method may be assumed not reachable.
WARNING: /home/toph/.gradle/caches/8.11.1/transforms/79b1d8448136953d4e0dfaff9dad0c06/transformed/jetified-common-9.8.7-runtime.jar: R8: Expected stack map table for method with non-linear control flow. In later version of R8, the method may be assumed not reachable.
WARNING: /home/toph/.gradle/caches/8.11.1/transforms/79b1d8448136953d4e0dfaff9dad0c06/transformed/jetified-common-9.8.7-runtime.jar: R8: Expected stack map table for method with non-linear control flow. In later version of R8, the method may be assumed not reachable.
WARNING: /home/toph/.gradle/caches/8.11.1/transforms/79b1d8448136953d4e0dfaff9dad0c06/transformed/jetified-common-9.8.7-runtime.jar: R8: Expected stack map table for method with non-linear control flow. In later version of R8, the method may be assumed not reachable.
WARNING: /home/toph/.gradle/caches/8.11.1/transforms/79b1d8448136953d4e0dfaff9dad0c06/transformed/jetified-common-9.8.7-runtime.jar: R8: Expected stack map table for method with non-linear control flow. In later version of R8, the method may be assumed not reachable.
WARNING: /home/toph/.gradle/caches/8.11.1/transforms/79b1d8448136953d4e0dfaff9dad0c06/transformed/jetified-common-9.8.7-runtime.jar: R8: Expected stack map table for method with non-linear control flow. In later version of R8, the method may be assumed not reachable.
WARNING: /home/toph/.gradle/caches/8.11.1/transforms/79b1d8448136953d4e0dfaff9dad0c06/transformed/jetified-common-9.8.7-runtime.jar: R8: Expected stack map table for method with non-linear control flow. In later version of R8, the method may be assumed not reachable.
WARNING: /home/toph/.gradle/caches/8.11.1/transforms/79b1d8448136953d4e0dfaff9dad0c06/transformed/jetified-common-9.8.7-runtime.jar: R8: Expected stack map table for method with non-linear control flow. In later version of R8, the method may be assumed not reachable.
WARNING: /home/toph/.gradle/caches/8.11.1/transforms/79b1d8448136953d4e0dfaff9dad0c06/transformed/jetified-common-9.8.7-runtime.jar: R8: Expected stack map table for method with non-linear control flow. In later version of R8, the method may be assumed not reachable.
WARNING: /home/toph/.gradle/caches/8.11.1/transforms/79b1d8448136953d4e0dfaff9dad0c06/transformed/jetified-common-9.8.7-runtime.jar: R8: Expected stack map table for method with non-linear control flow. In later version of R8, the method may be assumed not reachable.
WARNING: /home/toph/.gradle/caches/8.11.1/transforms/79b1d8448136953d4e0dfaff9dad0c06/transformed/jetified-common-9.8.7-runtime.jar: R8: Expected stack map table for method with non-linear control flow. In later version of R8, the method may be assumed not reachable.
WARNING: /home/toph/.gradle/caches/8.11.1/transforms/79b1d8448136953d4e0dfaff9dad0c06/transformed/jetified-common-9.8.7-runtime.jar: R8: Expected stack map table for method with non-linear control flow. In later version of R8, the method may be assumed not reachable.
WARNING: /home/toph/.gradle/caches/8.11.1/transforms/79b1d8448136953d4e0dfaff9dad0c06/transformed/jetified-common-9.8.7-runtime.jar: R8: Expected stack map table for method with non-linear control flow. In later version of R8, the method may be assumed not reachable.
WARNING: /home/toph/.gradle/caches/8.11.1/transforms/79b1d8448136953d4e0dfaff9dad0c06/transformed/jetified-common-9.8.7-runtime.jar: R8: Expected stack map table for method with non-linear control flow. In later version of R8, the method may be assumed not reachable.
WARNING: /home/toph/.gradle/caches/8.11.1/transforms/79b1d8448136953d4e0dfaff9dad0c06/transformed/jetified-common-9.8.7-runtime.jar: R8: Expected stack map table for method with non-linear control flow. In later version of R8, the method may be assumed not reachable.
WARNING: /home/toph/.gradle/caches/8.11.1/transforms/79b1d8448136953d4e0dfaff9dad0c06/transformed/jetified-common-9.8.7-runtime.jar: R8: Expected stack map table for method with non-linear control flow. In later version of R8, the method may be assumed not reachable.
WARNING: /home/toph/.gradle/caches/8.11.1/transforms/79b1d8448136953d4e0dfaff9dad0c06/transformed/jetified-common-9.8.7-runtime.jar: R8: Expected stack map table for method with non-linear control flow. In later version of R8, the method may be assumed not reachable.
WARNING: /home/toph/.gradle/caches/8.11.1/transforms/79b1d8448136953d4e0dfaff9dad0c06/transformed/jetified-common-9.8.7-runtime.jar: R8: Expected stack map table for method with non-linear control flow. In later version of R8, the method may be assumed not reachable.
WARNING: /home/toph/.gradle/caches/8.11.1/transforms/79b1d8448136953d4e0dfaff9dad0c06/transformed/jetified-common-9.8.7-runtime.jar: R8: Expected stack map table for method with non-linear control flow. In later version of R8, the method may be assumed not reachable.
WARNING: /home/toph/.gradle/caches/8.11.1/transforms/79b1d8448136953d4e0dfaff9dad0c06/transformed/jetified-common-9.8.7-runtime.jar: R8: Expected stack map table for method with non-linear control flow. In later version of R8, the method may be assumed not reachable.
WARNING: /home/toph/.gradle/caches/8.11.1/transforms/79b1d8448136953d4e0dfaff9dad0c06/transformed/jetified-common-9.8.7-runtime.jar: R8: Expected stack map table for method with non-linear control flow. In later version of R8, the method may be assumed not reachable.
WARNING: /home/toph/.gradle/caches/8.11.1/transforms/79b1d8448136953d4e0dfaff9dad0c06/transformed/jetified-common-9.8.7-runtime.jar: R8: Expected stack map table for method with non-linear control flow. In later version of R8, the method may be assumed not reachable.
WARNING: /home/toph/.gradle/caches/8.11.1/transforms/79b1d8448136953d4e0dfaff9dad0c06/transformed/jetified-common-9.8.7-runtime.jar: R8: Expected stack map table for method with non-linear control flow. In later version of R8, the method may be assumed not reachable.
WARNING: /home/toph/.gradle/caches/8.11.1/transforms/79b1d8448136953d4e0dfaff9dad0c06/transformed/jetified-common-9.8.7-runtime.jar: R8: Expected stack map table for method with non-linear control flow. In later version of R8, the method may be assumed not reachable.
WARNING: /home/toph/.gradle/caches/8.11.1/transforms/79b1d8448136953d4e0dfaff9dad0c06/transformed/jetified-common-9.8.7-runtime.jar: R8: Expected stack map table for method with non-linear control flow. In later version of R8, the method may be assumed not reachable.
WARNING: /home/toph/.gradle/caches/8.11.1/transforms/79b1d8448136953d4e0dfaff9dad0c06/transformed/jetified-common-9.8.7-runtime.jar: R8: Expected stack map table for method with non-linear control flow. In later version of R8, the method may be assumed not reachable.
WARNING: /home/toph/.gradle/caches/8.11.1/transforms/79b1d8448136953d4e0dfaff9dad0c06/transformed/jetified-common-9.8.7-runtime.jar: R8: Expected stack map table for method with non-linear control flow. In later version of R8, the method may be assumed not reachable.
WARNING: /home/toph/.gradle/caches/8.11.1/transforms/79b1d8448136953d4e0dfaff9dad0c06/transformed/jetified-common-9.8.7-runtime.jar: R8: Expected stack map table for method with non-linear control flow. In later version of R8, the method may be assumed not reachable.
WARNING: /home/toph/.gradle/caches/8.11.1/transforms/79b1d8448136953d4e0dfaff9dad0c06/transformed/jetified-common-9.8.7-runtime.jar: R8: Expected stack map table for method with non-linear control flow. In later version of R8, the method may be assumed not reachable.
WARNING: /home/toph/.gradle/caches/8.11.1/transforms/79b1d8448136953d4e0dfaff9dad0c06/transformed/jetified-common-9.8.7-runtime.jar: R8: Expected stack map table for method with non-linear control flow. In later version of R8, the method may be assumed not reachable.
WARNING: /home/toph/.gradle/caches/8.11.1/transforms/79b1d8448136953d4e0dfaff9dad0c06/transformed/jetified-common-9.8.7-runtime.jar: R8: Expected stack map table for method with non-linear control flow. In later version of R8, the method may be assumed not reachable.
WARNING: /home/toph/.gradle/caches/8.11.1/transforms/79b1d8448136953d4e0dfaff9dad0c06/transformed/jetified-common-9.8.7-runtime.jar: R8: Expected stack map table for method with non-linear control flow. In later version of R8, the method may be assumed not reachable.
WARNING: /home/toph/.gradle/caches/8.11.1/transforms/79b1d8448136953d4e0dfaff9dad0c06/transformed/jetified-common-9.8.7-runtime.jar: R8: Expected stack map table for method with non-linear control flow. In later version of R8, the method may be assumed not reachable.
WARNING: /home/toph/.gradle/caches/8.11.1/transforms/79b1d8448136953d4e0dfaff9dad0c06/transformed/jetified-common-9.8.7-runtime.jar: R8: Expected stack map table for method with non-linear control flow. In later version of R8, the method may be assumed not reachable.
WARNING: /home/toph/.gradle/caches/8.11.1/transforms/79b1d8448136953d4e0dfaff9dad0c06/transformed/jetified-common-9.8.7-runtime.jar: R8: Expected stack map table for method with non-linear control flow. In later version of R8, the method may be assumed not reachable.
WARNING: /home/toph/.gradle/caches/8.11.1/transforms/79b1d8448136953d4e0dfaff9dad0c06/transformed/jetified-common-9.8.7-runtime.jar: R8: Expected stack map table for method with non-linear control flow. In later version of R8, the method may be assumed not reachable.
WARNING: /home/toph/.gradle/caches/8.11.1/transforms/79b1d8448136953d4e0dfaff9dad0c06/transformed/jetified-common-9.8.7-runtime.jar: R8: Expected stack map table for method with non-linear control flow. In later version of R8, the method may be assumed not reachable.
WARNING: /home/toph/.gradle/caches/8.11.1/transforms/79b1d8448136953d4e0dfaff9dad0c06/transformed/jetified-common-9.8.7-runtime.jar: R8: Expected stack map table for method with non-linear control flow. In later version of R8, the method may be assumed not reachable.
WARNING: /home/toph/.gradle/caches/8.11.1/transforms/79b1d8448136953d4e0dfaff9dad0c06/transformed/jetified-common-9.8.7-runtime.jar: R8: Expected stack map table for method with non-linear control flow. In later version of R8, the method may be assumed not reachable.
WARNING: /home/toph/.gradle/caches/8.11.1/transforms/79b1d8448136953d4e0dfaff9dad0c06/transformed/jetified-common-9.8.7-runtime.jar: R8: Expected stack map table for method with non-linear control flow. In later version of R8, the method may be assumed not reachable.
WARNING: /home/toph/.gradle/caches/8.11.1/transforms/79b1d8448136953d4e0dfaff9dad0c06/transformed/jetified-common-9.8.7-runtime.jar: R8: Expected stack map table for method with non-linear control flow. In later version of R8, the method may be assumed not reachable.
WARNING: /home/toph/.gradle/caches/8.11.1/transforms/79b1d8448136953d4e0dfaff9dad0c06/transformed/jetified-common-9.8.7-runtime.jar: R8: Expected stack map table for method with non-linear control flow. In later version of R8, the method may be assumed not reachable.
WARNING: /home/toph/.gradle/caches/8.11.1/transforms/79b1d8448136953d4e0dfaff9dad0c06/transformed/jetified-common-9.8.7-runtime.jar: R8: Expected stack map table for method with non-linear control flow. In later version of R8, the method may be assumed not reachable.
WARNING: /home/toph/.gradle/caches/8.11.1/transforms/79b1d8448136953d4e0dfaff9dad0c06/transformed/jetified-common-9.8.7-runtime.jar: R8: Expected stack map table for method with non-linear control flow. In later version of R8, the method may be assumed not reachable.
WARNING: /home/toph/.gradle/caches/8.11.1/transforms/79b1d8448136953d4e0dfaff9dad0c06/transformed/jetified-common-9.8.7-runtime.jar: R8: Expected stack map table for method with non-linear control flow. In later version of R8, the method may be assumed not reachable.
WARNING: /home/toph/.gradle/caches/8.11.1/transforms/79b1d8448136953d4e0dfaff9dad0c06/transformed/jetified-common-9.8.7-runtime.jar: R8: Expected stack map table for method with non-linear control flow. In later version of R8, the method may be assumed not reachable.
WARNING: /home/toph/.gradle/caches/8.11.1/transforms/79b1d8448136953d4e0dfaff9dad0c06/transformed/jetified-common-9.8.7-runtime.jar: R8: Expected stack map table for method with non-linear control flow. In later version of R8, the method may be assumed not reachable.
WARNING: /home/toph/.gradle/caches/8.11.1/transforms/79b1d8448136953d4e0dfaff9dad0c06/transformed/jetified-common-9.8.7-runtime.jar: R8: Expected stack map table for method with non-linear control flow. In later version of R8, the method may be assumed not reachable.
WARNING: /home/toph/.gradle/caches/8.11.1/transforms/79b1d8448136953d4e0dfaff9dad0c06/transformed/jetified-common-9.8.7-runtime.jar: R8: Expected stack map table for method with non-linear control flow. In later version of R8, the method may be assumed not reachable.
WARNING: /home/toph/.gradle/caches/8.11.1/transforms/79b1d8448136953d4e0dfaff9dad0c06/transformed/jetified-common-9.8.7-runtime.jar: R8: Expected stack map table for method with non-linear control flow. In later version of R8, the method may be assumed not reachable.
WARNING: /home/toph/.gradle/caches/8.11.1/transforms/79b1d8448136953d4e0dfaff9dad0c06/transformed/jetified-common-9.8.7-runtime.jar: R8: Expected stack map table for method with non-linear control flow. In later version of R8, the method may be assumed not reachable.
WARNING: /home/toph/.gradle/caches/8.11.1/transforms/79b1d8448136953d4e0dfaff9dad0c06/transformed/jetified-common-9.8.7-runtime.jar: R8: Expected stack map table for method with non-linear control flow. In later version of R8, the method may be assumed not reachable.
WARNING: /home/toph/.gradle/caches/8.11.1/transforms/79b1d8448136953d4e0dfaff9dad0c06/transformed/jetified-common-9.8.7-runtime.jar: R8: Expected stack map table for method with non-linear control flow. In later version of R8, the method may be assumed not reachable.
WARNING: /home/toph/.gradle/caches/8.11.1/transforms/79b1d8448136953d4e0dfaff9dad0c06/transformed/jetified-common-9.8.7-runtime.jar: R8: Expected stack map table for method with non-linear control flow. In later version of R8, the method may be assumed not reachable.
WARNING: /home/toph/.gradle/caches/8.11.1/transforms/79b1d8448136953d4e0dfaff9dad0c06/transformed/jetified-common-9.8.7-runtime.jar: R8: Expected stack map table for method with non-linear control flow. In later version of R8, the method may be assumed not reachable.
WARNING: /home/toph/.gradle/caches/8.11.1/transforms/79b1d8448136953d4e0dfaff9dad0c06/transformed/jetified-common-9.8.7-runtime.jar: R8: Expected stack map table for method with non-linear control flow. In later version of R8, the method may be assumed not reachable.
WARNING: /home/toph/.gradle/caches/8.11.1/transforms/79b1d8448136953d4e0dfaff9dad0c06/transformed/jetified-common-9.8.7-runtime.jar: R8: Expected stack map table for method with non-linear control flow. In later version of R8, the method may be assumed not reachable.
WARNING: /home/toph/.gradle/caches/8.11.1/transforms/79b1d8448136953d4e0dfaff9dad0c06/transformed/jetified-common-9.8.7-runtime.jar: R8: Expected stack map table for method with non-linear control flow. In later version of R8, the method may be assumed not reachable.
WARNING: /home/toph/.gradle/caches/8.11.1/transforms/79b1d8448136953d4e0dfaff9dad0c06/transformed/jetified-common-9.8.7-runtime.jar: R8: Expected stack map table for method with non-linear control flow. In later version of R8, the method may be assumed not reachable.
WARNING: /home/toph/.gradle/caches/8.11.1/transforms/79b1d8448136953d4e0dfaff9dad0c06/transformed/jetified-common-9.8.7-runtime.jar: R8: Expected stack map table for method with non-linear control flow. In later version of R8, the method may be assumed not reachable.
WARNING: /home/toph/.gradle/caches/8.11.1/transforms/79b1d8448136953d4e0dfaff9dad0c06/transformed/jetified-common-9.8.7-runtime.jar: R8: Expected stack map table for method with non-linear control flow. In later version of R8, the method may be assumed not reachable.
WARNING: /home/toph/.gradle/caches/8.11.1/transforms/79b1d8448136953d4e0dfaff9dad0c06/transformed/jetified-common-9.8.7-runtime.jar: R8: Expected stack map table for method with non-linear control flow. In later version of R8, the method may be assumed not reachable.
WARNING: /home/toph/.gradle/caches/8.11.1/transforms/79b1d8448136953d4e0dfaff9dad0c06/transformed/jetified-common-9.8.7-runtime.jar: R8: Expected stack map table for method with non-linear control flow. In later version of R8, the method may be assumed not reachable.
WARNING: /home/toph/.gradle/caches/8.11.1/transforms/79b1d8448136953d4e0dfaff9dad0c06/transformed/jetified-common-9.8.7-runtime.jar: R8: Expected stack map table for method with non-linear control flow. In later version of R8, the method may be assumed not reachable.
WARNING: /home/toph/.gradle/caches/8.11.1/transforms/79b1d8448136953d4e0dfaff9dad0c06/transformed/jetified-common-9.8.7-runtime.jar: R8: Expected stack map table for method with non-linear control flow. In later version of R8, the method may be assumed not reachable.
WARNING: /home/toph/.gradle/caches/8.11.1/transforms/79b1d8448136953d4e0dfaff9dad0c06/transformed/jetified-common-9.8.7-runtime.jar: R8: Expected stack map table for method with non-linear control flow. In later version of R8, the method may be assumed not reachable.
WARNING: /home/toph/.gradle/caches/8.11.1/transforms/79b1d8448136953d4e0dfaff9dad0c06/transformed/jetified-common-9.8.7-runtime.jar: R8: Expected stack map table for method with non-linear control flow. In later version of R8, the method may be assumed not reachable.
WARNING: /home/toph/.gradle/caches/8.11.1/transforms/79b1d8448136953d4e0dfaff9dad0c06/transformed/jetified-common-9.8.7-runtime.jar: R8: Expected stack map table for method with non-linear control flow. In later version of R8, the method may be assumed not reachable.
WARNING: /home/toph/.gradle/caches/8.11.1/transforms/79b1d8448136953d4e0dfaff9dad0c06/transformed/jetified-common-9.8.7-runtime.jar: R8: Expected stack map table for method with non-linear control flow. In later version of R8, the method may be assumed not reachable.
WARNING: /home/toph/.gradle/caches/8.11.1/transforms/79b1d8448136953d4e0dfaff9dad0c06/transformed/jetified-common-9.8.7-runtime.jar: R8: Expected stack map table for method with non-linear control flow. In later version of R8, the method may be assumed not reachable.
WARNING: /home/toph/.gradle/caches/8.11.1/transforms/79b1d8448136953d4e0dfaff9dad0c06/transformed/jetified-common-9.8.7-runtime.jar: R8: Expected stack map table for method with non-linear control flow. In later version of R8, the method may be assumed not reachable.
WARNING: /home/toph/.gradle/caches/8.11.1/transforms/79b1d8448136953d4e0dfaff9dad0c06/transformed/jetified-common-9.8.7-runtime.jar: R8: Expected stack map table for method with non-linear control flow. In later version of R8, the method may be assumed not reachable.
WARNING: /home/toph/.gradle/caches/8.11.1/transforms/79b1d8448136953d4e0dfaff9dad0c06/transformed/jetified-common-9.8.7-runtime.jar: R8: Expected stack map table for method with non-linear control flow. In later version of R8, the method may be assumed not reachable.
WARNING: /home/toph/.gradle/caches/8.11.1/transforms/79b1d8448136953d4e0dfaff9dad0c06/transformed/jetified-common-9.8.7-runtime.jar: R8: Expected stack map table for method with non-linear control flow. In later version of R8, the method may be assumed not reachable.
WARNING: /home/toph/.gradle/caches/8.11.1/transforms/79b1d8448136953d4e0dfaff9dad0c06/transformed/jetified-common-9.8.7-runtime.jar: R8: Expected stack map table for method with non-linear control flow. In later version of R8, the method may be assumed not reachable.
WARNING: /home/toph/.gradle/caches/8.11.1/transforms/79b1d8448136953d4e0dfaff9dad0c06/transformed/jetified-common-9.8.7-runtime.jar: R8: Expected stack map table for method with non-linear control flow. In later version of R8, the method may be assumed not reachable.
WARNING: /home/toph/.gradle/caches/8.11.1/transforms/79b1d8448136953d4e0dfaff9dad0c06/transformed/jetified-common-9.8.7-runtime.jar: R8: Expected stack map table for method with non-linear control flow. In later version of R8, the method may be assumed not reachable.
WARNING: /home/toph/.gradle/caches/8.11.1/transforms/79b1d8448136953d4e0dfaff9dad0c06/transformed/jetified-common-9.8.7-runtime.jar: R8: Expected stack map table for method with non-linear control flow. In later version of R8, the method may be assumed not reachable.
WARNING: /home/toph/.gradle/caches/8.11.1/transforms/79b1d8448136953d4e0dfaff9dad0c06/transformed/jetified-common-9.8.7-runtime.jar: R8: Expected stack map table for method with non-linear control flow. In later version of R8, the method may be assumed not reachable.
WARNING: /home/toph/.gradle/caches/8.11.1/transforms/79b1d8448136953d4e0dfaff9dad0c06/transformed/jetified-common-9.8.7-runtime.jar: R8: Expected stack map table for method with non-linear control flow. In later version of R8, the method may be assumed not reachable.
WARNING: /home/toph/.gradle/caches/8.11.1/transforms/79b1d8448136953d4e0dfaff9dad0c06/transformed/jetified-common-9.8.7-runtime.jar: R8: Expected stack map table for method with non-linear control flow. In later version of R8, the method may be assumed not reachable.
WARNING: /home/toph/.gradle/caches/8.11.1/transforms/79b1d8448136953d4e0dfaff9dad0c06/transformed/jetified-common-9.8.7-runtime.jar: R8: Expected stack map table for method with non-linear control flow. In later version of R8, the method may be assumed not reachable.
WARNING: /home/toph/.gradle/caches/8.11.1/transforms/79b1d8448136953d4e0dfaff9dad0c06/transformed/jetified-common-9.8.7-runtime.jar: R8: Expected stack map table for method with non-linear control flow. In later version of R8, the method may be assumed not reachable.
WARNING: /home/toph/.gradle/caches/8.11.1/transforms/79b1d8448136953d4e0dfaff9dad0c06/transformed/jetified-common-9.8.7-runtime.jar: R8: Expected stack map table for method with non-linear control flow. In later version of R8, the method may be assumed not reachable.
WARNING: /home/toph/.gradle/caches/8.11.1/transforms/79b1d8448136953d4e0dfaff9dad0c06/transformed/jetified-common-9.8.7-runtime.jar: R8: Expected stack map table for method with non-linear control flow. In later version of R8, the method may be assumed not reachable.
WARNING: /home/toph/.gradle/caches/8.11.1/transforms/79b1d8448136953d4e0dfaff9dad0c06/transformed/jetified-common-9.8.7-runtime.jar: R8: Expected stack map table for method with non-linear control flow. In later version of R8, the method may be assumed not reachable.
WARNING: /home/toph/.gradle/caches/8.11.1/transforms/79b1d8448136953d4e0dfaff9dad0c06/transformed/jetified-common-9.8.7-runtime.jar: R8: Expected stack map table for method with non-linear control flow. In later version of R8, the method may be assumed not reachable.
WARNING: /home/toph/.gradle/caches/8.11.1/transforms/79b1d8448136953d4e0dfaff9dad0c06/transformed/jetified-common-9.8.7-runtime.jar: R8: Expected stack map table for method with non-linear control flow. In later version of R8, the method may be assumed not reachable.
WARNING: /home/toph/.gradle/caches/8.11.1/transforms/79b1d8448136953d4e0dfaff9dad0c06/transformed/jetified-common-9.8.7-runtime.jar: R8: Expected stack map table for method with non-linear control flow. In later version of R8, the method may be assumed not reachable.
WARNING: /home/toph/.gradle/caches/8.11.1/transforms/79b1d8448136953d4e0dfaff9dad0c06/transformed/jetified-common-9.8.7-runtime.jar: R8: Expected stack map table for method with non-linear control flow. In later version of R8, the method may be assumed not reachable.
WARNING: /home/toph/.gradle/caches/8.11.1/transforms/79b1d8448136953d4e0dfaff9dad0c06/transformed/jetified-common-9.8.7-runtime.jar: R8: Expected stack map table for method with non-linear control flow. In later version of R8, the method may be assumed not reachable.
WARNING: /home/toph/.gradle/caches/8.11.1/transforms/79b1d8448136953d4e0dfaff9dad0c06/transformed/jetified-common-9.8.7-runtime.jar: R8: Expected stack map table for method with non-linear control flow. In later version of R8, the method may be assumed not reachable.
WARNING: /home/toph/.gradle/caches/8.11.1/transforms/79b1d8448136953d4e0dfaff9dad0c06/transformed/jetified-common-9.8.7-runtime.jar: R8: Expected stack map table for method with non-linear control flow. In later version of R8, the method may be assumed not reachable.
WARNING: /home/toph/.gradle/caches/8.11.1/transforms/79b1d8448136953d4e0dfaff9dad0c06/transformed/jetified-common-9.8.7-runtime.jar: R8: Expected stack map table for method with non-linear control flow. In later version of R8, the method may be assumed not reachable.
WARNING: /home/toph/.gradle/caches/8.11.1/transforms/79b1d8448136953d4e0dfaff9dad0c06/transformed/jetified-common-9.8.7-runtime.jar: R8: Expected stack map table for method with non-linear control flow. In later version of R8, the method may be assumed not reachable.
WARNING: /home/toph/.gradle/caches/8.11.1/transforms/79b1d8448136953d4e0dfaff9dad0c06/transformed/jetified-common-9.8.7-runtime.jar: R8: Expected stack map table for method with non-linear control flow. In later version of R8, the method may be assumed not reachable.
WARNING: /home/toph/.gradle/caches/8.11.1/transforms/79b1d8448136953d4e0dfaff9dad0c06/transformed/jetified-common-9.8.7-runtime.jar: R8: Expected stack map table for method with non-linear control flow. In later version of R8, the method may be assumed not reachable.
WARNING: /home/toph/.gradle/caches/8.11.1/transforms/79b1d8448136953d4e0dfaff9dad0c06/transformed/jetified-common-9.8.7-runtime.jar: R8: Expected stack map table for method with non-linear control flow. In later version of R8, the method may be assumed not reachable.
WARNING: /home/toph/.gradle/caches/8.11.1/transforms/79b1d8448136953d4e0dfaff9dad0c06/transformed/jetified-common-9.8.7-runtime.jar: R8: Expected stack map table for method with non-linear control flow. In later version of R8, the method may be assumed not reachable.
WARNING: /home/toph/.gradle/caches/8.11.1/transforms/79b1d8448136953d4e0dfaff9dad0c06/transformed/jetified-common-9.8.7-runtime.jar: R8: Expected stack map table for method with non-linear control flow. In later version of R8, the method may be assumed not reachable.
WARNING: /home/toph/.gradle/caches/8.11.1/transforms/79b1d8448136953d4e0dfaff9dad0c06/transformed/jetified-common-9.8.7-runtime.jar: R8: Expected stack map table for method with non-linear control flow. In later version of R8, the method may be assumed not reachable.
WARNING: /home/toph/.gradle/caches/8.11.1/transforms/79b1d8448136953d4e0dfaff9dad0c06/transformed/jetified-common-9.8.7-runtime.jar: R8: Expected stack map table for method with non-linear control flow. In later version of R8, the method may be assumed not reachable.
WARNING: /home/toph/.gradle/caches/8.11.1/transforms/79b1d8448136953d4e0dfaff9dad0c06/transformed/jetified-common-9.8.7-runtime.jar: R8: Expected stack map table for method with non-linear control flow. In later version of R8, the method may be assumed not reachable.
WARNING: /home/toph/.gradle/caches/8.11.1/transforms/79b1d8448136953d4e0dfaff9dad0c06/transformed/jetified-common-9.8.7-runtime.jar: R8: Expected stack map table for method with non-linear control flow. In later version of R8, the method may be assumed not reachable.
WARNING: /home/toph/.gradle/caches/8.11.1/transforms/79b1d8448136953d4e0dfaff9dad0c06/transformed/jetified-common-9.8.7-runtime.jar: R8: Expected stack map table for method with non-linear control flow. In later version of R8, the method may be assumed not reachable.
WARNING: /home/toph/.gradle/caches/8.11.1/transforms/79b1d8448136953d4e0dfaff9dad0c06/transformed/jetified-common-9.8.7-runtime.jar: R8: Expected stack map table for method with non-linear control flow. In later version of R8, the method may be assumed not reachable.
WARNING: /home/toph/.gradle/caches/8.11.1/transforms/79b1d8448136953d4e0dfaff9dad0c06/transformed/jetified-common-9.8.7-runtime.jar: R8: Expected stack map table for method with non-linear control flow. In later version of R8, the method may be assumed not reachable.
WARNING: /home/toph/.gradle/caches/8.11.1/transforms/79b1d8448136953d4e0dfaff9dad0c06/transformed/jetified-common-9.8.7-runtime.jar: R8: Expected stack map table for method with non-linear control flow. In later version of R8, the method may be assumed not reachable.
WARNING: /home/toph/.gradle/caches/8.11.1/transforms/79b1d8448136953d4e0dfaff9dad0c06/transformed/jetified-common-9.8.7-runtime.jar: R8: Expected stack map table for method with non-linear control flow. In later version of R8, the method may be assumed not reachable.
WARNING: /home/toph/.gradle/caches/8.11.1/transforms/79b1d8448136953d4e0dfaff9dad0c06/transformed/jetified-common-9.8.7-runtime.jar: R8: Expected stack map table for method with non-linear control flow. In later version of R8, the method may be assumed not reachable.
WARNING: /home/toph/.gradle/caches/8.11.1/transforms/79b1d8448136953d4e0dfaff9dad0c06/transformed/jetified-common-9.8.7-runtime.jar: R8: Expected stack map table for method with non-linear control flow. In later version of R8, the method may be assumed not reachable.
WARNING: /home/toph/.gradle/caches/8.11.1/transforms/79b1d8448136953d4e0dfaff9dad0c06/transformed/jetified-common-9.8.7-runtime.jar: R8: Expected stack map table for method with non-linear control flow. In later version of R8, the method may be assumed not reachable.
WARNING: /home/toph/.gradle/caches/8.11.1/transforms/79b1d8448136953d4e0dfaff9dad0c06/transformed/jetified-common-9.8.7-runtime.jar: R8: Expected stack map table for method with non-linear control flow. In later version of R8, the method may be assumed not reachable.
WARNING: /home/toph/.gradle/caches/8.11.1/transforms/79b1d8448136953d4e0dfaff9dad0c06/transformed/jetified-common-9.8.7-runtime.jar: R8: Expected stack map table for method with non-linear control flow. In later version of R8, the method may be assumed not reachable.
WARNING: /home/toph/.gradle/caches/8.11.1/transforms/79b1d8448136953d4e0dfaff9dad0c06/transformed/jetified-common-9.8.7-runtime.jar: R8: Expected stack map table for method with non-linear control flow. In later version of R8, the method may be assumed not reachable.
WARNING: /home/toph/.gradle/caches/8.11.1/transforms/79b1d8448136953d4e0dfaff9dad0c06/transformed/jetified-common-9.8.7-runtime.jar: R8: Expected stack map table for method with non-linear control flow. In later version of R8, the method may be assumed not reachable.
WARNING: /home/toph/.gradle/caches/8.11.1/transforms/79b1d8448136953d4e0dfaff9dad0c06/transformed/jetified-common-9.8.7-runtime.jar: R8: Expected stack map table for method with non-linear control flow. In later version of R8, the method may be assumed not reachable.
WARNING: /home/toph/.gradle/caches/8.11.1/transforms/79b1d8448136953d4e0dfaff9dad0c06/transformed/jetified-common-9.8.7-runtime.jar: R8: Expected stack map table for method with non-linear control flow. In later version of R8, the method may be assumed not reachable.
WARNING: /home/toph/.gradle/caches/8.11.1/transforms/79b1d8448136953d4e0dfaff9dad0c06/transformed/jetified-common-9.8.7-runtime.jar: R8: Expected stack map table for method with non-linear control flow. In later version of R8, the method may be assumed not reachable.
WARNING: /home/toph/.gradle/caches/8.11.1/transforms/79b1d8448136953d4e0dfaff9dad0c06/transformed/jetified-common-9.8.7-runtime.jar: R8: Expected stack map table for method with non-linear control flow. In later version of R8, the method may be assumed not reachable.
WARNING: /home/toph/.gradle/caches/8.11.1/transforms/79b1d8448136953d4e0dfaff9dad0c06/transformed/jetified-common-9.8.7-runtime.jar: R8: Expected stack map table for method with non-linear control flow. In later version of R8, the method may be assumed not reachable.
WARNING: /home/toph/.gradle/caches/8.11.1/transforms/79b1d8448136953d4e0dfaff9dad0c06/transformed/jetified-common-9.8.7-runtime.jar: R8: Expected stack map table for method with non-linear control flow. In later version of R8, the method may be assumed not reachable.
WARNING: /home/toph/.gradle/caches/8.11.1/transforms/79b1d8448136953d4e0dfaff9dad0c06/transformed/jetified-common-9.8.7-runtime.jar: R8: Expected stack map table for method with non-linear control flow. In later version of R8, the method may be assumed not reachable.
WARNING: /home/toph/.gradle/caches/8.11.1/transforms/79b1d8448136953d4e0dfaff9dad0c06/transformed/jetified-common-9.8.7-runtime.jar: R8: Expected stack map table for method with non-linear control flow. In later version of R8, the method may be assumed not reachable.
WARNING: /home/toph/.gradle/caches/8.11.1/transforms/79b1d8448136953d4e0dfaff9dad0c06/transformed/jetified-common-9.8.7-runtime.jar: R8: Expected stack map table for method with non-linear control flow. In later version of R8, the method may be assumed not reachable.
WARNING: /home/toph/.gradle/caches/8.11.1/transforms/79b1d8448136953d4e0dfaff9dad0c06/transformed/jetified-common-9.8.7-runtime.jar: R8: Expected stack map table for method with non-linear control flow. In later version of R8, the method may be assumed not reachable.
WARNING: /home/toph/.gradle/caches/8.11.1/transforms/79b1d8448136953d4e0dfaff9dad0c06/transformed/jetified-common-9.8.7-runtime.jar: R8: Expected stack map table for method with non-linear control flow. In later version of R8, the method may be assumed not reachable.
WARNING: /home/toph/.gradle/caches/8.11.1/transforms/79b1d8448136953d4e0dfaff9dad0c06/transformed/jetified-common-9.8.7-runtime.jar: R8: Expected stack map table for method with non-linear control flow. In later version of R8, the method may be assumed not reachable.
WARNING: /home/toph/.gradle/caches/8.11.1/transforms/79b1d8448136953d4e0dfaff9dad0c06/transformed/jetified-common-9.8.7-runtime.jar: R8: Expected stack map table for method with non-linear control flow. In later version of R8, the method may be assumed not reachable.
WARNING: /home/toph/.gradle/caches/8.11.1/transforms/79b1d8448136953d4e0dfaff9dad0c06/transformed/jetified-common-9.8.7-runtime.jar: R8: Expected stack map table for method with non-linear control flow. In later version of R8, the method may be assumed not reachable.
WARNING: /home/toph/.gradle/caches/8.11.1/transforms/79b1d8448136953d4e0dfaff9dad0c06/transformed/jetified-common-9.8.7-runtime.jar: R8: Expected stack map table for method with non-linear control flow. In later version of R8, the method may be assumed not reachable.
WARNING: /home/toph/.gradle/caches/8.11.1/transforms/79b1d8448136953d4e0dfaff9dad0c06/transformed/jetified-common-9.8.7-runtime.jar: R8: Expected stack map table for method with non-linear control flow. In later version of R8, the method may be assumed not reachable.
WARNING: /home/toph/.gradle/caches/8.11.1/transforms/79b1d8448136953d4e0dfaff9dad0c06/transformed/jetified-common-9.8.7-runtime.jar: R8: Expected stack map table for method with non-linear control flow. In later version of R8, the method may be assumed not reachable.
WARNING: /home/toph/.gradle/caches/8.11.1/transforms/79b1d8448136953d4e0dfaff9dad0c06/transformed/jetified-common-9.8.7-runtime.jar: R8: Expected stack map table for method with non-linear control flow. In later version of R8, the method may be assumed not reachable.
WARNING: /home/toph/.gradle/caches/8.11.1/transforms/79b1d8448136953d4e0dfaff9dad0c06/transformed/jetified-common-9.8.7-runtime.jar: R8: Expected stack map table for method with non-linear control flow. In later version of R8, the method may be assumed not reachable.
WARNING: /home/toph/.gradle/caches/8.11.1/transforms/79b1d8448136953d4e0dfaff9dad0c06/transformed/jetified-common-9.8.7-runtime.jar: R8: Expected stack map table for method with non-linear control flow. In later version of R8, the method may be assumed not reachable.
WARNING: /home/toph/.gradle/caches/8.11.1/transforms/79b1d8448136953d4e0dfaff9dad0c06/transformed/jetified-common-9.8.7-runtime.jar: R8: Expected stack map table for method with non-linear control flow. In later version of R8, the method may be assumed not reachable.
WARNING: /home/toph/.gradle/caches/8.11.1/transforms/79b1d8448136953d4e0dfaff9dad0c06/transformed/jetified-common-9.8.7-runtime.jar: R8: Expected stack map table for method with non-linear control flow. In later version of R8, the method may be assumed not reachable.
WARNING: /home/toph/.gradle/caches/8.11.1/transforms/79b1d8448136953d4e0dfaff9dad0c06/transformed/jetified-common-9.8.7-runtime.jar: R8: Expected stack map table for method with non-linear control flow. In later version of R8, the method may be assumed not reachable.
WARNING: /home/toph/.gradle/caches/8.11.1/transforms/79b1d8448136953d4e0dfaff9dad0c06/transformed/jetified-common-9.8.7-runtime.jar: R8: Expected stack map table for method with non-linear control flow. In later version of R8, the method may be assumed not reachable.
WARNING: /home/toph/.gradle/caches/8.11.1/transforms/79b1d8448136953d4e0dfaff9dad0c06/transformed/jetified-common-9.8.7-runtime.jar: R8: Expected stack map table for method with non-linear control flow. In later version of R8, the method may be assumed not reachable.
WARNING: /home/toph/.gradle/caches/8.11.1/transforms/79b1d8448136953d4e0dfaff9dad0c06/transformed/jetified-common-9.8.7-runtime.jar: R8: Expected stack map table for method with non-linear control flow. In later version of R8, the method may be assumed not reachable.
WARNING: /home/toph/.gradle/caches/8.11.1/transforms/79b1d8448136953d4e0dfaff9dad0c06/transformed/jetified-common-9.8.7-runtime.jar: R8: Expected stack map table for method with non-linear control flow. In later version of R8, the method may be assumed not reachable.
WARNING: /home/toph/.gradle/caches/8.11.1/transforms/79b1d8448136953d4e0dfaff9dad0c06/transformed/jetified-common-9.8.7-runtime.jar: R8: Expected stack map table for method with non-linear control flow. In later version of R8, the method may be assumed not reachable.
WARNING: /home/toph/.gradle/caches/8.11.1/transforms/79b1d8448136953d4e0dfaff9dad0c06/transformed/jetified-common-9.8.7-runtime.jar: R8: Expected stack map table for method with non-linear control flow. In later version of R8, the method may be assumed not reachable.
WARNING: /home/toph/.gradle/caches/8.11.1/transforms/79b1d8448136953d4e0dfaff9dad0c06/transformed/jetified-common-9.8.7-runtime.jar: R8: Expected stack map table for method with non-linear control flow. In later version of R8, the method may be assumed not reachable.
WARNING: /home/toph/.gradle/caches/8.11.1/transforms/79b1d8448136953d4e0dfaff9dad0c06/transformed/jetified-common-9.8.7-runtime.jar: R8: Expected stack map table for method with non-linear control flow. In later version of R8, the method may be assumed not reachable.
WARNING: /home/toph/.gradle/caches/8.11.1/transforms/79b1d8448136953d4e0dfaff9dad0c06/transformed/jetified-common-9.8.7-runtime.jar: R8: Expected stack map table for method with non-linear control flow. In later version of R8, the method may be assumed not reachable.
WARNING: /home/toph/.gradle/caches/8.11.1/transforms/79b1d8448136953d4e0dfaff9dad0c06/transformed/jetified-common-9.8.7-runtime.jar: R8: Expected stack map table for method with non-linear control flow. In later version of R8, the method may be assumed not reachable.
WARNING: /home/toph/.gradle/caches/8.11.1/transforms/79b1d8448136953d4e0dfaff9dad0c06/transformed/jetified-common-9.8.7-runtime.jar: R8: Expected stack map table for method with non-linear control flow. In later version of R8, the method may be assumed not reachable.
WARNING: /home/toph/.gradle/caches/8.11.1/transforms/79b1d8448136953d4e0dfaff9dad0c06/transformed/jetified-common-9.8.7-runtime.jar: R8: Expected stack map table for method with non-linear control flow. In later version of R8, the method may be assumed not reachable.
WARNING: /home/toph/.gradle/caches/8.11.1/transforms/79b1d8448136953d4e0dfaff9dad0c06/transformed/jetified-common-9.8.7-runtime.jar: R8: Expected stack map table for method with non-linear control flow. In later version of R8, the method may be assumed not reachable.
WARNING: /home/toph/.gradle/caches/8.11.1/transforms/79b1d8448136953d4e0dfaff9dad0c06/transformed/jetified-common-9.8.7-runtime.jar: R8: Expected stack map table for method with non-linear control flow. In later version of R8, the method may be assumed not reachable.
WARNING: /home/toph/.gradle/caches/8.11.1/transforms/79b1d8448136953d4e0dfaff9dad0c06/transformed/jetified-common-9.8.7-runtime.jar: R8: Expected stack map table for method with non-linear control flow. In later version of R8, the method may be assumed not reachable.
WARNING: /home/toph/.gradle/caches/8.11.1/transforms/79b1d8448136953d4e0dfaff9dad0c06/transformed/jetified-common-9.8.7-runtime.jar: R8: Expected stack map table for method with non-linear control flow. In later version of R8, the method may be assumed not reachable.
WARNING: /home/toph/.gradle/caches/8.11.1/transforms/79b1d8448136953d4e0dfaff9dad0c06/transformed/jetified-common-9.8.7-runtime.jar: R8: Expected stack map table for method with non-linear control flow. In later version of R8, the method may be assumed not reachable.
WARNING: /home/toph/.gradle/caches/8.11.1/transforms/79b1d8448136953d4e0dfaff9dad0c06/transformed/jetified-common-9.8.7-runtime.jar: R8: Expected stack map table for method with non-linear control flow. In later version of R8, the method may be assumed not reachable.
WARNING: /home/toph/.gradle/caches/8.11.1/transforms/79b1d8448136953d4e0dfaff9dad0c06/transformed/jetified-common-9.8.7-runtime.jar: R8: Expected stack map table for method with non-linear control flow. In later version of R8, the method may be assumed not reachable.
WARNING: /home/toph/.gradle/caches/8.11.1/transforms/79b1d8448136953d4e0dfaff9dad0c06/transformed/jetified-common-9.8.7-runtime.jar: R8: Expected stack map table for method with non-linear control flow. In later version of R8, the method may be assumed not reachable.
WARNING: /home/toph/.gradle/caches/8.11.1/transforms/79b1d8448136953d4e0dfaff9dad0c06/transformed/jetified-common-9.8.7-runtime.jar: R8: Expected stack map table for method with non-linear control flow. In later version of R8, the method may be assumed not reachable.
WARNING: /home/toph/.gradle/caches/8.11.1/transforms/79b1d8448136953d4e0dfaff9dad0c06/transformed/jetified-common-9.8.7-runtime.jar: R8: Expected stack map table for method with non-linear control flow. In later version of R8, the method may be assumed not reachable.
WARNING: /home/toph/.gradle/caches/8.11.1/transforms/79b1d8448136953d4e0dfaff9dad0c06/transformed/jetified-common-9.8.7-runtime.jar: R8: Expected stack map table for method with non-linear control flow. In later version of R8, the method may be assumed not reachable.
WARNING: /home/toph/.gradle/caches/8.11.1/transforms/79b1d8448136953d4e0dfaff9dad0c06/transformed/jetified-common-9.8.7-runtime.jar: R8: Expected stack map table for method with non-linear control flow. In later version of R8, the method may be assumed not reachable.
WARNING: /home/toph/.gradle/caches/8.11.1/transforms/79b1d8448136953d4e0dfaff9dad0c06/transformed/jetified-common-9.8.7-runtime.jar: R8: Expected stack map table for method with non-linear control flow. In later version of R8, the method may be assumed not reachable.
WARNING: /home/toph/.gradle/caches/8.11.1/transforms/79b1d8448136953d4e0dfaff9dad0c06/transformed/jetified-common-9.8.7-runtime.jar: R8: Expected stack map table for method with non-linear control flow. In later version of R8, the method may be assumed not reachable.
WARNING: /home/toph/.gradle/caches/8.11.1/transforms/79b1d8448136953d4e0dfaff9dad0c06/transformed/jetified-common-9.8.7-runtime.jar: R8: Expected stack map table for method with non-linear control flow. In later version of R8, the method may be assumed not reachable.
WARNING: /home/toph/.gradle/caches/8.11.1/transforms/79b1d8448136953d4e0dfaff9dad0c06/transformed/jetified-common-9.8.7-runtime.jar: R8: Expected stack map table for method with non-linear control flow. In later version of R8, the method may be assumed not reachable.
WARNING: /home/toph/.gradle/caches/8.11.1/transforms/79b1d8448136953d4e0dfaff9dad0c06/transformed/jetified-common-9.8.7-runtime.jar: R8: Expected stack map table for method with non-linear control flow. In later version of R8, the method may be assumed not reachable.
WARNING: /home/toph/.gradle/caches/8.11.1/transforms/79b1d8448136953d4e0dfaff9dad0c06/transformed/jetified-common-9.8.7-runtime.jar: R8: Expected stack map table for method with non-linear control flow. In later version of R8, the method may be assumed not reachable.
WARNING: /home/toph/.gradle/caches/8.11.1/transforms/79b1d8448136953d4e0dfaff9dad0c06/transformed/jetified-common-9.8.7-runtime.jar: R8: Expected stack map table for method with non-linear control flow. In later version of R8, the method may be assumed not reachable.
WARNING: /home/toph/.gradle/caches/8.11.1/transforms/79b1d8448136953d4e0dfaff9dad0c06/transformed/jetified-common-9.8.7-runtime.jar: R8: Expected stack map table for method with non-linear control flow. In later version of R8, the method may be assumed not reachable.
WARNING: /home/toph/.gradle/caches/8.11.1/transforms/79b1d8448136953d4e0dfaff9dad0c06/transformed/jetified-common-9.8.7-runtime.jar: R8: Expected stack map table for method with non-linear control flow. In later version of R8, the method may be assumed not reachable.
WARNING: /home/toph/.gradle/caches/8.11.1/transforms/79b1d8448136953d4e0dfaff9dad0c06/transformed/jetified-common-9.8.7-runtime.jar: R8: Expected stack map table for method with non-linear control flow. In later version of R8, the method may be assumed not reachable.
WARNING: /home/toph/.gradle/caches/8.11.1/transforms/79b1d8448136953d4e0dfaff9dad0c06/transformed/jetified-common-9.8.7-runtime.jar: R8: Expected stack map table for method with non-linear control flow. In later version of R8, the method may be assumed not reachable.
WARNING: /home/toph/.gradle/caches/8.11.1/transforms/79b1d8448136953d4e0dfaff9dad0c06/transformed/jetified-common-9.8.7-runtime.jar: R8: Expected stack map table for method with non-linear control flow. In later version of R8, the method may be assumed not reachable.
WARNING: /home/toph/.gradle/caches/8.11.1/transforms/79b1d8448136953d4e0dfaff9dad0c06/transformed/jetified-common-9.8.7-runtime.jar: R8: Expected stack map table for method with non-linear control flow. In later version of R8, the method may be assumed not reachable.
WARNING: /home/toph/.gradle/caches/8.11.1/transforms/79b1d8448136953d4e0dfaff9dad0c06/transformed/jetified-common-9.8.7-runtime.jar: R8: Expected stack map table for method with non-linear control flow. In later version of R8, the method may be assumed not reachable.
WARNING: /home/toph/.gradle/caches/8.11.1/transforms/79b1d8448136953d4e0dfaff9dad0c06/transformed/jetified-common-9.8.7-runtime.jar: R8: Expected stack map table for method with non-linear control flow. In later version of R8, the method may be assumed not reachable.
WARNING: /home/toph/.gradle/caches/8.11.1/transforms/79b1d8448136953d4e0dfaff9dad0c06/transformed/jetified-common-9.8.7-runtime.jar: R8: Expected stack map table for method with non-linear control flow. In later version of R8, the method may be assumed not reachable.
WARNING: /home/toph/.gradle/caches/8.11.1/transforms/79b1d8448136953d4e0dfaff9dad0c06/transformed/jetified-common-9.8.7-runtime.jar: R8: Expected stack map table for method with non-linear control flow. In later version of R8, the method may be assumed not reachable.
WARNING: /home/toph/.gradle/caches/8.11.1/transforms/79b1d8448136953d4e0dfaff9dad0c06/transformed/jetified-common-9.8.7-runtime.jar: R8: Expected stack map table for method with non-linear control flow. In later version of R8, the method may be assumed not reachable.
WARNING: /home/toph/.gradle/caches/8.11.1/transforms/79b1d8448136953d4e0dfaff9dad0c06/transformed/jetified-common-9.8.7-runtime.jar: R8: Expected stack map table for method with non-linear control flow. In later version of R8, the method may be assumed not reachable.
WARNING: /home/toph/.gradle/caches/8.11.1/transforms/79b1d8448136953d4e0dfaff9dad0c06/transformed/jetified-common-9.8.7-runtime.jar: R8: Expected stack map table for method with non-linear control flow. In later version of R8, the method may be assumed not reachable.
WARNING: /home/toph/.gradle/caches/8.11.1/transforms/79b1d8448136953d4e0dfaff9dad0c06/transformed/jetified-common-9.8.7-runtime.jar: R8: Expected stack map table for method with non-linear control flow. In later version of R8, the method may be assumed not reachable.
WARNING: /home/toph/.gradle/caches/8.11.1/transforms/79b1d8448136953d4e0dfaff9dad0c06/transformed/jetified-common-9.8.7-runtime.jar: R8: Expected stack map table for method with non-linear control flow. In later version of R8, the method may be assumed not reachable.
WARNING: /home/toph/.gradle/caches/8.11.1/transforms/79b1d8448136953d4e0dfaff9dad0c06/transformed/jetified-common-9.8.7-runtime.jar: R8: Expected stack map table for method with non-linear control flow. In later version of R8, the method may be assumed not reachable.
WARNING: /home/toph/.gradle/caches/8.11.1/transforms/79b1d8448136953d4e0dfaff9dad0c06/transformed/jetified-common-9.8.7-runtime.jar: R8: Expected stack map table for method with non-linear control flow. In later version of R8, the method may be assumed not reachable.
WARNING: /home/toph/.gradle/caches/8.11.1/transforms/79b1d8448136953d4e0dfaff9dad0c06/transformed/jetified-common-9.8.7-runtime.jar: R8: Expected stack map table for method with non-linear control flow. In later version of R8, the method may be assumed not reachable.
WARNING: /home/toph/.gradle/caches/8.11.1/transforms/79b1d8448136953d4e0dfaff9dad0c06/transformed/jetified-common-9.8.7-runtime.jar: R8: Expected stack map table for method with non-linear control flow. In later version of R8, the method may be assumed not reachable.
WARNING: /home/toph/.gradle/caches/8.11.1/transforms/79b1d8448136953d4e0dfaff9dad0c06/transformed/jetified-common-9.8.7-runtime.jar: R8: Expected stack map table for method with non-linear control flow. In later version of R8, the method may be assumed not reachable.
WARNING: /home/toph/.gradle/caches/8.11.1/transforms/79b1d8448136953d4e0dfaff9dad0c06/transformed/jetified-common-9.8.7-runtime.jar: R8: Expected stack map table for method with non-linear control flow. In later version of R8, the method may be assumed not reachable.
WARNING: /home/toph/.gradle/caches/8.11.1/transforms/79b1d8448136953d4e0dfaff9dad0c06/transformed/jetified-common-9.8.7-runtime.jar: R8: Expected stack map table for method with non-linear control flow. In later version of R8, the method may be assumed not reachable.
WARNING: /home/toph/.gradle/caches/8.11.1/transforms/79b1d8448136953d4e0dfaff9dad0c06/transformed/jetified-common-9.8.7-runtime.jar: R8: Expected stack map table for method with non-linear control flow. In later version of R8, the method may be assumed not reachable.
WARNING: /home/toph/.gradle/caches/8.11.1/transforms/79b1d8448136953d4e0dfaff9dad0c06/transformed/jetified-common-9.8.7-runtime.jar: R8: Expected stack map table for method with non-linear control flow. In later version of R8, the method may be assumed not reachable.
WARNING: /home/toph/.gradle/caches/8.11.1/transforms/79b1d8448136953d4e0dfaff9dad0c06/transformed/jetified-common-9.8.7-runtime.jar: R8: Expected stack map table for method with non-linear control flow. In later version of R8, the method may be assumed not reachable.
WARNING: /home/toph/.gradle/caches/8.11.1/transforms/79b1d8448136953d4e0dfaff9dad0c06/transformed/jetified-common-9.8.7-runtime.jar: R8: Expected stack map table for method with non-linear control flow. In later version of R8, the method may be assumed not reachable.
WARNING: /home/toph/.gradle/caches/8.11.1/transforms/79b1d8448136953d4e0dfaff9dad0c06/transformed/jetified-common-9.8.7-runtime.jar: R8: Expected stack map table for method with non-linear control flow. In later version of R8, the method may be assumed not reachable.
WARNING: /home/toph/.gradle/caches/8.11.1/transforms/79b1d8448136953d4e0dfaff9dad0c06/transformed/jetified-common-9.8.7-runtime.jar: R8: Expected stack map table for method with non-linear control flow. In later version of R8, the method may be assumed not reachable.
WARNING: /home/toph/.gradle/caches/8.11.1/transforms/79b1d8448136953d4e0dfaff9dad0c06/transformed/jetified-common-9.8.7-runtime.jar: R8: Expected stack map table for method with non-linear control flow. In later version of R8, the method may be assumed not reachable.
WARNING: /home/toph/.gradle/caches/8.11.1/transforms/79b1d8448136953d4e0dfaff9dad0c06/transformed/jetified-common-9.8.7-runtime.jar: R8: Expected stack map table for method with non-linear control flow. In later version of R8, the method may be assumed not reachable.
WARNING: /home/toph/.gradle/caches/8.11.1/transforms/79b1d8448136953d4e0dfaff9dad0c06/transformed/jetified-common-9.8.7-runtime.jar: R8: Expected stack map table for method with non-linear control flow. In later version of R8, the method may be assumed not reachable.
WARNING: /home/toph/.gradle/caches/8.11.1/transforms/79b1d8448136953d4e0dfaff9dad0c06/transformed/jetified-common-9.8.7-runtime.jar: R8: Expected stack map table for method with non-linear control flow. In later version of R8, the method may be assumed not reachable.
WARNING: /home/toph/.gradle/caches/8.11.1/transforms/79b1d8448136953d4e0dfaff9dad0c06/transformed/jetified-common-9.8.7-runtime.jar: R8: Expected stack map table for method with non-linear control flow. In later version of R8, the method may be assumed not reachable.
WARNING: /home/toph/.gradle/caches/8.11.1/transforms/79b1d8448136953d4e0dfaff9dad0c06/transformed/jetified-common-9.8.7-runtime.jar: R8: Expected stack map table for method with non-linear control flow. In later version of R8, the method may be assumed not reachable.
WARNING: /home/toph/.gradle/caches/8.11.1/transforms/79b1d8448136953d4e0dfaff9dad0c06/transformed/jetified-common-9.8.7-runtime.jar: R8: Expected stack map table for method with non-linear control flow. In later version of R8, the method may be assumed not reachable.
WARNING: /home/toph/.gradle/caches/8.11.1/transforms/79b1d8448136953d4e0dfaff9dad0c06/transformed/jetified-common-9.8.7-runtime.jar: R8: Expected stack map table for method with non-linear control flow. In later version of R8, the method may be assumed not reachable.
WARNING: /home/toph/.gradle/caches/8.11.1/transforms/79b1d8448136953d4e0dfaff9dad0c06/transformed/jetified-common-9.8.7-runtime.jar: R8: Expected stack map table for method with non-linear control flow. In later version of R8, the method may be assumed not reachable.
WARNING: /home/toph/.gradle/caches/8.11.1/transforms/79b1d8448136953d4e0dfaff9dad0c06/transformed/jetified-common-9.8.7-runtime.jar: R8: Expected stack map table for method with non-linear control flow. In later version of R8, the method may be assumed not reachable.
WARNING: /home/toph/.gradle/caches/8.11.1/transforms/79b1d8448136953d4e0dfaff9dad0c06/transformed/jetified-common-9.8.7-runtime.jar: R8: Expected stack map table for method with non-linear control flow. In later version of R8, the method may be assumed not reachable.
WARNING: /home/toph/.gradle/caches/8.11.1/transforms/79b1d8448136953d4e0dfaff9dad0c06/transformed/jetified-common-9.8.7-runtime.jar: R8: Expected stack map table for method with non-linear control flow. In later version of R8, the method may be assumed not reachable.
WARNING: /home/toph/.gradle/caches/8.11.1/transforms/79b1d8448136953d4e0dfaff9dad0c06/transformed/jetified-common-9.8.7-runtime.jar: R8: Expected stack map table for method with non-linear control flow. In later version of R8, the method may be assumed not reachable.
WARNING: /home/toph/.gradle/caches/8.11.1/transforms/79b1d8448136953d4e0dfaff9dad0c06/transformed/jetified-common-9.8.7-runtime.jar: R8: Expected stack map table for method with non-linear control flow. In later version of R8, the method may be assumed not reachable.
WARNING: /home/toph/.gradle/caches/8.11.1/transforms/79b1d8448136953d4e0dfaff9dad0c06/transformed/jetified-common-9.8.7-runtime.jar: R8: Expected stack map table for method with non-linear control flow. In later version of R8, the method may be assumed not reachable.
WARNING: /home/toph/.gradle/caches/8.11.1/transforms/79b1d8448136953d4e0dfaff9dad0c06/transformed/jetified-common-9.8.7-runtime.jar: R8: Expected stack map table for method with non-linear control flow. In later version of R8, the method may be assumed not reachable.
WARNING: /home/toph/.gradle/caches/8.11.1/transforms/79b1d8448136953d4e0dfaff9dad0c06/transformed/jetified-common-9.8.7-runtime.jar: R8: Expected stack map table for method with non-linear control flow. In later version of R8, the method may be assumed not reachable.
WARNING: /home/toph/.gradle/caches/8.11.1/transforms/79b1d8448136953d4e0dfaff9dad0c06/transformed/jetified-common-9.8.7-runtime.jar: R8: Expected stack map table for method with non-linear control flow. In later version of R8, the method may be assumed not reachable.
WARNING: /home/toph/.gradle/caches/8.11.1/transforms/79b1d8448136953d4e0dfaff9dad0c06/transformed/jetified-common-9.8.7-runtime.jar: R8: Expected stack map table for method with non-linear control flow. In later version of R8, the method may be assumed not reachable.
WARNING: /home/toph/.gradle/caches/8.11.1/transforms/79b1d8448136953d4e0dfaff9dad0c06/transformed/jetified-common-9.8.7-runtime.jar: R8: Expected stack map table for method with non-linear control flow. In later version of R8, the method may be assumed not reachable.
WARNING: /home/toph/.gradle/caches/8.11.1/transforms/79b1d8448136953d4e0dfaff9dad0c06/transformed/jetified-common-9.8.7-runtime.jar: R8: Expected stack map table for method with non-linear control flow. In later version of R8, the method may be assumed not reachable.
WARNING: /home/toph/.gradle/caches/8.11.1/transforms/79b1d8448136953d4e0dfaff9dad0c06/transformed/jetified-common-9.8.7-runtime.jar: R8: Expected stack map table for method with non-linear control flow. In later version of R8, the method may be assumed not reachable.
WARNING: /home/toph/.gradle/caches/8.11.1/transforms/79b1d8448136953d4e0dfaff9dad0c06/transformed/jetified-common-9.8.7-runtime.jar: R8: Expected stack map table for method with non-linear control flow. In later version of R8, the method may be assumed not reachable.
WARNING: /home/toph/.gradle/caches/8.11.1/transforms/79b1d8448136953d4e0dfaff9dad0c06/transformed/jetified-common-9.8.7-runtime.jar: R8: Expected stack map table for method with non-linear control flow. In later version of R8, the method may be assumed not reachable.
WARNING: /home/toph/.gradle/caches/8.11.1/transforms/79b1d8448136953d4e0dfaff9dad0c06/transformed/jetified-common-9.8.7-runtime.jar: R8: Expected stack map table for method with non-linear control flow. In later version of R8, the method may be assumed not reachable.
WARNING: /home/toph/.gradle/caches/8.11.1/transforms/79b1d8448136953d4e0dfaff9dad0c06/transformed/jetified-common-9.8.7-runtime.jar: R8: Expected stack map table for method with non-linear control flow. In later version of R8, the method may be assumed not reachable.
WARNING: /home/toph/.gradle/caches/8.11.1/transforms/79b1d8448136953d4e0dfaff9dad0c06/transformed/jetified-common-9.8.7-runtime.jar: R8: Expected stack map table for method with non-linear control flow. In later version of R8, the method may be assumed not reachable.
WARNING: /home/toph/.gradle/caches/8.11.1/transforms/79b1d8448136953d4e0dfaff9dad0c06/transformed/jetified-common-9.8.7-runtime.jar: R8: Expected stack map table for method with non-linear control flow. In later version of R8, the method may be assumed not reachable.
WARNING: /home/toph/.gradle/caches/8.11.1/transforms/79b1d8448136953d4e0dfaff9dad0c06/transformed/jetified-common-9.8.7-runtime.jar: R8: Expected stack map table for method with non-linear control flow. In later version of R8, the method may be assumed not reachable.
WARNING: /home/toph/.gradle/caches/8.11.1/transforms/79b1d8448136953d4e0dfaff9dad0c06/transformed/jetified-common-9.8.7-runtime.jar: R8: Expected stack map table for method with non-linear control flow. In later version of R8, the method may be assumed not reachable.
WARNING: /home/toph/.gradle/caches/8.11.1/transforms/79b1d8448136953d4e0dfaff9dad0c06/transformed/jetified-common-9.8.7-runtime.jar: R8: Expected stack map table for method with non-linear control flow. In later version of R8, the method may be assumed not reachable.
WARNING: /home/toph/.gradle/caches/8.11.1/transforms/79b1d8448136953d4e0dfaff9dad0c06/transformed/jetified-common-9.8.7-runtime.jar: R8: Expected stack map table for method with non-linear control flow. In later version of R8, the method may be assumed not reachable.
WARNING: /home/toph/.gradle/caches/8.11.1/transforms/79b1d8448136953d4e0dfaff9dad0c06/transformed/jetified-common-9.8.7-runtime.jar: R8: Expected stack map table for method with non-linear control flow. In later version of R8, the method may be assumed not reachable.
WARNING: /home/toph/.gradle/caches/8.11.1/transforms/79b1d8448136953d4e0dfaff9dad0c06/transformed/jetified-common-9.8.7-runtime.jar: R8: Expected stack map table for method with non-linear control flow. In later version of R8, the method may be assumed not reachable.
WARNING: /home/toph/.gradle/caches/8.11.1/transforms/79b1d8448136953d4e0dfaff9dad0c06/transformed/jetified-common-9.8.7-runtime.jar: R8: Expected stack map table for method with non-linear control flow. In later version of R8, the method may be assumed not reachable.
WARNING: /home/toph/.gradle/caches/8.11.1/transforms/79b1d8448136953d4e0dfaff9dad0c06/transformed/jetified-common-9.8.7-runtime.jar: R8: Expected stack map table for method with non-linear control flow. In later version of R8, the method may be assumed not reachable.
WARNING: /home/toph/.gradle/caches/8.11.1/transforms/79b1d8448136953d4e0dfaff9dad0c06/transformed/jetified-common-9.8.7-runtime.jar: R8: Expected stack map table for method with non-linear control flow. In later version of R8, the method may be assumed not reachable.
WARNING: /home/toph/.gradle/caches/8.11.1/transforms/79b1d8448136953d4e0dfaff9dad0c06/transformed/jetified-common-9.8.7-runtime.jar: R8: Expected stack map table for method with non-linear control flow. In later version of R8, the method may be assumed not reachable.
WARNING: /home/toph/.gradle/caches/8.11.1/transforms/79b1d8448136953d4e0dfaff9dad0c06/transformed/jetified-common-9.8.7-runtime.jar: R8: Expected stack map table for method with non-linear control flow. In later version of R8, the method may be assumed not reachable.
WARNING: /home/toph/.gradle/caches/8.11.1/transforms/79b1d8448136953d4e0dfaff9dad0c06/transformed/jetified-common-9.8.7-runtime.jar: R8: Expected stack map table for method with non-linear control flow. In later version of R8, the method may be assumed not reachable.
WARNING: /home/toph/.gradle/caches/8.11.1/transforms/79b1d8448136953d4e0dfaff9dad0c06/transformed/jetified-common-9.8.7-runtime.jar: R8: Expected stack map table for method with non-linear control flow. In later version of R8, the method may be assumed not reachable.
WARNING: /home/toph/.gradle/caches/8.11.1/transforms/79b1d8448136953d4e0dfaff9dad0c06/transformed/jetified-common-9.8.7-runtime.jar: R8: Expected stack map table for method with non-linear control flow. In later version of R8, the method may be assumed not reachable.
WARNING: /home/toph/.gradle/caches/8.11.1/transforms/79b1d8448136953d4e0dfaff9dad0c06/transformed/jetified-common-9.8.7-runtime.jar: R8: Expected stack map table for method with non-linear control flow. In later version of R8, the method may be assumed not reachable.
WARNING: /home/toph/.gradle/caches/8.11.1/transforms/79b1d8448136953d4e0dfaff9dad0c06/transformed/jetified-common-9.8.7-runtime.jar: R8: Expected stack map table for method with non-linear control flow. In later version of R8, the method may be assumed not reachable.
WARNING: /home/toph/.gradle/caches/8.11.1/transforms/79b1d8448136953d4e0dfaff9dad0c06/transformed/jetified-common-9.8.7-runtime.jar: R8: Expected stack map table for method with non-linear control flow. In later version of R8, the method may be assumed not reachable.
WARNING: /home/toph/.gradle/caches/8.11.1/transforms/79b1d8448136953d4e0dfaff9dad0c06/transformed/jetified-common-9.8.7-runtime.jar: R8: Expected stack map table for method with non-linear control flow. In later version of R8, the method may be assumed not reachable.
WARNING: /home/toph/.gradle/caches/8.11.1/transforms/79b1d8448136953d4e0dfaff9dad0c06/transformed/jetified-common-9.8.7-runtime.jar: R8: Expected stack map table for method with non-linear control flow. In later version of R8, the method may be assumed not reachable.
WARNING: /home/toph/.gradle/caches/8.11.1/transforms/79b1d8448136953d4e0dfaff9dad0c06/transformed/jetified-common-9.8.7-runtime.jar: R8: Expected stack map table for method with non-linear control flow. In later version of R8, the method may be assumed not reachable.
WARNING: /home/toph/.gradle/caches/8.11.1/transforms/79b1d8448136953d4e0dfaff9dad0c06/transformed/jetified-common-9.8.7-runtime.jar: R8: Expected stack map table for method with non-linear control flow. In later version of R8, the method may be assumed not reachable.
WARNING: /home/toph/.gradle/caches/8.11.1/transforms/79b1d8448136953d4e0dfaff9dad0c06/transformed/jetified-common-9.8.7-runtime.jar: R8: Expected stack map table for method with non-linear control flow. In later version of R8, the method may be assumed not reachable.
WARNING: /home/toph/.gradle/caches/8.11.1/transforms/79b1d8448136953d4e0dfaff9dad0c06/transformed/jetified-common-9.8.7-runtime.jar: R8: Expected stack map table for method with non-linear control flow. In later version of R8, the method may be assumed not reachable.
WARNING: /home/toph/.gradle/caches/8.11.1/transforms/79b1d8448136953d4e0dfaff9dad0c06/transformed/jetified-common-9.8.7-runtime.jar: R8: Expected stack map table for method with non-linear control flow. In later version of R8, the method may be assumed not reachable.
WARNING: /home/toph/.gradle/caches/8.11.1/transforms/79b1d8448136953d4e0dfaff9dad0c06/transformed/jetified-common-9.8.7-runtime.jar: R8: Expected stack map table for method with non-linear control flow. In later version of R8, the method may be assumed not reachable.
WARNING: /home/toph/.gradle/caches/8.11.1/transforms/79b1d8448136953d4e0dfaff9dad0c06/transformed/jetified-common-9.8.7-runtime.jar: R8: Expected stack map table for method with non-linear control flow. In later version of R8, the method may be assumed not reachable.
WARNING: /home/toph/.gradle/caches/8.11.1/transforms/79b1d8448136953d4e0dfaff9dad0c06/transformed/jetified-common-9.8.7-runtime.jar: R8: Expected stack map table for method with non-linear control flow. In later version of R8, the method may be assumed not reachable.
WARNING: /home/toph/.gradle/caches/8.11.1/transforms/79b1d8448136953d4e0dfaff9dad0c06/transformed/jetified-common-9.8.7-runtime.jar: R8: Expected stack map table for method with non-linear control flow. In later version of R8, the method may be assumed not reachable.
WARNING: /home/toph/.gradle/caches/8.11.1/transforms/79b1d8448136953d4e0dfaff9dad0c06/transformed/jetified-common-9.8.7-runtime.jar: R8: Expected stack map table for method with non-linear control flow. In later version of R8, the method may be assumed not reachable.
WARNING: /home/toph/.gradle/caches/8.11.1/transforms/79b1d8448136953d4e0dfaff9dad0c06/transformed/jetified-common-9.8.7-runtime.jar: R8: Expected stack map table for method with non-linear control flow. In later version of R8, the method may be assumed not reachable.
WARNING: /home/toph/.gradle/caches/8.11.1/transforms/79b1d8448136953d4e0dfaff9dad0c06/transformed/jetified-common-9.8.7-runtime.jar: R8: Expected stack map table for method with non-linear control flow. In later version of R8, the method may be assumed not reachable.
WARNING: /home/toph/.gradle/caches/8.11.1/transforms/79b1d8448136953d4e0dfaff9dad0c06/transformed/jetified-common-9.8.7-runtime.jar: R8: Expected stack map table for method with non-linear control flow. In later version of R8, the method may be assumed not reachable.
WARNING: /home/toph/.gradle/caches/8.11.1/transforms/79b1d8448136953d4e0dfaff9dad0c06/transformed/jetified-common-9.8.7-runtime.jar: R8: Expected stack map table for method with non-linear control flow. In later version of R8, the method may be assumed not reachable.
WARNING: /home/toph/.gradle/caches/8.11.1/transforms/79b1d8448136953d4e0dfaff9dad0c06/transformed/jetified-common-9.8.7-runtime.jar: R8: Expected stack map table for method with non-linear control flow. In later version of R8, the method may be assumed not reachable.
WARNING: /home/toph/.gradle/caches/8.11.1/transforms/79b1d8448136953d4e0dfaff9dad0c06/transformed/jetified-common-9.8.7-runtime.jar: R8: Expected stack map table for method with non-linear control flow. In later version of R8, the method may be assumed not reachable.
WARNING: /home/toph/.gradle/caches/8.11.1/transforms/79b1d8448136953d4e0dfaff9dad0c06/transformed/jetified-common-9.8.7-runtime.jar: R8: Expected stack map table for method with non-linear control flow. In later version of R8, the method may be assumed not reachable.
WARNING: /home/toph/.gradle/caches/8.11.1/transforms/79b1d8448136953d4e0dfaff9dad0c06/transformed/jetified-common-9.8.7-runtime.jar: R8: Expected stack map table for method with non-linear control flow. In later version of R8, the method may be assumed not reachable.
WARNING: /home/toph/.gradle/caches/8.11.1/transforms/79b1d8448136953d4e0dfaff9dad0c06/transformed/jetified-common-9.8.7-runtime.jar: R8: Expected stack map table for method with non-linear control flow. In later version of R8, the method may be assumed not reachable.
WARNING: /home/toph/.gradle/caches/8.11.1/transforms/79b1d8448136953d4e0dfaff9dad0c06/transformed/jetified-common-9.8.7-runtime.jar: R8: Expected stack map table for method with non-linear control flow. In later version of R8, the method may be assumed not reachable.
WARNING: /home/toph/.gradle/caches/8.11.1/transforms/79b1d8448136953d4e0dfaff9dad0c06/transformed/jetified-common-9.8.7-runtime.jar: R8: Expected stack map table for method with non-linear control flow. In later version of R8, the method may be assumed not reachable.
WARNING: /home/toph/.gradle/caches/8.11.1/transforms/79b1d8448136953d4e0dfaff9dad0c06/transformed/jetified-common-9.8.7-runtime.jar: R8: Expected stack map table for method with non-linear control flow. In later version of R8, the method may be assumed not reachable.
WARNING: /home/toph/.gradle/caches/8.11.1/transforms/79b1d8448136953d4e0dfaff9dad0c06/transformed/jetified-common-9.8.7-runtime.jar: R8: Expected stack map table for method with non-linear control flow. In later version of R8, the method may be assumed not reachable.
WARNING: /home/toph/.gradle/caches/8.11.1/transforms/79b1d8448136953d4e0dfaff9dad0c06/transformed/jetified-common-9.8.7-runtime.jar: R8: Expected stack map table for method with non-linear control flow. In later version of R8, the method may be assumed not reachable.
WARNING: /home/toph/.gradle/caches/8.11.1/transforms/79b1d8448136953d4e0dfaff9dad0c06/transformed/jetified-common-9.8.7-runtime.jar: R8: Expected stack map table for method with non-linear control flow. In later version of R8, the method may be assumed not reachable.
WARNING: /home/toph/.gradle/caches/8.11.1/transforms/79b1d8448136953d4e0dfaff9dad0c06/transformed/jetified-common-9.8.7-runtime.jar: R8: Expected stack map table for method with non-linear control flow. In later version of R8, the method may be assumed not reachable.
WARNING: /home/toph/.gradle/caches/8.11.1/transforms/79b1d8448136953d4e0dfaff9dad0c06/transformed/jetified-common-9.8.7-runtime.jar: R8: Expected stack map table for method with non-linear control flow. In later version of R8, the method may be assumed not reachable.
WARNING: /home/toph/.gradle/caches/8.11.1/transforms/79b1d8448136953d4e0dfaff9dad0c06/transformed/jetified-common-9.8.7-runtime.jar: R8: Expected stack map table for method with non-linear control flow. In later version of R8, the method may be assumed not reachable.
WARNING: /home/toph/.gradle/caches/8.11.1/transforms/79b1d8448136953d4e0dfaff9dad0c06/transformed/jetified-common-9.8.7-runtime.jar: R8: Expected stack map table for method with non-linear control flow. In later version of R8, the method may be assumed not reachable.
WARNING: /home/toph/.gradle/caches/8.11.1/transforms/79b1d8448136953d4e0dfaff9dad0c06/transformed/jetified-common-9.8.7-runtime.jar: R8: Expected stack map table for method with non-linear control flow. In later version of R8, the method may be assumed not reachable.
WARNING: /home/toph/.gradle/caches/8.11.1/transforms/79b1d8448136953d4e0dfaff9dad0c06/transformed/jetified-common-9.8.7-runtime.jar: R8: Expected stack map table for method with non-linear control flow. In later version of R8, the method may be assumed not reachable.
WARNING: /home/toph/.gradle/caches/8.11.1/transforms/79b1d8448136953d4e0dfaff9dad0c06/transformed/jetified-common-9.8.7-runtime.jar: R8: Expected stack map table for method with non-linear control flow. In later version of R8, the method may be assumed not reachable.
WARNING: /home/toph/.gradle/caches/8.11.1/transforms/79b1d8448136953d4e0dfaff9dad0c06/transformed/jetified-common-9.8.7-runtime.jar: R8: Expected stack map table for method with non-linear control flow. In later version of R8, the method may be assumed not reachable.
WARNING: /home/toph/.gradle/caches/8.11.1/transforms/79b1d8448136953d4e0dfaff9dad0c06/transformed/jetified-common-9.8.7-runtime.jar: R8: Expected stack map table for method with non-linear control flow. In later version of R8, the method may be assumed not reachable.
WARNING: /home/toph/.gradle/caches/8.11.1/transforms/79b1d8448136953d4e0dfaff9dad0c06/transformed/jetified-common-9.8.7-runtime.jar: R8: Expected stack map table for method with non-linear control flow. In later version of R8, the method may be assumed not reachable.
WARNING: /home/toph/.gradle/caches/8.11.1/transforms/79b1d8448136953d4e0dfaff9dad0c06/transformed/jetified-common-9.8.7-runtime.jar: R8: Expected stack map table for method with non-linear control flow. In later version of R8, the method may be assumed not reachable.
WARNING: /home/toph/.gradle/caches/8.11.1/transforms/79b1d8448136953d4e0dfaff9dad0c06/transformed/jetified-common-9.8.7-runtime.jar: R8: Expected stack map table for method with non-linear control flow. In later version of R8, the method may be assumed not reachable.
WARNING: /home/toph/.gradle/caches/8.11.1/transforms/79b1d8448136953d4e0dfaff9dad0c06/transformed/jetified-common-9.8.7-runtime.jar: R8: Expected stack map table for method with non-linear control flow. In later version of R8, the method may be assumed not reachable.
WARNING: /home/toph/.gradle/caches/8.11.1/transforms/79b1d8448136953d4e0dfaff9dad0c06/transformed/jetified-common-9.8.7-runtime.jar: R8: Expected stack map table for method with non-linear control flow. In later version of R8, the method may be assumed not reachable.
WARNING: /home/toph/.gradle/caches/8.11.1/transforms/79b1d8448136953d4e0dfaff9dad0c06/transformed/jetified-common-9.8.7-runtime.jar: R8: Expected stack map table for method with non-linear control flow. In later version of R8, the method may be assumed not reachable.
WARNING: /home/toph/.gradle/caches/8.11.1/transforms/79b1d8448136953d4e0dfaff9dad0c06/transformed/jetified-common-9.8.7-runtime.jar: R8: Expected stack map table for method with non-linear control flow. In later version of R8, the method may be assumed not reachable.
WARNING: /home/toph/.gradle/caches/8.11.1/transforms/79b1d8448136953d4e0dfaff9dad0c06/transformed/jetified-common-9.8.7-runtime.jar: R8: Expected stack map table for method with non-linear control flow. In later version of R8, the method may be assumed not reachable.
WARNING: /home/toph/.gradle/caches/8.11.1/transforms/79b1d8448136953d4e0dfaff9dad0c06/transformed/jetified-common-9.8.7-runtime.jar: R8: Expected stack map table for method with non-linear control flow. In later version of R8, the method may be assumed not reachable.
WARNING: /home/toph/.gradle/caches/8.11.1/transforms/79b1d8448136953d4e0dfaff9dad0c06/transformed/jetified-common-9.8.7-runtime.jar: R8: Expected stack map table for method with non-linear control flow. In later version of R8, the method may be assumed not reachable.
WARNING: /home/toph/.gradle/caches/8.11.1/transforms/79b1d8448136953d4e0dfaff9dad0c06/transformed/jetified-common-9.8.7-runtime.jar: R8: Expected stack map table for method with non-linear control flow. In later version of R8, the method may be assumed not reachable.
WARNING: /home/toph/.gradle/caches/8.11.1/transforms/79b1d8448136953d4e0dfaff9dad0c06/transformed/jetified-common-9.8.7-runtime.jar: R8: Expected stack map table for method with non-linear control flow. In later version of R8, the method may be assumed not reachable.
WARNING: /home/toph/.gradle/caches/8.11.1/transforms/79b1d8448136953d4e0dfaff9dad0c06/transformed/jetified-common-9.8.7-runtime.jar: R8: Expected stack map table for method with non-linear control flow. In later version of R8, the method may be assumed not reachable.
WARNING: /home/toph/.gradle/caches/8.11.1/transforms/79b1d8448136953d4e0dfaff9dad0c06/transformed/jetified-common-9.8.7-runtime.jar: R8: Expected stack map table for method with non-linear control flow. In later version of R8, the method may be assumed not reachable.
WARNING: /home/toph/.gradle/caches/8.11.1/transforms/79b1d8448136953d4e0dfaff9dad0c06/transformed/jetified-common-9.8.7-runtime.jar: R8: Expected stack map table for method with non-linear control flow. In later version of R8, the method may be assumed not reachable.
WARNING: /home/toph/.gradle/caches/8.11.1/transforms/79b1d8448136953d4e0dfaff9dad0c06/transformed/jetified-common-9.8.7-runtime.jar: R8: Expected stack map table for method with non-linear control flow. In later version of R8, the method may be assumed not reachable.
WARNING: /home/toph/.gradle/caches/8.11.1/transforms/79b1d8448136953d4e0dfaff9dad0c06/transformed/jetified-common-9.8.7-runtime.jar: R8: Expected stack map table for method with non-linear control flow. In later version of R8, the method may be assumed not reachable.
WARNING: /home/toph/.gradle/caches/8.11.1/transforms/79b1d8448136953d4e0dfaff9dad0c06/transformed/jetified-common-9.8.7-runtime.jar: R8: Expected stack map table for method with non-linear control flow. In later version of R8, the method may be assumed not reachable.
WARNING: /home/toph/.gradle/caches/8.11.1/transforms/79b1d8448136953d4e0dfaff9dad0c06/transformed/jetified-common-9.8.7-runtime.jar: R8: Expected stack map table for method with non-linear control flow. In later version of R8, the method may be assumed not reachable.
WARNING: /home/toph/.gradle/caches/8.11.1/transforms/79b1d8448136953d4e0dfaff9dad0c06/transformed/jetified-common-9.8.7-runtime.jar: R8: Expected stack map table for method with non-linear control flow. In later version of R8, the method may be assumed not reachable.
WARNING: /home/toph/.gradle/caches/8.11.1/transforms/79b1d8448136953d4e0dfaff9dad0c06/transformed/jetified-common-9.8.7-runtime.jar: R8: Expected stack map table for method with non-linear control flow. In later version of R8, the method may be assumed not reachable.
WARNING: /home/toph/.gradle/caches/8.11.1/transforms/79b1d8448136953d4e0dfaff9dad0c06/transformed/jetified-common-9.8.7-runtime.jar: R8: Expected stack map table for method with non-linear control flow. In later version of R8, the method may be assumed not reachable.
WARNING: /home/toph/.gradle/caches/8.11.1/transforms/79b1d8448136953d4e0dfaff9dad0c06/transformed/jetified-common-9.8.7-runtime.jar: R8: Expected stack map table for method with non-linear control flow. In later version of R8, the method may be assumed not reachable.
WARNING: /home/toph/.gradle/caches/8.11.1/transforms/79b1d8448136953d4e0dfaff9dad0c06/transformed/jetified-common-9.8.7-runtime.jar: R8: Expected stack map table for method with non-linear control flow. In later version of R8, the method may be assumed not reachable.
WARNING: /home/toph/.gradle/caches/8.11.1/transforms/79b1d8448136953d4e0dfaff9dad0c06/transformed/jetified-common-9.8.7-runtime.jar: R8: Expected stack map table for method with non-linear control flow. In later version of R8, the method may be assumed not reachable.
WARNING: /home/toph/.gradle/caches/8.11.1/transforms/79b1d8448136953d4e0dfaff9dad0c06/transformed/jetified-common-9.8.7-runtime.jar: R8: Expected stack map table for method with non-linear control flow. In later version of R8, the method may be assumed not reachable.
WARNING: /home/toph/.gradle/caches/8.11.1/transforms/79b1d8448136953d4e0dfaff9dad0c06/transformed/jetified-common-9.8.7-runtime.jar: R8: Expected stack map table for method with non-linear control flow. In later version of R8, the method may be assumed not reachable.
WARNING: /home/toph/.gradle/caches/8.11.1/transforms/79b1d8448136953d4e0dfaff9dad0c06/transformed/jetified-common-9.8.7-runtime.jar: R8: Expected stack map table for method with non-linear control flow. In later version of R8, the method may be assumed not reachable.
WARNING: /home/toph/.gradle/caches/8.11.1/transforms/79b1d8448136953d4e0dfaff9dad0c06/transformed/jetified-common-9.8.7-runtime.jar: R8: Expected stack map table for method with non-linear control flow. In later version of R8, the method may be assumed not reachable.
WARNING: /home/toph/.gradle/caches/8.11.1/transforms/79b1d8448136953d4e0dfaff9dad0c06/transformed/jetified-common-9.8.7-runtime.jar: R8: Expected stack map table for method with non-linear control flow. In later version of R8, the method may be assumed not reachable.
WARNING: /home/toph/.gradle/caches/8.11.1/transforms/79b1d8448136953d4e0dfaff9dad0c06/transformed/jetified-common-9.8.7-runtime.jar: R8: Expected stack map table for method with non-linear control flow. In later version of R8, the method may be assumed not reachable.
WARNING: /home/toph/.gradle/caches/8.11.1/transforms/79b1d8448136953d4e0dfaff9dad0c06/transformed/jetified-common-9.8.7-runtime.jar: R8: Expected stack map table for method with non-linear control flow. In later version of R8, the method may be assumed not reachable.
WARNING: /home/toph/.gradle/caches/8.11.1/transforms/79b1d8448136953d4e0dfaff9dad0c06/transformed/jetified-common-9.8.7-runtime.jar: R8: Expected stack map table for method with non-linear control flow. In later version of R8, the method may be assumed not reachable.
WARNING: /home/toph/.gradle/caches/8.11.1/transforms/79b1d8448136953d4e0dfaff9dad0c06/transformed/jetified-common-9.8.7-runtime.jar: R8: Expected stack map table for method with non-linear control flow. In later version of R8, the method may be assumed not reachable.
WARNING: /home/toph/.gradle/caches/8.11.1/transforms/79b1d8448136953d4e0dfaff9dad0c06/transformed/jetified-common-9.8.7-runtime.jar: R8: Expected stack map table for method with non-linear control flow. In later version of R8, the method may be assumed not reachable.
WARNING: /home/toph/.gradle/caches/8.11.1/transforms/79b1d8448136953d4e0dfaff9dad0c06/transformed/jetified-common-9.8.7-runtime.jar: R8: Expected stack map table for method with non-linear control flow. In later version of R8, the method may be assumed not reachable.
WARNING: /home/toph/.gradle/caches/8.11.1/transforms/79b1d8448136953d4e0dfaff9dad0c06/transformed/jetified-common-9.8.7-runtime.jar: R8: Expected stack map table for method with non-linear control flow. In later version of R8, the method may be assumed not reachable.
WARNING: /home/toph/.gradle/caches/8.11.1/transforms/79b1d8448136953d4e0dfaff9dad0c06/transformed/jetified-common-9.8.7-runtime.jar: R8: Expected stack map table for method with non-linear control flow. In later version of R8, the method may be assumed not reachable.
WARNING: /home/toph/.gradle/caches/8.11.1/transforms/79b1d8448136953d4e0dfaff9dad0c06/transformed/jetified-common-9.8.7-runtime.jar: R8: Expected stack map table for method with non-linear control flow. In later version of R8, the method may be assumed not reachable.
WARNING: /home/toph/.gradle/caches/8.11.1/transforms/79b1d8448136953d4e0dfaff9dad0c06/transformed/jetified-common-9.8.7-runtime.jar: R8: Expected stack map table for method with non-linear control flow. In later version of R8, the method may be assumed not reachable.
WARNING: /home/toph/.gradle/caches/8.11.1/transforms/79b1d8448136953d4e0dfaff9dad0c06/transformed/jetified-common-9.8.7-runtime.jar: R8: Expected stack map table for method with non-linear control flow. In later version of R8, the method may be assumed not reachable.
WARNING: /home/toph/.gradle/caches/8.11.1/transforms/79b1d8448136953d4e0dfaff9dad0c06/transformed/jetified-common-9.8.7-runtime.jar: R8: Expected stack map table for method with non-linear control flow. In later version of R8, the method may be assumed not reachable.
WARNING: /home/toph/.gradle/caches/8.11.1/transforms/79b1d8448136953d4e0dfaff9dad0c06/transformed/jetified-common-9.8.7-runtime.jar: R8: Expected stack map table for method with non-linear control flow. In later version of R8, the method may be assumed not reachable.
WARNING: /home/toph/.gradle/caches/8.11.1/transforms/79b1d8448136953d4e0dfaff9dad0c06/transformed/jetified-common-9.8.7-runtime.jar: R8: Expected stack map table for method with non-linear control flow. In later version of R8, the method may be assumed not reachable.
WARNING: /home/toph/.gradle/caches/8.11.1/transforms/79b1d8448136953d4e0dfaff9dad0c06/transformed/jetified-common-9.8.7-runtime.jar: R8: Expected stack map table for method with non-linear control flow. In later version of R8, the method may be assumed not reachable.
WARNING: /home/toph/.gradle/caches/8.11.1/transforms/79b1d8448136953d4e0dfaff9dad0c06/transformed/jetified-common-9.8.7-runtime.jar: R8: Expected stack map table for method with non-linear control flow. In later version of R8, the method may be assumed not reachable.
WARNING: /home/toph/.gradle/caches/8.11.1/transforms/79b1d8448136953d4e0dfaff9dad0c06/transformed/jetified-common-9.8.7-runtime.jar: R8: Expected stack map table for method with non-linear control flow. In later version of R8, the method may be assumed not reachable.
WARNING: /home/toph/.gradle/caches/8.11.1/transforms/79b1d8448136953d4e0dfaff9dad0c06/transformed/jetified-common-9.8.7-runtime.jar: R8: Expected stack map table for method with non-linear control flow. In later version of R8, the method may be assumed not reachable.
WARNING: /home/toph/.gradle/caches/8.11.1/transforms/79b1d8448136953d4e0dfaff9dad0c06/transformed/jetified-common-9.8.7-runtime.jar: R8: Expected stack map table for method with non-linear control flow. In later version of R8, the method may be assumed not reachable.
WARNING: /home/toph/.gradle/caches/8.11.1/transforms/79b1d8448136953d4e0dfaff9dad0c06/transformed/jetified-common-9.8.7-runtime.jar: R8: Expected stack map table for method with non-linear control flow. In later version of R8, the method may be assumed not reachable.
WARNING: /home/toph/.gradle/caches/8.11.1/transforms/79b1d8448136953d4e0dfaff9dad0c06/transformed/jetified-common-9.8.7-runtime.jar: R8: Expected stack map table for method with non-linear control flow. In later version of R8, the method may be assumed not reachable.
WARNING: /home/toph/.gradle/caches/8.11.1/transforms/79b1d8448136953d4e0dfaff9dad0c06/transformed/jetified-common-9.8.7-runtime.jar: R8: Expected stack map table for method with non-linear control flow. In later version of R8, the method may be assumed not reachable.
WARNING: /home/toph/.gradle/caches/8.11.1/transforms/79b1d8448136953d4e0dfaff9dad0c06/transformed/jetified-common-9.8.7-runtime.jar: R8: Expected stack map table for method with non-linear control flow. In later version of R8, the method may be assumed not reachable.
WARNING: /home/toph/.gradle/caches/8.11.1/transforms/79b1d8448136953d4e0dfaff9dad0c06/transformed/jetified-common-9.8.7-runtime.jar: R8: Expected stack map table for method with non-linear control flow. In later version of R8, the method may be assumed not reachable.
WARNING: /home/toph/.gradle/caches/8.11.1/transforms/79b1d8448136953d4e0dfaff9dad0c06/transformed/jetified-common-9.8.7-runtime.jar: R8: Expected stack map table for method with non-linear control flow. In later version of R8, the method may be assumed not reachable.
WARNING: /home/toph/.gradle/caches/8.11.1/transforms/79b1d8448136953d4e0dfaff9dad0c06/transformed/jetified-common-9.8.7-runtime.jar: R8: Expected stack map table for method with non-linear control flow. In later version of R8, the method may be assumed not reachable.
WARNING: /home/toph/.gradle/caches/8.11.1/transforms/79b1d8448136953d4e0dfaff9dad0c06/transformed/jetified-common-9.8.7-runtime.jar: R8: Expected stack map table for method with non-linear control flow. In later version of R8, the method may be assumed not reachable.
WARNING: /home/toph/.gradle/caches/8.11.1/transforms/79b1d8448136953d4e0dfaff9dad0c06/transformed/jetified-common-9.8.7-runtime.jar: R8: Expected stack map table for method with non-linear control flow. In later version of R8, the method may be assumed not reachable.
WARNING: /home/toph/.gradle/caches/8.11.1/transforms/79b1d8448136953d4e0dfaff9dad0c06/transformed/jetified-common-9.8.7-runtime.jar: R8: Expected stack map table for method with non-linear control flow. In later version of R8, the method may be assumed not reachable.
WARNING: /home/toph/.gradle/caches/8.11.1/transforms/79b1d8448136953d4e0dfaff9dad0c06/transformed/jetified-common-9.8.7-runtime.jar: R8: Expected stack map table for method with non-linear control flow. In later version of R8, the method may be assumed not reachable.
WARNING: /home/toph/.gradle/caches/8.11.1/transforms/79b1d8448136953d4e0dfaff9dad0c06/transformed/jetified-common-9.8.7-runtime.jar: R8: Expected stack map table for method with non-linear control flow. In later version of R8, the method may be assumed not reachable.
WARNING: /home/toph/.gradle/caches/8.11.1/transforms/79b1d8448136953d4e0dfaff9dad0c06/transformed/jetified-common-9.8.7-runtime.jar: R8: Expected stack map table for method with non-linear control flow. In later version of R8, the method may be assumed not reachable.
WARNING: /home/toph/.gradle/caches/8.11.1/transforms/79b1d8448136953d4e0dfaff9dad0c06/transformed/jetified-common-9.8.7-runtime.jar: R8: Expected stack map table for method with non-linear control flow. In later version of R8, the method may be assumed not reachable.
WARNING: /home/toph/.gradle/caches/8.11.1/transforms/79b1d8448136953d4e0dfaff9dad0c06/transformed/jetified-common-9.8.7-runtime.jar: R8: Expected stack map table for method with non-linear control flow. In later version of R8, the method may be assumed not reachable.
WARNING: /home/toph/.gradle/caches/8.11.1/transforms/79b1d8448136953d4e0dfaff9dad0c06/transformed/jetified-common-9.8.7-runtime.jar: R8: Expected stack map table for method with non-linear control flow. In later version of R8, the method may be assumed not reachable.
WARNING: /home/toph/.gradle/caches/8.11.1/transforms/79b1d8448136953d4e0dfaff9dad0c06/transformed/jetified-common-9.8.7-runtime.jar: R8: Expected stack map table for method with non-linear control flow. In later version of R8, the method may be assumed not reachable.
WARNING: /home/toph/.gradle/caches/8.11.1/transforms/79b1d8448136953d4e0dfaff9dad0c06/transformed/jetified-common-9.8.7-runtime.jar: R8: Expected stack map table for method with non-linear control flow. In later version of R8, the method may be assumed not reachable.
WARNING: /home/toph/.gradle/caches/8.11.1/transforms/79b1d8448136953d4e0dfaff9dad0c06/transformed/jetified-common-9.8.7-runtime.jar: R8: Expected stack map table for method with non-linear control flow. In later version of R8, the method may be assumed not reachable.
WARNING: /home/toph/.gradle/caches/8.11.1/transforms/79b1d8448136953d4e0dfaff9dad0c06/transformed/jetified-common-9.8.7-runtime.jar: R8: Expected stack map table for method with non-linear control flow. In later version of R8, the method may be assumed not reachable.
WARNING: /home/toph/.gradle/caches/8.11.1/transforms/79b1d8448136953d4e0dfaff9dad0c06/transformed/jetified-common-9.8.7-runtime.jar: R8: Expected stack map table for method with non-linear control flow. In later version of R8, the method may be assumed not reachable.
WARNING: /home/toph/.gradle/caches/8.11.1/transforms/79b1d8448136953d4e0dfaff9dad0c06/transformed/jetified-common-9.8.7-runtime.jar: R8: Expected stack map table for method with non-linear control flow. In later version of R8, the method may be assumed not reachable.
WARNING: /home/toph/.gradle/caches/8.11.1/transforms/79b1d8448136953d4e0dfaff9dad0c06/transformed/jetified-common-9.8.7-runtime.jar: R8: Expected stack map table for method with non-linear control flow. In later version of R8, the method may be assumed not reachable.
WARNING: /home/toph/.gradle/caches/8.11.1/transforms/79b1d8448136953d4e0dfaff9dad0c06/transformed/jetified-common-9.8.7-runtime.jar: R8: Expected stack map table for method with non-linear control flow. In later version of R8, the method may be assumed not reachable.
WARNING: /home/toph/.gradle/caches/8.11.1/transforms/79b1d8448136953d4e0dfaff9dad0c06/transformed/jetified-common-9.8.7-runtime.jar: R8: Expected stack map table for method with non-linear control flow. In later version of R8, the method may be assumed not reachable.
WARNING: /home/toph/.gradle/caches/8.11.1/transforms/79b1d8448136953d4e0dfaff9dad0c06/transformed/jetified-common-9.8.7-runtime.jar: R8: Expected stack map table for method with non-linear control flow. In later version of R8, the method may be assumed not reachable.
WARNING: /home/toph/.gradle/caches/8.11.1/transforms/79b1d8448136953d4e0dfaff9dad0c06/transformed/jetified-common-9.8.7-runtime.jar: R8: Expected stack map table for method with non-linear control flow. In later version of R8, the method may be assumed not reachable.
WARNING: /home/toph/.gradle/caches/8.11.1/transforms/79b1d8448136953d4e0dfaff9dad0c06/transformed/jetified-common-9.8.7-runtime.jar: R8: Expected stack map table for method with non-linear control flow. In later version of R8, the method may be assumed not reachable.
WARNING: /home/toph/.gradle/caches/8.11.1/transforms/79b1d8448136953d4e0dfaff9dad0c06/transformed/jetified-common-9.8.7-runtime.jar: R8: Expected stack map table for method with non-linear control flow. In later version of R8, the method may be assumed not reachable.
WARNING: /home/toph/.gradle/caches/8.11.1/transforms/79b1d8448136953d4e0dfaff9dad0c06/transformed/jetified-common-9.8.7-runtime.jar: R8: Expected stack map table for method with non-linear control flow. In later version of R8, the method may be assumed not reachable.
WARNING: /home/toph/.gradle/caches/8.11.1/transforms/79b1d8448136953d4e0dfaff9dad0c06/transformed/jetified-common-9.8.7-runtime.jar: R8: Expected stack map table for method with non-linear control flow. In later version of R8, the method may be assumed not reachable.
WARNING: /home/toph/.gradle/caches/8.11.1/transforms/79b1d8448136953d4e0dfaff9dad0c06/transformed/jetified-common-9.8.7-runtime.jar: R8: Expected stack map table for method with non-linear control flow. In later version of R8, the method may be assumed not reachable.
WARNING: /home/toph/.gradle/caches/8.11.1/transforms/79b1d8448136953d4e0dfaff9dad0c06/transformed/jetified-common-9.8.7-runtime.jar: R8: Expected stack map table for method with non-linear control flow. In later version of R8, the method may be assumed not reachable.
WARNING: /home/toph/.gradle/caches/8.11.1/transforms/79b1d8448136953d4e0dfaff9dad0c06/transformed/jetified-common-9.8.7-runtime.jar: R8: Expected stack map table for method with non-linear control flow. In later version of R8, the method may be assumed not reachable.
WARNING: /home/toph/.gradle/caches/8.11.1/transforms/79b1d8448136953d4e0dfaff9dad0c06/transformed/jetified-common-9.8.7-runtime.jar: R8: Expected stack map table for method with non-linear control flow. In later version of R8, the method may be assumed not reachable.
WARNING: /home/toph/.gradle/caches/8.11.1/transforms/79b1d8448136953d4e0dfaff9dad0c06/transformed/jetified-common-9.8.7-runtime.jar: R8: Expected stack map table for method with non-linear control flow. In later version of R8, the method may be assumed not reachable.
WARNING: /home/toph/.gradle/caches/8.11.1/transforms/79b1d8448136953d4e0dfaff9dad0c06/transformed/jetified-common-9.8.7-runtime.jar: R8: Expected stack map table for method with non-linear control flow. In later version of R8, the method may be assumed not reachable.
WARNING: /home/toph/.gradle/caches/8.11.1/transforms/79b1d8448136953d4e0dfaff9dad0c06/transformed/jetified-common-9.8.7-runtime.jar: R8: Expected stack map table for method with non-linear control flow. In later version of R8, the method may be assumed not reachable.
WARNING: /home/toph/.gradle/caches/8.11.1/transforms/79b1d8448136953d4e0dfaff9dad0c06/transformed/jetified-common-9.8.7-runtime.jar: R8: Expected stack map table for method with non-linear control flow. In later version of R8, the method may be assumed not reachable.
WARNING: /home/toph/.gradle/caches/8.11.1/transforms/79b1d8448136953d4e0dfaff9dad0c06/transformed/jetified-common-9.8.7-runtime.jar: R8: Expected stack map table for method with non-linear control flow. In later version of R8, the method may be assumed not reachable.
WARNING: /home/toph/.gradle/caches/8.11.1/transforms/79b1d8448136953d4e0dfaff9dad0c06/transformed/jetified-common-9.8.7-runtime.jar: R8: Expected stack map table for method with non-linear control flow. In later version of R8, the method may be assumed not reachable.
WARNING: /home/toph/.gradle/caches/8.11.1/transforms/79b1d8448136953d4e0dfaff9dad0c06/transformed/jetified-common-9.8.7-runtime.jar: R8: Expected stack map table for method with non-linear control flow. In later version of R8, the method may be assumed not reachable.
WARNING: /home/toph/.gradle/caches/8.11.1/transforms/79b1d8448136953d4e0dfaff9dad0c06/transformed/jetified-common-9.8.7-runtime.jar: R8: Expected stack map table for method with non-linear control flow. In later version of R8, the method may be assumed not reachable.
WARNING: /home/toph/.gradle/caches/8.11.1/transforms/79b1d8448136953d4e0dfaff9dad0c06/transformed/jetified-common-9.8.7-runtime.jar: R8: Expected stack map table for method with non-linear control flow. In later version of R8, the method may be assumed not reachable.
WARNING: /home/toph/.gradle/caches/8.11.1/transforms/79b1d8448136953d4e0dfaff9dad0c06/transformed/jetified-common-9.8.7-runtime.jar: R8: Expected stack map table for method with non-linear control flow. In later version of R8, the method may be assumed not reachable.
WARNING: /home/toph/.gradle/caches/8.11.1/transforms/79b1d8448136953d4e0dfaff9dad0c06/transformed/jetified-common-9.8.7-runtime.jar: R8: Expected stack map table for method with non-linear control flow. In later version of R8, the method may be assumed not reachable.
WARNING: /home/toph/.gradle/caches/8.11.1/transforms/79b1d8448136953d4e0dfaff9dad0c06/transformed/jetified-common-9.8.7-runtime.jar: R8: Expected stack map table for method with non-linear control flow. In later version of R8, the method may be assumed not reachable.
WARNING: /home/toph/.gradle/caches/8.11.1/transforms/79b1d8448136953d4e0dfaff9dad0c06/transformed/jetified-common-9.8.7-runtime.jar: R8: Expected stack map table for method with non-linear control flow. In later version of R8, the method may be assumed not reachable.
WARNING: /home/toph/.gradle/caches/8.11.1/transforms/79b1d8448136953d4e0dfaff9dad0c06/transformed/jetified-common-9.8.7-runtime.jar: R8: Expected stack map table for method with non-linear control flow. In later version of R8, the method may be assumed not reachable.
WARNING: /home/toph/.gradle/caches/8.11.1/transforms/79b1d8448136953d4e0dfaff9dad0c06/transformed/jetified-common-9.8.7-runtime.jar: R8: Expected stack map table for method with non-linear control flow. In later version of R8, the method may be assumed not reachable.
WARNING: /home/toph/.gradle/caches/8.11.1/transforms/79b1d8448136953d4e0dfaff9dad0c06/transformed/jetified-common-9.8.7-runtime.jar: R8: Expected stack map table for method with non-linear control flow. In later version of R8, the method may be assumed not reachable.
WARNING: /home/toph/.gradle/caches/8.11.1/transforms/79b1d8448136953d4e0dfaff9dad0c06/transformed/jetified-common-9.8.7-runtime.jar: R8: Expected stack map table for method with non-linear control flow. In later version of R8, the method may be assumed not reachable.
WARNING: /home/toph/.gradle/caches/8.11.1/transforms/79b1d8448136953d4e0dfaff9dad0c06/transformed/jetified-common-9.8.7-runtime.jar: R8: Expected stack map table for method with non-linear control flow. In later version of R8, the method may be assumed not reachable.
WARNING: /home/toph/.gradle/caches/8.11.1/transforms/79b1d8448136953d4e0dfaff9dad0c06/transformed/jetified-common-9.8.7-runtime.jar: R8: Expected stack map table for method with non-linear control flow. In later version of R8, the method may be assumed not reachable.
WARNING: /home/toph/.gradle/caches/8.11.1/transforms/79b1d8448136953d4e0dfaff9dad0c06/transformed/jetified-common-9.8.7-runtime.jar: R8: Expected stack map table for method with non-linear control flow. In later version of R8, the method may be assumed not reachable.
WARNING: /home/toph/.gradle/caches/8.11.1/transforms/79b1d8448136953d4e0dfaff9dad0c06/transformed/jetified-common-9.8.7-runtime.jar: R8: Expected stack map table for method with non-linear control flow. In later version of R8, the method may be assumed not reachable.
WARNING: /home/toph/.gradle/caches/8.11.1/transforms/79b1d8448136953d4e0dfaff9dad0c06/transformed/jetified-common-9.8.7-runtime.jar: R8: Expected stack map table for method with non-linear control flow. In later version of R8, the method may be assumed not reachable.
WARNING: /home/toph/.gradle/caches/8.11.1/transforms/79b1d8448136953d4e0dfaff9dad0c06/transformed/jetified-common-9.8.7-runtime.jar: R8: Expected stack map table for method with non-linear control flow. In later version of R8, the method may be assumed not reachable.
WARNING: /home/toph/.gradle/caches/8.11.1/transforms/79b1d8448136953d4e0dfaff9dad0c06/transformed/jetified-common-9.8.7-runtime.jar: R8: Expected stack map table for method with non-linear control flow. In later version of R8, the method may be assumed not reachable.
WARNING: /home/toph/.gradle/caches/8.11.1/transforms/79b1d8448136953d4e0dfaff9dad0c06/transformed/jetified-common-9.8.7-runtime.jar: R8: Expected stack map table for method with non-linear control flow. In later version of R8, the method may be assumed not reachable.
WARNING: /home/toph/.gradle/caches/8.11.1/transforms/79b1d8448136953d4e0dfaff9dad0c06/transformed/jetified-common-9.8.7-runtime.jar: R8: Expected stack map table for method with non-linear control flow. In later version of R8, the method may be assumed not reachable.
WARNING: /home/toph/.gradle/caches/8.11.1/transforms/79b1d8448136953d4e0dfaff9dad0c06/transformed/jetified-common-9.8.7-runtime.jar: R8: Expected stack map table for method with non-linear control flow. In later version of R8, the method may be assumed not reachable.
WARNING: /home/toph/.gradle/caches/8.11.1/transforms/79b1d8448136953d4e0dfaff9dad0c06/transformed/jetified-common-9.8.7-runtime.jar: R8: Expected stack map table for method with non-linear control flow. In later version of R8, the method may be assumed not reachable.
WARNING: /home/toph/.gradle/caches/8.11.1/transforms/79b1d8448136953d4e0dfaff9dad0c06/transformed/jetified-common-9.8.7-runtime.jar: R8: Expected stack map table for method with non-linear control flow. In later version of R8, the method may be assumed not reachable.
WARNING: /home/toph/.gradle/caches/8.11.1/transforms/79b1d8448136953d4e0dfaff9dad0c06/transformed/jetified-common-9.8.7-runtime.jar: R8: Expected stack map table for method with non-linear control flow. In later version of R8, the method may be assumed not reachable.
WARNING: /home/toph/.gradle/caches/8.11.1/transforms/79b1d8448136953d4e0dfaff9dad0c06/transformed/jetified-common-9.8.7-runtime.jar: R8: Expected stack map table for method with non-linear control flow. In later version of R8, the method may be assumed not reachable.
WARNING: /home/toph/.gradle/caches/8.11.1/transforms/79b1d8448136953d4e0dfaff9dad0c06/transformed/jetified-common-9.8.7-runtime.jar: R8: Expected stack map table for method with non-linear control flow. In later version of R8, the method may be assumed not reachable.
WARNING: /home/toph/.gradle/caches/8.11.1/transforms/79b1d8448136953d4e0dfaff9dad0c06/transformed/jetified-common-9.8.7-runtime.jar: R8: Expected stack map table for method with non-linear control flow. In later version of R8, the method may be assumed not reachable.
WARNING: /home/toph/.gradle/caches/8.11.1/transforms/79b1d8448136953d4e0dfaff9dad0c06/transformed/jetified-common-9.8.7-runtime.jar: R8: Expected stack map table for method with non-linear control flow. In later version of R8, the method may be assumed not reachable.
WARNING: /home/toph/.gradle/caches/8.11.1/transforms/79b1d8448136953d4e0dfaff9dad0c06/transformed/jetified-common-9.8.7-runtime.jar: R8: Expected stack map table for method with non-linear control flow. In later version of R8, the method may be assumed not reachable.
WARNING: /home/toph/.gradle/caches/8.11.1/transforms/79b1d8448136953d4e0dfaff9dad0c06/transformed/jetified-common-9.8.7-runtime.jar: R8: Expected stack map table for method with non-linear control flow. In later version of R8, the method may be assumed not reachable.
WARNING: /home/toph/.gradle/caches/8.11.1/transforms/79b1d8448136953d4e0dfaff9dad0c06/transformed/jetified-common-9.8.7-runtime.jar: R8: Expected stack map table for method with non-linear control flow. In later version of R8, the method may be assumed not reachable.
WARNING: /home/toph/.gradle/caches/8.11.1/transforms/79b1d8448136953d4e0dfaff9dad0c06/transformed/jetified-common-9.8.7-runtime.jar: R8: Expected stack map table for method with non-linear control flow. In later version of R8, the method may be assumed not reachable.
WARNING: /home/toph/.gradle/caches/8.11.1/transforms/79b1d8448136953d4e0dfaff9dad0c06/transformed/jetified-common-9.8.7-runtime.jar: R8: Expected stack map table for method with non-linear control flow. In later version of R8, the method may be assumed not reachable.
WARNING: /home/toph/.gradle/caches/8.11.1/transforms/79b1d8448136953d4e0dfaff9dad0c06/transformed/jetified-common-9.8.7-runtime.jar: R8: Expected stack map table for method with non-linear control flow. In later version of R8, the method may be assumed not reachable.
WARNING: /home/toph/.gradle/caches/8.11.1/transforms/79b1d8448136953d4e0dfaff9dad0c06/transformed/jetified-common-9.8.7-runtime.jar: R8: Expected stack map table for method with non-linear control flow. In later version of R8, the method may be assumed not reachable.
WARNING: /home/toph/.gradle/caches/8.11.1/transforms/79b1d8448136953d4e0dfaff9dad0c06/transformed/jetified-common-9.8.7-runtime.jar: R8: Expected stack map table for method with non-linear control flow. In later version of R8, the method may be assumed not reachable.
WARNING: /home/toph/.gradle/caches/8.11.1/transforms/79b1d8448136953d4e0dfaff9dad0c06/transformed/jetified-common-9.8.7-runtime.jar: R8: Expected stack map table for method with non-linear control flow. In later version of R8, the method may be assumed not reachable.
WARNING: /home/toph/.gradle/caches/8.11.1/transforms/79b1d8448136953d4e0dfaff9dad0c06/transformed/jetified-common-9.8.7-runtime.jar: R8: Expected stack map table for method with non-linear control flow. In later version of R8, the method may be assumed not reachable.
WARNING: /home/toph/.gradle/caches/8.11.1/transforms/79b1d8448136953d4e0dfaff9dad0c06/transformed/jetified-common-9.8.7-runtime.jar: R8: Expected stack map table for method with non-linear control flow. In later version of R8, the method may be assumed not reachable.
WARNING: /home/toph/.gradle/caches/8.11.1/transforms/79b1d8448136953d4e0dfaff9dad0c06/transformed/jetified-common-9.8.7-runtime.jar: R8: Expected stack map table for method with non-linear control flow. In later version of R8, the method may be assumed not reachable.
WARNING: /home/toph/.gradle/caches/8.11.1/transforms/79b1d8448136953d4e0dfaff9dad0c06/transformed/jetified-common-9.8.7-runtime.jar: R8: Expected stack map table for method with non-linear control flow. In later version of R8, the method may be assumed not reachable.
WARNING: /home/toph/.gradle/caches/8.11.1/transforms/79b1d8448136953d4e0dfaff9dad0c06/transformed/jetified-common-9.8.7-runtime.jar: R8: Expected stack map table for method with non-linear control flow. In later version of R8, the method may be assumed not reachable.
WARNING: /home/toph/.gradle/caches/8.11.1/transforms/79b1d8448136953d4e0dfaff9dad0c06/transformed/jetified-common-9.8.7-runtime.jar: R8: Expected stack map table for method with non-linear control flow. In later version of R8, the method may be assumed not reachable.
WARNING: /home/toph/.gradle/caches/8.11.1/transforms/79b1d8448136953d4e0dfaff9dad0c06/transformed/jetified-common-9.8.7-runtime.jar: R8: Expected stack map table for method with non-linear control flow. In later version of R8, the method may be assumed not reachable.
WARNING: /home/toph/.gradle/caches/8.11.1/transforms/79b1d8448136953d4e0dfaff9dad0c06/transformed/jetified-common-9.8.7-runtime.jar: R8: Expected stack map table for method with non-linear control flow. In later version of R8, the method may be assumed not reachable.
WARNING: /home/toph/.gradle/caches/8.11.1/transforms/79b1d8448136953d4e0dfaff9dad0c06/transformed/jetified-common-9.8.7-runtime.jar: R8: Expected stack map table for method with non-linear control flow. In later version of R8, the method may be assumed not reachable.
WARNING: /home/toph/.gradle/caches/8.11.1/transforms/79b1d8448136953d4e0dfaff9dad0c06/transformed/jetified-common-9.8.7-runtime.jar: R8: Expected stack map table for method with non-linear control flow. In later version of R8, the method may be assumed not reachable.
WARNING: /home/toph/.gradle/caches/8.11.1/transforms/79b1d8448136953d4e0dfaff9dad0c06/transformed/jetified-common-9.8.7-runtime.jar: R8: Expected stack map table for method with non-linear control flow. In later version of R8, the method may be assumed not reachable.
WARNING: /home/toph/.gradle/caches/8.11.1/transforms/79b1d8448136953d4e0dfaff9dad0c06/transformed/jetified-common-9.8.7-runtime.jar: R8: Expected stack map table for method with non-linear control flow. In later version of R8, the method may be assumed not reachable.
WARNING: /home/toph/.gradle/caches/8.11.1/transforms/79b1d8448136953d4e0dfaff9dad0c06/transformed/jetified-common-9.8.7-runtime.jar: R8: Expected stack map table for method with non-linear control flow. In later version of R8, the method may be assumed not reachable.
WARNING: /home/toph/.gradle/caches/8.11.1/transforms/79b1d8448136953d4e0dfaff9dad0c06/transformed/jetified-common-9.8.7-runtime.jar: R8: Expected stack map table for method with non-linear control flow. In later version of R8, the method may be assumed not reachable.
WARNING: /home/toph/.gradle/caches/8.11.1/transforms/79b1d8448136953d4e0dfaff9dad0c06/transformed/jetified-common-9.8.7-runtime.jar: R8: Expected stack map table for method with non-linear control flow. In later version of R8, the method may be assumed not reachable.
WARNING: /home/toph/.gradle/caches/8.11.1/transforms/79b1d8448136953d4e0dfaff9dad0c06/transformed/jetified-common-9.8.7-runtime.jar: R8: Expected stack map table for method with non-linear control flow. In later version of R8, the method may be assumed not reachable.
WARNING: /home/toph/.gradle/caches/8.11.1/transforms/79b1d8448136953d4e0dfaff9dad0c06/transformed/jetified-common-9.8.7-runtime.jar: R8: Expected stack map table for method with non-linear control flow. In later version of R8, the method may be assumed not reachable.
WARNING: /home/toph/.gradle/caches/8.11.1/transforms/79b1d8448136953d4e0dfaff9dad0c06/transformed/jetified-common-9.8.7-runtime.jar: R8: Expected stack map table for method with non-linear control flow. In later version of R8, the method may be assumed not reachable.
WARNING: /home/toph/.gradle/caches/8.11.1/transforms/79b1d8448136953d4e0dfaff9dad0c06/transformed/jetified-common-9.8.7-runtime.jar: R8: Expected stack map table for method with non-linear control flow. In later version of R8, the method may be assumed not reachable.
WARNING: /home/toph/.gradle/caches/8.11.1/transforms/79b1d8448136953d4e0dfaff9dad0c06/transformed/jetified-common-9.8.7-runtime.jar: R8: Expected stack map table for method with non-linear control flow. In later version of R8, the method may be assumed not reachable.
WARNING: /home/toph/.gradle/caches/8.11.1/transforms/79b1d8448136953d4e0dfaff9dad0c06/transformed/jetified-common-9.8.7-runtime.jar: R8: Expected stack map table for method with non-linear control flow. In later version of R8, the method may be assumed not reachable.
WARNING: /home/toph/.gradle/caches/8.11.1/transforms/79b1d8448136953d4e0dfaff9dad0c06/transformed/jetified-common-9.8.7-runtime.jar: R8: Expected stack map table for method with non-linear control flow. In later version of R8, the method may be assumed not reachable.
WARNING: /home/toph/.gradle/caches/8.11.1/transforms/79b1d8448136953d4e0dfaff9dad0c06/transformed/jetified-common-9.8.7-runtime.jar: R8: Expected stack map table for method with non-linear control flow. In later version of R8, the method may be assumed not reachable.
WARNING: /home/toph/.gradle/caches/8.11.1/transforms/79b1d8448136953d4e0dfaff9dad0c06/transformed/jetified-common-9.8.7-runtime.jar: R8: Expected stack map table for method with non-linear control flow. In later version of R8, the method may be assumed not reachable.
WARNING: /home/toph/.gradle/caches/8.11.1/transforms/79b1d8448136953d4e0dfaff9dad0c06/transformed/jetified-common-9.8.7-runtime.jar: R8: Expected stack map table for method with non-linear control flow. In later version of R8, the method may be assumed not reachable.
WARNING: /home/toph/.gradle/caches/8.11.1/transforms/79b1d8448136953d4e0dfaff9dad0c06/transformed/jetified-common-9.8.7-runtime.jar: R8: Expected stack map table for method with non-linear control flow. In later version of R8, the method may be assumed not reachable.
WARNING: /home/toph/.gradle/caches/8.11.1/transforms/79b1d8448136953d4e0dfaff9dad0c06/transformed/jetified-common-9.8.7-runtime.jar: R8: Expected stack map table for method with non-linear control flow. In later version of R8, the method may be assumed not reachable.
WARNING: /home/toph/.gradle/caches/8.11.1/transforms/79b1d8448136953d4e0dfaff9dad0c06/transformed/jetified-common-9.8.7-runtime.jar: R8: Expected stack map table for method with non-linear control flow. In later version of R8, the method may be assumed not reachable.
WARNING: /home/toph/.gradle/caches/8.11.1/transforms/79b1d8448136953d4e0dfaff9dad0c06/transformed/jetified-common-9.8.7-runtime.jar: R8: Expected stack map table for method with non-linear control flow. In later version of R8, the method may be assumed not reachable.
WARNING: /home/toph/.gradle/caches/8.11.1/transforms/79b1d8448136953d4e0dfaff9dad0c06/transformed/jetified-common-9.8.7-runtime.jar: R8: Expected stack map table for method with non-linear control flow. In later version of R8, the method may be assumed not reachable.
WARNING: /home/toph/.gradle/caches/8.11.1/transforms/79b1d8448136953d4e0dfaff9dad0c06/transformed/jetified-common-9.8.7-runtime.jar: R8: Expected stack map table for method with non-linear control flow. In later version of R8, the method may be assumed not reachable.
WARNING: /home/toph/.gradle/caches/8.11.1/transforms/79b1d8448136953d4e0dfaff9dad0c06/transformed/jetified-common-9.8.7-runtime.jar: R8: Expected stack map table for method with non-linear control flow. In later version of R8, the method may be assumed not reachable.
WARNING: /home/toph/.gradle/caches/8.11.1/transforms/79b1d8448136953d4e0dfaff9dad0c06/transformed/jetified-common-9.8.7-runtime.jar: R8: Expected stack map table for method with non-linear control flow. In later version of R8, the method may be assumed not reachable.
WARNING: /home/toph/.gradle/caches/8.11.1/transforms/79b1d8448136953d4e0dfaff9dad0c06/transformed/jetified-common-9.8.7-runtime.jar: R8: Expected stack map table for method with non-linear control flow. In later version of R8, the method may be assumed not reachable.
WARNING: /home/toph/.gradle/caches/8.11.1/transforms/79b1d8448136953d4e0dfaff9dad0c06/transformed/jetified-common-9.8.7-runtime.jar: R8: Expected stack map table for method with non-linear control flow. In later version of R8, the method may be assumed not reachable.
WARNING: /home/toph/.gradle/caches/8.11.1/transforms/79b1d8448136953d4e0dfaff9dad0c06/transformed/jetified-common-9.8.7-runtime.jar: R8: Expected stack map table for method with non-linear control flow. In later version of R8, the method may be assumed not reachable.
WARNING: /home/toph/.gradle/caches/8.11.1/transforms/79b1d8448136953d4e0dfaff9dad0c06/transformed/jetified-common-9.8.7-runtime.jar: R8: Expected stack map table for method with non-linear control flow. In later version of R8, the method may be assumed not reachable.
WARNING: /home/toph/.gradle/caches/8.11.1/transforms/79b1d8448136953d4e0dfaff9dad0c06/transformed/jetified-common-9.8.7-runtime.jar: R8: Expected stack map table for method with non-linear control flow. In later version of R8, the method may be assumed not reachable.
WARNING: /home/toph/.gradle/caches/8.11.1/transforms/79b1d8448136953d4e0dfaff9dad0c06/transformed/jetified-common-9.8.7-runtime.jar: R8: Expected stack map table for method with non-linear control flow. In later version of R8, the method may be assumed not reachable.
WARNING: /home/toph/.gradle/caches/8.11.1/transforms/79b1d8448136953d4e0dfaff9dad0c06/transformed/jetified-common-9.8.7-runtime.jar: R8: Expected stack map table for method with non-linear control flow. In later version of R8, the method may be assumed not reachable.
WARNING: /home/toph/.gradle/caches/8.11.1/transforms/79b1d8448136953d4e0dfaff9dad0c06/transformed/jetified-common-9.8.7-runtime.jar: R8: Expected stack map table for method with non-linear control flow. In later version of R8, the method may be assumed not reachable.
WARNING: /home/toph/.gradle/caches/8.11.1/transforms/79b1d8448136953d4e0dfaff9dad0c06/transformed/jetified-common-9.8.7-runtime.jar: R8: Expected stack map table for method with non-linear control flow. In later version of R8, the method may be assumed not reachable.
WARNING: /home/toph/.gradle/caches/8.11.1/transforms/79b1d8448136953d4e0dfaff9dad0c06/transformed/jetified-common-9.8.7-runtime.jar: R8: Expected stack map table for method with non-linear control flow. In later version of R8, the method may be assumed not reachable.
WARNING: /home/toph/.gradle/caches/8.11.1/transforms/79b1d8448136953d4e0dfaff9dad0c06/transformed/jetified-common-9.8.7-runtime.jar: R8: Expected stack map table for method with non-linear control flow. In later version of R8, the method may be assumed not reachable.
WARNING: /home/toph/.gradle/caches/8.11.1/transforms/79b1d8448136953d4e0dfaff9dad0c06/transformed/jetified-common-9.8.7-runtime.jar: R8: Expected stack map table for method with non-linear control flow. In later version of R8, the method may be assumed not reachable.
WARNING: /home/toph/.gradle/caches/8.11.1/transforms/79b1d8448136953d4e0dfaff9dad0c06/transformed/jetified-common-9.8.7-runtime.jar: R8: Expected stack map table for method with non-linear control flow. In later version of R8, the method may be assumed not reachable.
WARNING: /home/toph/.gradle/caches/8.11.1/transforms/79b1d8448136953d4e0dfaff9dad0c06/transformed/jetified-common-9.8.7-runtime.jar: R8: Expected stack map table for method with non-linear control flow. In later version of R8, the method may be assumed not reachable.
WARNING: /home/toph/.gradle/caches/8.11.1/transforms/79b1d8448136953d4e0dfaff9dad0c06/transformed/jetified-common-9.8.7-runtime.jar: R8: Expected stack map table for method with non-linear control flow. In later version of R8, the method may be assumed not reachable.
WARNING: /home/toph/.gradle/caches/8.11.1/transforms/79b1d8448136953d4e0dfaff9dad0c06/transformed/jetified-common-9.8.7-runtime.jar: R8: Expected stack map table for method with non-linear control flow. In later version of R8, the method may be assumed not reachable.
WARNING: /home/toph/.gradle/caches/8.11.1/transforms/79b1d8448136953d4e0dfaff9dad0c06/transformed/jetified-common-9.8.7-runtime.jar: R8: Expected stack map table for method with non-linear control flow. In later version of R8, the method may be assumed not reachable.
WARNING: /home/toph/.gradle/caches/8.11.1/transforms/79b1d8448136953d4e0dfaff9dad0c06/transformed/jetified-common-9.8.7-runtime.jar: R8: Expected stack map table for method with non-linear control flow. In later version of R8, the method may be assumed not reachable.
WARNING: /home/toph/.gradle/caches/8.11.1/transforms/79b1d8448136953d4e0dfaff9dad0c06/transformed/jetified-common-9.8.7-runtime.jar: R8: Expected stack map table for method with non-linear control flow. In later version of R8, the method may be assumed not reachable.
WARNING: /home/toph/.gradle/caches/8.11.1/transforms/79b1d8448136953d4e0dfaff9dad0c06/transformed/jetified-common-9.8.7-runtime.jar: R8: Expected stack map table for method with non-linear control flow. In later version of R8, the method may be assumed not reachable.
WARNING: /home/toph/.gradle/caches/8.11.1/transforms/79b1d8448136953d4e0dfaff9dad0c06/transformed/jetified-common-9.8.7-runtime.jar: R8: Expected stack map table for method with non-linear control flow. In later version of R8, the method may be assumed not reachable.
WARNING: /home/toph/.gradle/caches/8.11.1/transforms/79b1d8448136953d4e0dfaff9dad0c06/transformed/jetified-common-9.8.7-runtime.jar: R8: Expected stack map table for method with non-linear control flow. In later version of R8, the method may be assumed not reachable.
WARNING: /home/toph/.gradle/caches/8.11.1/transforms/79b1d8448136953d4e0dfaff9dad0c06/transformed/jetified-common-9.8.7-runtime.jar: R8: Expected stack map table for method with non-linear control flow. In later version of R8, the method may be assumed not reachable.
WARNING: /home/toph/.gradle/caches/8.11.1/transforms/79b1d8448136953d4e0dfaff9dad0c06/transformed/jetified-common-9.8.7-runtime.jar: R8: Expected stack map table for method with non-linear control flow. In later version of R8, the method may be assumed not reachable.
WARNING: /home/toph/.gradle/caches/8.11.1/transforms/79b1d8448136953d4e0dfaff9dad0c06/transformed/jetified-common-9.8.7-runtime.jar: R8: Expected stack map table for method with non-linear control flow. In later version of R8, the method may be assumed not reachable.
[Incubating] Problems report is available at: file:///home/toph/nga-just-works-upstream-adoption/build/reports/problems/problems-report.html

BUILD SUCCESSFUL in 3m 7s
261 actionable tasks: 176 executed, 45 from cache, 40 up-to-date
